	C_IA013_18	C_IA018_18	C_IA031_18	C_IA034_18	C_IA039_18	C_IA040_18	C_IA045_18	C_IA048_18	C_IA052_18	C_IA058_18	C_IA059_18	C_IA062_18	C_IA064_18	C_IA068_18	C_IA069_18	C_IA075_18	C_IA076_18	C_IA077_18	C_IA078_18	C_IA082_18	C_IA083_18	C_IA085_18	C_IA086_18	C_IA087_18	C_IA091_18	C_IA092_18	C_IA093_18	C_IA094_18	C_IA102_18	C_IA104_18	C_IA107_18	C_IA110_18	C_IA111_18	C_IA156_18	C_IL004_18	C_IL007_18	C_IL012_18	C_IL013_18	C_IL018_18	C_IL019_18	C_IL020_18	C_IL022_18	C_IL023_18	C_IL024_18	C_IL025_18	C_IL031_18	C_IL032_18	C_IL033_18	C_IL034_18	C_IL036_18	C_IL037_18	C_IL039_18	C_IL040_18	C_IL042_18	C_IL044_18	C_IL046_18	C_IL047_18	C_IL048_18	C_IL049_18	C_IL050_18	C_IL054_18	C_IL055_18	C_IL056_18	C_IL057_18	C_IL058_18	C_IL059_18	C_IL060_18	C_IL062_18	C_IL065_18	C_IL066_18	C_IL067_18	C_IL071_18	C_IL072_18	C_IL074_18	C_IL076_18	C_IL077_18	C_IL079_18	C_IL080_18	C_IL081_18	C_IL082_18	C_IL085_18	C_IL086_18	C_IL087_18	C_IL097_18	C_IL099_18	C_IL113_18	C_IL119_18	C_IL120_18	C_IL126_18	C_MO003_18	C_OH003_18	C_OH006_18	C_OH014_18	C_WI008_18	C_WI011_18	C_WI020_18	C_WI024_18	C_WI026_18	C_WI031_18	C_WI033_18	C_WI036_18	C_WI037_18	C_WI038_18	C_WI039_18	C_WI040_18	C_WI041_18	C_WI092_18	C_WI093_18	C_WI094_18	C_WI095_18	C_WI096_18	C_WI097_18	C_WI098_18	C_WI099_18	C_WI100_18	C_WI101_18	C_WI102_18	C_WI103_18	C_WI107_18	C_WI109_18	C_WI111_18	C_WI114_18	C_WI118_18	C_WI121_18	C_WI122_18	C_WI123_18	C_WI125_18	C_WI128_18	C_WI129_18	C_WI131_18	C_WI133_18	C_WI134_18	C_WI135_18	C_WI138_18	C_WI150_18	C_WI159_18	C_WI172_18	C_WI173_18	C_WI177_18	C_WI178_18	C_WI187_18	C_WI194_18	C_WI197_18	C_WI198_18	C_WI200_18	C_WI208_18	S_MN002_18	S_MN003_18	S_MN015_18	S_MN020_18	S_MN023_18	S_MN024_18	S_MN026_18
C_IA013_18	0.0	0.22225099744483645	0.46068867557198373	0.42708753831448304	0.5679961281365553	0.5587895464274304	0.42245503697487696	0.5920592541370914	0.5587895464274304	0.42891096637321013	0.5396490720431529	0.6163642821178199	0.5587895464274304	0.5587895464274304	0.5587895464274303	0.5638831678433074	0.5838289658683264	0.4275073690312094	0.4234644798746988	0.4270875383144828	0.42891096637321013	0.5920592541370915	0.5920592541370915	0.5602309927986003	0.5587895464274304	0.559035402429861	0.5920592541370914	0.5602309927986002	0.5587895464274305	0.5587895464274305	0.5602309927986003	0.5587895464274305	0.5587895464274304	0.7812235873071933	0.5209159421055114	0.7943933615276033	0.43127883767968545	0.4275073690312093	0.42891096637321013	0.5587895464274304	0.5679961281365555	0.5587895464274304	0.5597842210160803	0.5597842210160804	0.5920592541370915	0.42664685213368214	0.42750736903120923	0.5587895464274305	0.42891096637321013	0.4009763540794425	0.42891096637321013	0.4266468521336822	0.5299776430287977	0.5587895464274305	0.4061991691269113	0.42750736903120923	0.42891096637321013	0.5675746934385725	0.6259784521562083	0.5587895464274306	0.7095295637218895	0.5679961281365549	0.5587895464274305	0.9341185876533111	0.42891096637321013	0.5077808936358069	0.42891096637321013	0.5587895464274307	0.42891096637321013	0.4224782375214528	0.5034236986563306	0.5299776430287978	0.5587895464274306	0.536545083113093	0.42891096637321013	0.5587895464274307	0.5587895464274307	0.5866392857080268	0.4490665376610329	0.9341185876533116	0.6135324963326185	0.42708753831448293	0.42708753831448293	0.5773602530960115	0.5920592541370917	0.625978452156208	1.074893574387496	0.4224550369748771	0.6095587364262331	0.42891096637321013	0.5602309927986012	0.7112069027441219	0.6095587364262331	0.16744853109157193	4.407822924181533e-08	0.20258746206914902	4.407822924181533e-08	0.23401822997066876	0.20258746206914874	0.18134529978805938	4.407822924181533e-08	4.407822924181533e-08	4.470348358154297e-08	0.36113594278049704	4.407822924181533e-08	0.3895199947235391	0.37188279468727825	0.37342635321198203	0.28950598488725604	0.38951999472353915	0.23401822997066882	0.2222509974448329	0.21546890275503064	0.3776301386365557	0.37801516214101183	0.40465379599145057	0.3776301386365557	0.26878637120806936	0.2222509974448329	0.23401822997066893	4.407822924181533e-08	0.2222509974448329	4.407822924181533e-08	0.25269568092246	0.21546890275503058	4.4390856411679146e-08	0.21546890275503058	4.407822924181533e-08	0.2340182299706692	0.2222509974448332	0.23401822997066926	0.2529530743223012	0.41103263041917326	4.470348358154297e-08	0.2677315501400243	0.25524026129690747	0.3780151621410117	0.21546890275503078	0.2222509974448332	0.2340182299706693	0.5587895464274307	0.5825614571823124	0.5587895464274307	0.5587895464274307	0.7112069027441215	0.42891096637321036	0.37763013863655565	0.3776301386365556	0.37763013863655565	0.4289109663732103	0.5587895464274307	0.23401822997066918	0.7071608057240856
C_IA018_18	0.22225099744483645	0.0	0.4232318699840137	0.4375003931866293	0.545329681865356	0.5338509572994039	0.3743050643919328	0.5720400232451347	0.533850957299404	0.4509978620621918	0.5146574154295095	0.58363021131561	0.5338509572994037	0.533850957299404	0.5338509572994039	0.5373816594714834	0.5509016253143866	0.4493596776106236	0.4318676577767857	0.43750039318663037	0.4509978620621913	0.5720400232451354	0.5720400232451346	0.5356903220338363	0.533850957299404	0.5342808925356939	0.5720400232451344	0.5356903220338359	0.533850957299404	0.5338509572994041	0.5356903220338367	0.5338509572994038	0.5338509572994038	0.7708619928976016	0.47843252395458935	0.7817817393836098	0.4187636311445274	0.44935967761062356	0.4509978620621915	0.5338509572994039	0.5453296818653562	0.5338509572994039	0.5361922893189259	0.536192289318926	0.5720400232451347	0.435583534374758	0.4493596776106237	0.533850957299404	0.45099786206219156	0.38130141034129655	0.45099786206219145	0.43558353437475816	0.5154861443480785	0.533850957299404	0.43451262121367185	0.4493596776106236	0.4509978620621915	0.5449464580187761	0.6112233285597436	0.5338509572994041	0.6443824534966809	0.5453296818653554	0.5338509572994041	0.9202596946382872	0.4509978620621914	0.48422459254379896	0.4509978620621915	0.5338509572994041	0.4509978620621915	0.40851948791557224	0.4793838826558133	0.5154861443480785	0.5338509572994041	0.5100020832170042	0.4509978620621914	0.5338509572994041	0.5338509572994041	0.563671845643845	0.4366385801254445	0.9202596946382878	0.5961032785855552	0.4375003931866302	0.4375003931866302	0.5438868903583697	0.5720400232451348	0.6112233285597433	0.9734279200423779	0.37430506439193295	0.5911881896111496	0.4509978620621915	0.5356903220338369	0.7012092174135738	0.5911881896111496	0.2678847605754847	0.22225099744483293	0.14474535978886802	0.22225099744483284	0.06921403890606086	0.1447453597888683	0.23096783279546976	0.22225099744483284	0.2222509974448326	0.22225099744483268	0.3029712350776364	0.22225099744483318	0.31329966995943703	0.2947966693505452	0.2987731756867127	0.2150850376123824	0.31329966995943703	0.06921403890606216	4.857184294762201e-08	0.10194782644255317	0.30556365690014886	0.31308384561524594	0.33842323926766543	0.3055636569001488	0.16651280047097627	4.81411444461734e-08	0.06921403890606036	0.22225099744483212	4.81411444461734e-08	0.22225099744483243	0.1724115056849067	0.1019478264425535	0.2222509974448333	0.10194782644255324	0.22225099744483218	0.06921403890606347	4.842856192443709e-08	0.06921403890606406	0.3097952676673428	0.3278550395060941	0.2222509974448322	0.17898831908435728	0.17322793638615946	0.31308384561524555	0.10194782644255507	5.025691376340405e-08	0.06921403890606095	0.5338509572994041	0.5592908971717999	0.5338509572994039	0.5338509572994035	0.7012092174135731	0.4509978620621919	0.30556365690014897	0.30556365690014886	0.30556365690014886	0.45099786206219183	0.5338509572994041	0.06921403890606156	0.6656359764634052
C_IA031_18	0.46068867557198373	0.4232318699840137	0.0	0.2286714425246946	0.2882742525642399	0.24623138929749946	0.15611456261522624	0.36079065794734005	0.24623138929749958	0.24088293309820327	0.6377930964277798	0.28997842556308506	0.2462313892974996	0.24623138929749974	0.2462313892974996	0.24851335011643683	0.43993050125379446	0.23496283745204327	0.225231567451743	0.22867144252469337	0.24088293309820358	0.3607906579473397	0.3607906579473398	0.25445992508970616	0.2462313892974998	0.2458600147103258	0.3607906579473397	0.25445992508970605	0.2462313892974999	0.2462313892974996	0.2544599250897063	0.24623138929749958	0.24623138929749958	0.5443676108659236	0.2901275580221857	0.5614044952302383	0.24697603740968796	0.23496283745204333	0.24088293309820358	0.24623138929749908	0.28827425256424033	0.2462313892974991	0.2559891627623266	0.2559891627623267	0.36079065794733944	0.23648642873801695	0.23496283745204327	0.24623138929749894	0.24088293309820366	0.328158168467521	0.2408829330982036	0.23648642873801717	0.3195043144456246	0.24623138929749896	0.33633525877205234	0.23496283745204335	0.24088293309820366	0.2870420941333998	0.37216572045676105	0.24623138929749888	0.40988687472492025	0.2882742525642385	0.2462313892974989	0.6058866082476598	0.24088293309820372	0.3053614320612696	0.24088293309820374	0.246231389297499	0.24088293309820366	0.2216208212880652	0.2925439155698511	0.31950431444562455	0.2462313892974989	0.1914714505081322	0.24088293309820374	0.24623138929749888	0.2462313892974989	0.3012108582399316	0.33015973750696703	0.6058866082476598	0.3755259911402049	0.2286714425246938	0.22867144252469376	0.44405463971843234	0.3607906579473395	0.37216572045676044	0.7036098499200721	0.1561145626152269	0.37390592409560164	0.24088293309820386	0.2544599250897067	0.4366468951797725	0.3739059240956017	0.5036386976343635	0.46068867557198234	0.438750100838353	0.46068867557198234	0.42573301401785224	0.43875010083835275	0.474471239985212	0.4606886755719824	0.4606886755719823	0.4606886755719823	0.3885536310008498	0.46068867557198234	0.3830977891681626	0.40300432420065513	0.40078628412092926	0.4238518656982122	0.38309778916816273	0.42573301401785213	0.4232318699840137	0.4318558591119297	0.4055236236351666	0.4051936017750418	0.404785845185342	0.40552362363516653	0.47224543558953586	0.4232318699840136	0.4257330140178521	0.46068867557198223	0.4232318699840135	0.4606886755719823	0.420714851196274	0.43185585911192953	0.4606886755719822	0.43185585911192953	0.46068867557198223	0.42573301401785213	0.4232318699840135	0.42573301401785213	0.5511637557127096	0.40153406470327413	0.4606886755719823	0.4708656516236193	0.4236212552576261	0.4051936017750414	0.43185585911192964	0.4232318699840137	0.42573301401785224	0.24623138929749863	0.25475505687817945	0.2462313892974986	0.2462313892974986	0.4366468951797706	0.24088293309820386	0.4055236236351661	0.40552362363516603	0.4055236236351661	0.24088293309820372	0.24623138929749872	0.4257330140178523	0.8006742182790741
C_IA034_18	0.42708753831448304	0.4375003931866293	0.2286714425246946	0.0	0.2215556380716618	0.1782256363899341	0.181332713916194	0.27546584766573823	0.1782256363899335	0.08794616702313514	0.7236546760993404	0.24389901117576443	0.17822563638993322	0.17822563638993386	0.17822563638993305	0.18336541183922161	0.35878402283264027	0.07904185418125015	0.11921617489690456	2.837096566656198e-08	0.08794616702313411	0.27546584766573967	0.27546584766573967	0.17096223813236164	0.17822563638993305	0.18037078455272432	0.27546584766573906	0.17096223813236117	0.17822563638993338	0.17822563638993358	0.17096223813236225	0.1782256363899335	0.1782256363899339	0.47480224859100517	0.26930315976430685	0.4835107547293508	0.1973451385865716	0.0790418541812499	0.08794616702313356	0.17822563638993372	0.2215556380716615	0.17822563638993394	0.18924929658081993	0.18924929658082007	0.2754658476657399	0.1304992380123663	0.07904185418124966	0.17822563638993444	0.08794616702313345	0.27285490284892283	0.08794616702313332	0.13049923801236651	0.208471570466619	0.17822563638993463	0.18793955133327037	0.07904185418124915	0.08794616702313349	0.2231066028229175	0.2875144580618971	0.17822563638993497	0.37786382653589096	0.22155563807166054	0.178225636389935	0.6144364473113656	0.08794616702313345	0.23930229879433332	0.08794616702313324	0.17822563638993516	0.08794616702313317	0.17818136397806078	0.23037231751216636	0.20847157046661935	0.17822563638993522	0.29621863341968396	0.08794616702313313	0.17822563638993533	0.17822563638993535	0.23954943509584212	0.330713132041176	0.6144364473113663	0.28513619866302997	2.3413086477623387e-08	2.26600562419676e-08	0.35601279863475765	0.27546584766574106	0.28751445806189674	0.7199845849449924	0.18133271391619432	0.2891519698909675	0.0879461670231327	0.17096223813236605	0.36286039759117955	0.2891519698909674	0.4679885419589785	0.42708753831448126	0.43378082096359866	0.42708753831448115	0.43989864381329147	0.4337808209635984	0.4687591018949765	0.42708753831448126	0.42708753831448126	0.42708753831448126	0.39697460445641847	0.42708753831448143	0.3533357594642992	0.42768194195828746	0.42791904473858866	0.4503043187522441	0.35333575946429924	0.4398986438132915	0.4375003931866276	0.44304989995988864	0.4328928428830058	0.43144610704571273	0.4649250751694436	0.4328928428830057	0.480841096984577	0.4375003931866277	0.43989864381329175	0.4270875383144814	0.43750039318662776	0.42708753831448143	0.47219538797504557	0.44304989995988875	0.42708753831448143	0.44304989995988875	0.4270875383144813	0.43989864381329186	0.43750039318662787	0.4398986438132918	0.5340087748174577	0.38340364667796006	0.42708753831448143	0.47596979284346475	0.47465802391162804	0.43144610704571296	0.44304989995988875	0.4375003931866278	0.43989864381329186	0.17822563638993574	0.20980802747638158	0.17822563638993572	0.17822563638993585	0.3628603975911805	0.08794616702313372	0.4328928428830059	0.43289284288300584	0.4328928428830059	0.08794616702313349	0.17822563638993585	0.43989864381329186	0.8734549251697341
C_IA039_18	0.5679961281365553	0.545329681865356	0.2882742525642399	0.2215556380716618	0.0	0.1191087311848256	0.24737658856600106	0.20879425761884107	0.11910873118482432	0.21349808495655284	0.8385772186297381	0.19249821203876655	0.11910873118482519	0.1191087311848258	0.11910873118482417	0.11884572894476339	0.2999576344512535	0.21431058305653708	0.2188960855781255	0.22155563807166123	0.21349808495655315	0.20879425761884332	0.20879425761884343	0.14647292802373	0.1191087311848242	0.13419916800027315	0.2087942576188428	0.14647292802373063	0.11910873118482565	0.11910873118482583	0.14647292802373116	0.1191087311848266	0.11910873118482662	0.35624822949985546	0.3073738420765982	0.3713036869229645	0.2359925520778456	0.2143105830565367	0.2134980849565526	0.1191087311848272	1.5359765386647212e-08	0.1191087311848275	0.11272200470207021	0.11272200470207089	0.20879425761884415	0.21986670477670425	0.21431058305653625	0.11910873118482904	0.21349808495655226	0.29795349832706874	0.21349808495655237	0.21986670477670406	0.17996671210403437	0.11910873118482944	0.2875815957810838	0.21431058305653614	0.2134980849565522	0.09838241014492506	0.20509549986774034	0.11910873118483	0.30149490365349807	1.666000468656264e-08	0.11910873118482988	0.48494287743223746	0.21349808495655204	0.2699661019495312	0.2134980849565521	0.1191087311848305	0.21349808495655226	0.2277008634635507	0.2688516890926757	0.17996671210403506	0.11910873118483073	0.3422791140973353	0.21349808495655218	0.11910873118483131	0.1191087311848311	0.08420325273602072	0.3413665730950211	0.48494287743223846	0.22733178182790498	0.22155563807166062	0.2215556380716606	0.29805203284529586	0.2087942576188464	0.20509549986774028	0.6167549665654484	0.24737658856600045	0.21587234655832457	0.21349808495655176	0.14647292802373818	0.261332237240829	0.21587234655832443	0.6001417485220193	0.5679961281365536	0.5533867336161773	0.5679961281365535	0.5467752825997452	0.553386733616177	0.5807380132697914	0.5679961281365536	0.5679961281365536	0.5679961281365536	0.4140060894282226	0.5679961281365535	0.40404548407639823	0.45387961861311305	0.4531906944159281	0.5381895447491127	0.4040454840763983	0.5467752825997452	0.5453296818653526	0.5492455162580328	0.47136587336925106	0.4286469734803678	0.5000600804171711	0.4713658733692511	0.5839643597305245	0.5453296818653528	0.5467752825997455	0.567996128136554	0.5453296818653529	0.567996128136554	0.5758878193663359	0.5492455162580331	0.5679961281365539	0.549245516258033	0.5679961281365539	0.5467752825997458	0.5453296818653531	0.5467752825997456	0.6681126843853569	0.45999877974807224	0.5679961281365539	0.5802853055914827	0.5788151666819668	0.42864697348036834	0.5492455162580329	0.545329681865353	0.5467752825997458	0.1191087311848325	0.1686335649561136	0.11910873118483256	0.11910873118483349	0.2613322372408322	0.21349808495655298	0.47136587336925145	0.47136587336925145	0.47136587336925145	0.21349808495655323	0.11910873118483267	0.5467752825997454	0.9668034147236181
C_IA040_18	0.5587895464274304	0.5338509572994039	0.24623138929749946	0.1782256363899341	0.1191087311848256	0.0	0.21500715692053046	0.2302712736489573	1.580506819158526e-08	0.17013769450699062	0.797191917522632	0.1297915056798802	1.1780402288468106e-08	1.235539015514925e-08	1.0536712127723509e-08	0.013241322026867647	0.32344710302321544	0.16953198141284503	0.1747316556936039	0.1782256363899325	0.1701376945069904	0.2302712736489574	0.23027127364895708	0.077276775424428	1.2904784139758924e-08	0.03965255032557388	0.23027127364895691	0.07727677542442746	1.666000468656264e-08	1.1780402288468106e-08	0.07727677542442768	1.4427987285731051e-08	1.3938759963117321e-08	0.383933562234325	0.2841057236072407	0.39642115961754154	0.21582184529077889	0.16953198141284467	0.1701376945069903	1.2904784139758924e-08	0.11910873118482575	1.235539015514925e-08	0.07145978065631628	0.07145978065631672	0.2302712736489571	0.17848828802582384	0.16953198141284453	1.2630087147454087e-08	0.17013769450699034	0.28196403889272115	0.17013769450699026	0.17848828802582406	0.14960994969166225	1.3938759963117321e-08	0.252830309066087	0.1695319814128446	0.1701376945069904	0.13023186830483063	0.22155235507157753	1.235539015514925e-08	0.25705890844885315	0.1191087311848226	1.3431725187092979e-08	0.4943298560087229	0.17013769450699037	0.23575490736269272	0.17013769450699043	1.3431725187092979e-08	0.17013769450699034	0.20295439126100523	0.2329504071278936	0.14960994969166228	1.235539015514925e-08	0.29895270707217925	0.17013769450699037	1.235539015514925e-08	1.2904784139758924e-08	0.13606239010117605	0.32068002580360133	0.4943298560087231	0.23945022579236241	0.1782256363899328	0.17822563638993283	0.3246391036628356	0.23027127364895733	0.22155235507157672	0.5900669533088051	0.21500715692053032	0.2373945877274739	0.17013769450699046	0.07727677542443177	0.2883597348972432	0.23739458772747396	0.5933299036839796	0.5587895464274292	0.5414246022659581	0.5587895464274293	0.5363005004359686	0.541424602265958	0.5684901775361544	0.5587895464274293	0.5587895464274292	0.5587895464274293	0.42944553168063454	0.5587895464274292	0.39083675338455104	0.47087358879353175	0.47036277901049006	0.5310399111782289	0.3908367533845511	0.5363005004359684	0.5338509572994032	0.5350797314882321	0.4808325394168511	0.4612974834447814	0.5069820131821875	0.4808325394168511	0.567565634297435	0.5338509572994031	0.5363005004359686	0.5587895464274292	0.5338509572994031	0.5587895464274292	0.5581077546101396	0.535079731488232	0.5587895464274291	0.535079731488232	0.5587895464274292	0.5363005004359684	0.5338509572994031	0.5363005004359684	0.662798866237284	0.44653294805196814	0.5587895464274292	0.5638159604188704	0.5607423279501377	0.46129748344478116	0.5350797314882318	0.5338509572994031	0.5363005004359687	1.2904784139758924e-08	0.12698962740605008	1.1175870895385742e-08	1.368524257510515e-08	0.2883597348972417	0.1701376945069905	0.48083253941685083	0.48083253941685083	0.48083253941685083	0.17013769450699054	1.235539015514925e-08	0.5363005004359686	0.9354065638401282
C_IA045_18	0.42245503697487696	0.3743050643919328	0.15611456261522624	0.181332713916194	0.24737658856600106	0.21500715692053046	0.0	0.33008944370314425	0.2150071569205299	0.202077529890899	0.6516256407695193	0.2609218318450314	0.21500715692052996	0.21500715692053032	0.2150071569205298	0.217621138739426	0.3997168261496359	0.1944416040479178	0.1815334549746297	0.18133271391619393	0.20207752989089914	0.3300894437031448	0.330089443703145	0.22131863246733594	0.2150071569205297	0.2158215195409673	0.33008944370314475	0.22131863246733594	0.21500715692053005	0.21500715692053013	0.22131863246733632	0.21500715692053013	0.2150071569205302	0.49668142766037304	0.21080507983674618	0.5114286778000778	0.20683730691592409	0.19444160404791733	0.20207752989089872	0.21500715692053013	0.24737658856600114	0.21500715692053018	0.2216918709614553	0.22169187096145543	0.33008944370314514	0.1956373311413183	0.19444160404791708	0.21500715692053057	0.2020775298908987	0.279773310540151	0.20207752989089872	0.1956373311413183	0.275064173070635	0.21500715692053068	0.2879450011801903	0.194441604047917	0.20207752989089872	0.25298335341427136	0.3406717214820216	0.21500715692053096	0.37394984891631144	0.24737658856600012	0.2150071569205309	0.6314510360063404	0.20207752989089864	0.2497145190096452	0.20207752989089864	0.21500715692053096	0.20207752989089867	0.17649872865728455	0.23503804750369844	0.27506417307063524	0.215007156920531	0.2538172208615678	0.20207752989089872	0.2150071569205311	0.21500715692053113	0.2638673337933961	0.34071588088507604	0.631451036006341	0.34599918110907624	0.18133271391619374	0.1813327139161937	0.401832566234022	0.3300894437031458	0.3406717214820213	0.7018953725773907	1.580506819158526e-08	0.34272516151301247	0.2020775298908986	0.22131863246733882	0.4123519475616597	0.34272516151301247	0.4607956399500049	0.4224550369748751	0.39455197755491445	0.42245503697487513	0.3763582111488474	0.3945519775549142	0.43326761805134684	0.4224550369748752	0.4224550369748752	0.42245503697487524	0.3408361130037936	0.4224550369748751	0.3262639214267047	0.35387346607637793	0.354798970592374	0.38251563340447864	0.3262639214267048	0.37635821114884743	0.37430506439193034	0.38439652543238	0.36001926231534326	0.3625014663585314	0.39918654156007655	0.3600192623153432	0.42719157267110747	0.3743050643919304	0.3763582111488476	0.4224550369748752	0.37430506439193045	0.42245503697487524	0.4206483310255489	0.38439652543238	0.4224550369748751	0.38439652543238	0.4224550369748752	0.3763582111488477	0.37430506439193056	0.37635821114884754	0.5320572457920334	0.3573350235649032	0.42245503697487524	0.4205370424526484	0.42333384146881897	0.3625014663585316	0.38439652543238	0.37430506439193056	0.37635821114884777	0.21500715692053135	0.25167089142992516	0.21500715692053132	0.21500715692053152	0.4123519475616597	0.20207752989089925	0.3600192623153432	0.3600192623153432	0.36001926231534326	0.20207752989089933	0.2150071569205314	0.3763582111488475	0.785455113385483
C_IA048_18	0.5920592541370914	0.5720400232451347	0.36079065794734005	0.27546584766573823	0.20879425761884107	0.2302712736489573	0.33008944370314425	0.0	0.23027127364895714	0.28117393809598656	0.909039329409097	0.28521670139111316	0.23027127364895716	0.23027127364895716	0.23027127364895703	0.23046085553492543	0.20825469362570145	0.27839323620779766	0.2749884264776421	0.2754658476657378	0.28117393809598673	1.4901161193847656e-08	1.8250120749944284e-08	0.20953716018298885	0.23027127364895728	0.22360545779672036	1.580506819158526e-08	0.20953716018298899	0.23027127364895764	0.23027127364895716	0.20953716018298899	0.23027127364895694	0.23027127364895728	0.35408349100269054	0.39518912256145194	0.36504993039120454	0.29166144262933613	0.2783932362077977	0.28117393809598656	0.230271273648957	0.2087942576188406	0.230271273648957	0.2031049714245698	0.20310497142456987	1.3938759963117321e-08	0.280739040808926	0.27839323620779766	0.23027127364895694	0.2811739380959866	0.34414486262750477	0.2811739380959866	0.2807390408089262	0.2705837375352272	0.230271273648957	0.3410031987809905	0.27839323620779766	0.2811739380959866	0.17031317364668935	0.09910569155564192	0.230271273648957	0.3695828709333298	0.20879425761883857	0.23027127364895694	0.501079272505053	0.2811739380959867	0.33766904971753614	0.2811739380959866	0.23027127364895694	0.28117393809598656	0.2771463965070496	0.33005885851805705	0.2705837375352273	0.230271273648957	0.4143704796834929	0.2811739380959866	0.23027127364895694	0.230271273648957	0.23008438373089704	0.39892368580063764	0.5010792725050532	0.1095923881222579	0.2754658476657382	0.2754658476657382	0.19913570610131073	1.580506819158526e-08	0.0991056915556401	0.6604141531364283	0.33008944370314436	0.08856555049639667	0.2811739380959867	0.20953716018299007	0.23852111212514243	0.08856555049639689	0.6229002383676564	0.5920592541370902	0.5778125113401783	0.5920592541370902	0.5748579527395346	0.5778125113401781	0.6047066988623733	0.5920592541370902	0.5920592541370902	0.5920592541370902	0.45103911434332805	0.5920592541370902	0.44408956772647845	0.46186391981593916	0.4613026283326667	0.5678677359379223	0.4440895677264785	0.5748579527395344	0.5720400232451337	0.573640421865571	0.46603167022533976	0.46349781393935924	0.4986487678330659	0.46603167022533964	0.6071704660919317	0.5720400232451337	0.5748579527395346	0.5920592541370902	0.5720400232451337	0.5920592541370902	0.600319059370677	0.5736404218655708	0.5920592541370902	0.5736404218655708	0.5920592541370902	0.5748579527395343	0.5720400232451336	0.5748579527395343	0.6872524151284485	0.4677062986915295	0.5920592541370903	0.603801750792709	0.6030256362410387	0.46349781393935896	0.5736404218655707	0.5720400232451337	0.5748579527395346	0.23027127364895683	0.19055371393591133	0.23027127364895683	0.23027127364895694	0.23852111212513968	0.2811739380959867	0.46603167022533937	0.4660316702253393	0.46603167022533937	0.2811739380959867	0.2302712736489569	0.5748579527395346	1.094610470685739
C_IA052_18	0.5587895464274304	0.533850957299404	0.24623138929749958	0.1782256363899335	0.11910873118482432	1.580506819158526e-08	0.2150071569205299	0.23027127364895714	0.0	0.17013769450699007	0.797191917522632	0.1297915056798803	1.666000468656264e-08	1.5582416789116236e-08	1.3938759963117321e-08	0.013241322026814457	0.3234471030232164	0.16953198141284537	0.17473165569360402	0.1782256363899319	0.17013769450699026	0.230271273648957	0.23027127364895733	0.07727677542442912	1.3431725187092979e-08	0.03965255032555866	0.23027127364895705	0.07727677542442957	1.971238338250362e-08	1.666000468656264e-08	0.0772767754244297	1.7071424778386354e-08	1.766951248633889e-08	0.38393356223432495	0.2841057236072409	0.3964211596175415	0.21582184529077938	0.16953198141284515	0.17013769450699018	1.235539015514925e-08	0.11910873118482464	1.2904784139758924e-08	0.07145978065631894	0.07145978065631894	0.23027127364895716	0.17848828802582317	0.16953198141284498	1.316825466342595e-08	0.17013769450699032	0.28196403889272076	0.17013769450699032	0.17848828802582342	0.14960994969166225	1.4427987285731051e-08	0.25283030906608756	0.1695319814128451	0.1701376945069903	0.13023186830483	0.22155235507157675	1.3938759963117321e-08	0.25705890844885326	0.11910873118482122	1.235539015514925e-08	0.494329856008723	0.17013769450699026	0.23575490736269272	0.17013769450699034	1.3431725187092979e-08	0.1701376945069903	0.20295439126100578	0.2329504071278921	0.14960994969166252	1.4664574239789354e-08	0.29895270707217925	0.17013769450699034	1.4901161193847656e-08	1.580506819158526e-08	0.13606239010117901	0.3206800258036013	0.49432985600872315	0.23945022579236303	0.17822563638993222	0.17822563638993222	0.32463910366283516	0.23027127364895736	0.221552355071576	0.5900669533088051	0.21500715692053002	0.23739458772747307	0.1701376945069904	0.07727677542443258	0.288359734897243	0.2373945877274731	0.5933299036839796	0.5587895464274292	0.5414246022659585	0.5587895464274293	0.5363005004359686	0.5414246022659583	0.5684901775361546	0.5587895464274292	0.5587895464274292	0.5587895464274293	0.42944553168063454	0.5587895464274292	0.3908367533845513	0.4708735887935317	0.4703627790104903	0.5310399111782291	0.3908367533845514	0.5363005004359686	0.5338509572994031	0.535079731488232	0.4808325394168509	0.4612974834447813	0.5069820131821883	0.48083253941685083	0.5675656342974349	0.533850957299403	0.5363005004359686	0.5587895464274292	0.533850957299403	0.5587895464274292	0.5581077546101386	0.535079731488232	0.5587895464274291	0.535079731488232	0.5587895464274292	0.5363005004359684	0.5338509572994029	0.5363005004359686	0.6627988662372839	0.4465329480519679	0.5587895464274292	0.5638159604188704	0.5607423279501381	0.4612974834447811	0.5350797314882318	0.533850957299403	0.5363005004359686	1.5582416789116236e-08	0.12698962740604844	1.580506819158526e-08	1.7272292552104722e-08	0.28835973489724154	0.1701376945069906	0.4808325394168508	0.4808325394168507	0.4808325394168508	0.1701376945069905	1.623816394634796e-08	0.5363005004359687	0.9354065638401283
C_IA058_18	0.42891096637321013	0.4509978620621918	0.24088293309820327	0.08794616702313514	0.21349808495655284	0.17013769450699062	0.202077529890899	0.28117393809598656	0.17013769450699007	0.0	0.7285800230691087	0.24281993705966834	0.17013769450699073	0.17013769450699073	0.17013769450699034	0.17619084159411297	0.362617765766068	0.04459583214204513	0.10188711214107368	0.08794616702313234	1.235539015514925e-08	0.28117393809598695	0.28117393809598695	0.18478471360451612	0.17013769450699034	0.17411729555916466	0.28117393809598695	0.18478471360451623	0.17013769450699096	0.1701376945069906	0.1847847136045164	0.17013769450699073	0.1701376945069908	0.4747405497854257	0.2799509904283262	0.48782463306176566	0.15751197258368044	0.044595832142044815	1.235539015514925e-08	0.17013769450699054	0.21349808495655337	0.1701376945069905	0.1832386219247529	0.18323862192475307	0.2811739380959869	0.09235559928075755	0.04459583214204404	0.17013769450699073	1.1925861256890577e-08	0.2406234592782587	1.235539015514925e-08	0.0923555992807577	0.1956655050729535	0.1701376945069908	0.17103767307850806	0.04459583214204392	1.235539015514925e-08	0.21697523111346761	0.28859426449167536	0.17013769450699084	0.3786613521857513	0.21349808495655173	0.17013769450699073	0.6120107482849353	1.2213355190231148e-08	0.20876079906248138	1.3687590562458214e-08	0.17013769450699104	1.3431725187092979e-08	0.15628398218368147	0.21171670904947745	0.19566550507295372	0.17013769450699112	0.30057393178575054	1.235539015514925e-08	0.17013769450699115	0.1701376945069912	0.23206188248862777	0.282027076316995	0.6120107482849357	0.29132755093695967	0.08794616702313332	0.08794616702313332	0.3574107371425795	0.28117393809598745	0.28859426449167475	0.7218155492784513	0.20207752989089933	0.29157937122750976	1.235539015514925e-08	0.18478471360451862	0.35824725075735764	0.2915793712275098	0.46904797528640074	0.42891096637320864	0.43474556339866927	0.42891096637320875	0.45970266938011634	0.43474556339866904	0.47057557723936394	0.42891096637320864	0.42891096637320875	0.4289109663732088	0.40275619680253383	0.42891096637320875	0.36446913497688443	0.4421843028400468	0.44211458976113327	0.4492632066583092	0.36446913497688443	0.45970266938011645	0.45099786206219006	0.44431459524372774	0.45263317682573506	0.43447775516515824	0.48165218959104134	0.45263317682573506	0.48132131953150714	0.45099786206219006	0.45970266938011645	0.42891096637320864	0.45099786206219006	0.4289109663732087	0.4727844556773892	0.4443145952437277	0.4289109663732086	0.4443145952437277	0.42891096637320864	0.45970266938011656	0.4509978620621902	0.4597026693801165	0.5367540259354079	0.41879834249794823	0.42891096637320864	0.4769556765779178	0.47556481627263064	0.43447775516515813	0.4443145952437276	0.45099786206219017	0.45970266938011667	0.1701376945069912	0.21606734225543778	0.1701376945069913	0.17013769450699143	0.35824725075735714	1.4901161193847656e-08	0.45263317682573506	0.452633176825735	0.45263317682573506	1.5132200726561175e-08	0.17013769450699123	0.45970266938011656	0.8773628398644131
C_IA059_18	0.5396490720431529	0.5146574154295095	0.6377930964277798	0.7236546760993404	0.8385772186297381	0.797191917522632	0.6516256407695193	0.909039329409097	0.797191917522632	0.7285800230691087	0.0	0.8203516707865558	0.7971919175226319	0.7971919175226319	0.7971919175226319	0.8002042445903129	0.9151639693909975	0.7276847677403068	0.7191827439355704	0.7236546760993402	0.7285800230691089	0.9090393294090973	0.9090393294090972	0.808022573701763	0.797191917522632	0.797459568984932	0.9090393294090972	0.8080225737017629	0.797191917522632	0.797191917522632	0.808022573701763	0.797191917522632	0.797191917522632	1.0074314480816016	0.7602245866138805	1.0121317708441795	0.710578570493841	0.7276847677403068	0.728580023069109	0.7971919175226319	0.8385772186297381	0.7971919175226319	0.8096479185753376	0.8096479185753377	0.9090393294090973	0.7213993870471466	0.7276847677403068	0.7971919175226319	0.728580023069109	0.6833658859554838	0.728580023069109	0.7213993870471467	0.7908193453188122	0.797191917522632	0.7128553887496297	0.7276847677403068	0.728580023069109	0.8380223446497012	0.921008862351551	0.797191917522632	0.8730030463813588	0.8385772186297377	0.797191917522632	1.0717851328416859	0.7285800230691089	0.7670317839831933	0.728580023069109	0.797191917522632	0.728580023069109	0.7044067726313616	0.7637628211816984	0.7908193453188123	0.7971919175226319	0.6694201029058874	0.728580023069109	0.797191917522632	0.797191917522632	0.8593365388705477	0.6805141914061658	1.0717851328416863	0.9180149139765963	0.7236546760993402	0.7236546760993402	0.9357092086900095	0.9090393294090977	0.9210088623515509	1.136695502894577	0.6516256407695193	0.9375309611753888	0.728580023069109	0.8080225737017634	1.0333634497431097	0.9375309611753888	0.5604080816812474	0.5396490720431512	0.5089512133227605	0.5396490720431513	0.5214669520808191	0.5089512133227604	0.5579304301795227	0.5396490720431513	0.5396490720431513	0.5396490720431513	0.608894781009698	0.5396490720431513	0.6132881994233217	0.6150894560119838	0.6139864240153421	0.5760138719729244	0.6132881994233218	0.5214669520808191	0.5146574154295069	0.5072986096296117	0.6145090711295343	0.6193769717559512	0.6104449545666938	0.6145090711295343	0.5521676630888317	0.5146574154295069	0.5214669520808188	0.5396490720431512	0.5146574154295069	0.5396490720431512	0.49218536383233824	0.5072986096296117	0.5396490720431512	0.5072986096296117	0.5396490720431513	0.521466952080819	0.514657415429507	0.5214669520808191	0.6305586919411978	0.604029831443748	0.5396490720431513	0.5265051545509984	0.4946019540023399	0.6193769717559511	0.5072986096296118	0.514657415429507	0.5214669520808192	0.797191917522632	0.8264505103762712	0.797191917522632	0.797191917522632	1.033363449743109	0.728580023069109	0.6145090711295341	0.6145090711295341	0.6145090711295341	0.728580023069109	0.797191917522632	0.5214669520808193	0.4733191498414675
C_IA062_18	0.6163642821178199	0.58363021131561	0.28997842556308506	0.24389901117576443	0.19249821203876655	0.1297915056798802	0.2609218318450314	0.28521670139111316	0.1297915056798803	0.24281993705966834	0.8203516707865558	0.0	0.12979150567987913	0.12979150567987935	0.12979150567987913	0.12943304277007464	0.38286170823200344	0.24067917628529595	0.24029894497629936	0.2438990111757638	0.24281993705966778	0.2852167013911131	0.28521670139111316	0.15964703630923474	0.12979150567987943	0.13572817953069496	0.28521670139111305	0.15964703630923477	0.12979150567988032	0.12979150567987927	0.15964703630923488	0.12979150567987915	0.12979150567987924	0.4129199973495786	0.2872316144054514	0.4147755586320433	0.2753301278540362	0.24067917628529586	0.2428199370596677	0.12979150567987893	0.19249821203876516	0.129791505679879	0.15158626376417333	0.15158626376417356	0.285216701391113	0.24579031129217224	0.24067917628529578	0.12979150567987874	0.24281993705966784	0.34881873524845797	0.2428199370596679	0.2457903112921725	0.2333571539147487	0.12979150567987865	0.3243997928737183	0.24067917628529578	0.24281993705966792	0.19669831750552202	0.25394956551390674	0.12979150567987874	0.25657968379177337	0.19249821203876297	0.1297915056798787	0.5049724767761034	0.24281993705966798	0.24385736432775101	0.24281993705966798	0.1297915056798784	0.24281993705966795	0.2614577083870768	0.2372190658447238	0.23335715391474887	0.1297915056798784	0.28898922699037244	0.24281993705966798	0.12979150567987832	0.12979150567987835	0.20082448945658388	0.37700439493867316	0.5049724767761035	0.26402322737631434	0.2438990111757642	0.2438990111757642	0.38845327718819717	0.28521670139111305	0.2539495655139059	0.5719649492603844	0.2609218318450314	0.2967063766459096	0.24281993705966795	0.15964703630923618	0.3068843711972683	0.29670637664590965	0.6267239535864982	0.6163642821178188	0.5963869493835068	0.6163642821178189	0.5840902295349495	0.5963869493835067	0.6179754164032787	0.6163642821178188	0.6163642821178188	0.6163642821178189	0.49091119911237846	0.6163642821178188	0.4628078170149881	0.5269335484944054	0.5261796404708133	0.5690465064723484	0.46280781701498813	0.5840902295349494	0.583630211315609	0.5863165619932681	0.5341780086215712	0.5181665996334502	0.5599516418809043	0.5341780086215712	0.6168898215260383	0.583630211315609	0.5840902295349494	0.6163642821178187	0.5836302113156089	0.6163642821178188	0.6094339602322645	0.586316561993268	0.6163642821178188	0.586316561993268	0.6163642821178188	0.5840902295349493	0.583630211315609	0.5840902295349494	0.721356141326331	0.5063228410107355	0.6163642821178188	0.5998477544065993	0.6121111105928885	0.5181665996334501	0.5863165619932679	0.5836302113156089	0.5840902295349494	0.129791505679879	0.18573438538703302	0.12979150567987888	0.12979150567987902	0.30688437119726697	0.24281993705966798	0.5341780086215709	0.5341780086215709	0.5341780086215709	0.24281993705966806	0.12979150567987893	0.5840902295349495	0.9567679412557614
C_IA064_18	0.5587895464274304	0.5338509572994037	0.2462313892974996	0.17822563638993322	0.11910873118482519	1.1780402288468106e-08	0.21500715692052996	0.23027127364895716	1.666000468656264e-08	0.17013769450699073	0.7971919175226319	0.12979150567987913	0.0	1.3938759963117321e-08	1.1175870895385742e-08	0.013241322026844065	0.32344710302321583	0.1695319814128452	0.17473165569360408	0.17822563638993225	0.17013769450699057	0.23027127364895728	0.23027127364895728	0.07727677542442826	1.3431725187092979e-08	0.03965255032556478	0.23027127364895683	0.07727677542442786	1.666000468656264e-08	1.4901161193847656e-08	0.07727677542442868	1.3938759963117321e-08	1.1780402288468106e-08	0.38393356223432484	0.28410572360724073	0.39642115961754154	0.21582184529077908	0.16953198141284498	0.1701376945069903	1.0856291511554625e-08	0.11910873118482548	1.1175870895385742e-08	0.07145978065631745	0.07145978065631797	0.23027127364895694	0.17848828802582337	0.16953198141284484	1.1780402288468106e-08	0.17013769450699032	0.281964038892721	0.17013769450699026	0.17848828802582362	0.14960994969166205	1.1780402288468106e-08	0.25283030906608733	0.16953198141284487	0.17013769450699034	0.13023186830483027	0.22155235507157722	1.316825466342595e-08	0.25705890844885326	0.11910873118482222	1.1780402288468106e-08	0.494329856008723	0.17013769450699048	0.23575490736269247	0.1701376945069904	1.1780402288468106e-08	0.17013769450699034	0.20295439126100534	0.23295040712789283	0.1496099496916621	1.1780402288468106e-08	0.29895270707217914	0.17013769450699034	1.1175870895385742e-08	1.1478136591926925e-08	0.136062390101178	0.32068002580360133	0.49432985600872315	0.23945022579236266	0.17822563638993244	0.17822563638993247	0.3246391036628354	0.23027127364895722	0.2215523550715765	0.5900669533088051	0.2150071569205299	0.23739458772747357	0.1701376945069904	0.07727677542443244	0.28835973489724315	0.23739458772747354	0.5933299036839796	0.5587895464274293	0.5414246022659585	0.5587895464274292	0.5363005004359686	0.5414246022659582	0.5684901775361545	0.5587895464274292	0.5587895464274292	0.5587895464274292	0.42944553168063443	0.5587895464274292	0.39083675338455126	0.47087358879353153	0.4703627790104903	0.531039911178229	0.3908367533845513	0.5363005004359684	0.5338509572994031	0.535079731488232	0.4808325394168509	0.46129748344478133	0.5069820131821878	0.4808325394168509	0.5675656342974349	0.533850957299403	0.5363005004359684	0.5587895464274291	0.533850957299403	0.5587895464274293	0.5581077546101391	0.5350797314882318	0.5587895464274292	0.5350797314882318	0.5587895464274292	0.5363005004359684	0.5338509572994029	0.5363005004359684	0.662798866237284	0.4465329480519679	0.5587895464274292	0.5638159604188703	0.560742327950138	0.4612974834447812	0.5350797314882318	0.533850957299403	0.5363005004359686	1.1175870895385742e-08	0.12698962740604874	1.1780402288468106e-08	1.2067896221808679e-08	0.2883597348972417	0.1701376945069904	0.4808325394168507	0.4808325394168507	0.4808325394168507	0.17013769450699043	1.235539015514925e-08	0.5363005004359686	0.9354065638401283
C_IA068_18	0.5587895464274304	0.533850957299404	0.24623138929749974	0.17822563638993386	0.1191087311848258	1.235539015514925e-08	0.21500715692053032	0.23027127364895716	1.5582416789116236e-08	0.17013769450699073	0.7971919175226319	0.12979150567987935	1.3938759963117321e-08	0.0	1.1780402288468106e-08	0.013241322026850353	0.32344710302321594	0.16953198141284526	0.17473165569360383	0.17822563638993222	0.17013769450699073	0.230271273648957	0.23027127364895733	0.07727677542442846	1.4901161193847656e-08	0.03965255032556872	0.23027127364895691	0.0772767754244284	1.8250120749944284e-08	1.5359765386647212e-08	0.07727677542442858	1.3938759963117321e-08	1.7865864646854695e-08	0.383933562234325	0.2841057236072409	0.39642115961754154	0.21582184529077905	0.16953198141284503	0.17013769450699046	1.235539015514925e-08	0.1191087311848258	1.2904784139758924e-08	0.07145978065631715	0.07145978065631739	0.23027127364895705	0.17848828802582342	0.16953198141284492	1.235539015514925e-08	0.17013769450699054	0.281964038892721	0.17013769450699048	0.17848828802582373	0.14960994969166205	1.3938759963117321e-08	0.2528303090660874	0.16953198141284492	0.17013769450699057	0.13023186830483038	0.22155235507157753	1.3938759963117321e-08	0.2570589084488533	0.11910873118482254	1.3938759963117321e-08	0.49432985600872315	0.1701376945069906	0.23575490736269236	0.17013769450699065	1.1175870895385742e-08	0.17013769450699054	0.2029543912610055	0.232950407127893	0.14960994969166197	1.2904784139758924e-08	0.29895270707217936	0.1701376945069906	1.1780402288468106e-08	1.235539015514925e-08	0.136062390101177	0.32068002580360133	0.49432985600872326	0.23945022579236258	0.17822563638993275	0.17822563638993275	0.3246391036628355	0.23027127364895733	0.2215523550715768	0.5900669533088052	0.21500715692053024	0.2373945877274737	0.17013769450699065	0.07727677542443248	0.2883597348972434	0.23739458772747385	0.5933299036839796	0.5587895464274292	0.5414246022659585	0.5587895464274293	0.5363005004359686	0.5414246022659582	0.5684901775361543	0.5587895464274292	0.5587895464274292	0.5587895464274293	0.4294455316806345	0.5587895464274292	0.3908367533845512	0.47087358879353164	0.47036277901049023	0.531039911178229	0.39083675338455126	0.5363005004359684	0.533850957299403	0.535079731488232	0.480832539416851	0.4612974834447813	0.5069820131821878	0.480832539416851	0.5675656342974349	0.5338509572994029	0.5363005004359684	0.5587895464274292	0.533850957299403	0.5587895464274293	0.5581077546101394	0.5350797314882318	0.5587895464274292	0.5350797314882318	0.5587895464274292	0.5363005004359684	0.5338509572994029	0.5363005004359684	0.6627988662372839	0.446532948051968	0.5587895464274292	0.5638159604188703	0.5607423279501379	0.4612974834447811	0.5350797314882318	0.533850957299403	0.5363005004359686	1.4901161193847656e-08	0.1269896274060497	1.5359765386647212e-08	1.5130463290247436e-08	0.2883597348972419	0.17013769450699065	0.4808325394168508	0.48083253941685083	0.48083253941685083	0.17013769450699068	1.5359765386647212e-08	0.5363005004359686	0.9354065638401283
C_IA069_18	0.5587895464274303	0.5338509572994039	0.2462313892974996	0.17822563638993305	0.11910873118482417	1.0536712127723509e-08	0.2150071569205298	0.23027127364895703	1.3938759963117321e-08	0.17013769450699034	0.7971919175226319	0.12979150567987913	1.1175870895385742e-08	1.1780402288468106e-08	0.0	0.013241322026810004	0.32344710302321616	0.1695319814128452	0.1747316556936038	0.1782256363899317	0.17013769450699034	0.23027127364895694	0.23027127364895705	0.07727677542442832	1.1780402288468106e-08	0.03965255032555551	0.23027127364895686	0.07727677542442858	1.9357176209638387e-08	1.2630087147454087e-08	0.07727677542442894	1.4901161193847656e-08	1.4427987285731051e-08	0.38393356223432473	0.2841057236072408	0.39642115961754154	0.21582184529077916	0.16953198141284492	0.17013769450699015	9.85619169125181e-09	0.11910873118482469	1.1780402288468106e-08	0.07145978065631875	0.0714597806563192	0.23027127364895694	0.17848828802582273	0.16953198141284478	1.1780402288468106e-08	0.17013769450699015	0.2819640388927206	0.1701376945069901	0.17848828802582303	0.14960994969166178	1.1175870895385742e-08	0.2528303090660874	0.1695319814128448	0.17013769450699018	0.1302318683048298	0.2215523550715769	1.1175870895385742e-08	0.25705890844885304	0.11910873118482143	1.1780402288468106e-08	0.49432985600872303	0.17013769450699012	0.23575490736269264	0.17013769450699018	1.1175870895385742e-08	0.17013769450699018	0.20295439126100556	0.23295040712789222	0.14960994969166191	1.1175870895385742e-08	0.29895270707217925	0.17013769450699012	1.1175870895385742e-08	1.235539015514925e-08	0.13606239010117893	0.3206800258036011	0.49432985600872315	0.23945022579236308	0.17822563638993208	0.17822563638993208	0.32463910366283505	0.23027127364895725	0.22155235507157606	0.5900669533088051	0.2150071569205297	0.23739458772747316	0.17013769450699023	0.07727677542443268	0.288359734897243	0.2373945877274732	0.5933299036839795	0.5587895464274291	0.5414246022659586	0.5587895464274291	0.5363005004359684	0.5414246022659583	0.5684901775361544	0.5587895464274291	0.5587895464274291	0.5587895464274291	0.4294455316806344	0.5587895464274291	0.39083675338455115	0.4708735887935315	0.47036277901049034	0.531039911178229	0.3908367533845512	0.5363005004359683	0.5338509572994029	0.5350797314882318	0.48083253941685083	0.4612974834447812	0.506982013182188	0.4808325394168508	0.5675656342974348	0.5338509572994029	0.5363005004359684	0.5587895464274291	0.5338509572994028	0.5587895464274291	0.5581077546101385	0.5350797314882317	0.558789546427429	0.5350797314882316	0.5587895464274291	0.5363005004359683	0.5338509572994028	0.5363005004359684	0.6627988662372839	0.44653294805196775	0.558789546427429	0.5638159604188703	0.5607423279501381	0.46129748344478105	0.5350797314882316	0.5338509572994028	0.5363005004359684	1.1780402288468106e-08	0.12698962740604777	1.1175870895385742e-08	1.3431725187092979e-08	0.28835973489724165	0.17013769450699023	0.4808325394168506	0.4808325394168506	0.4808325394168506	0.1701376945069902	1.1780402288468106e-08	0.5363005004359684	0.9354065638401282
C_IA075_18	0.5638831678433074	0.5373816594714834	0.24851335011643683	0.18336541183922161	0.11884572894476339	0.013241322026867647	0.217621138739426	0.23046085553492543	0.013241322026814457	0.17619084159411297	0.8002042445903129	0.12943304277007464	0.013241322026844065	0.013241322026850353	0.013241322026810004	0.0	0.32479771695699117	0.1753001514626184	0.1791669479732539	0.18336541183922359	0.1761908415941128	0.23046085553493276	0.23046085553493317	0.07877860689694158	0.013241322026797427	0.04138228282395069	0.23046085553493256	0.07877860689693986	0.013241322026814719	0.01324132202684328	0.07877860689694427	0.013241322026863978	0.013241322026876555	0.3823372534504106	0.2856380961801278	0.39477632342974345	0.22011430316860078	0.17530015146261668	0.1761908415941103	0.013241322026893324	0.11884572894476352	0.01324132202690066	0.0735877357994387	0.07358773579944064	0.2304608555349369	0.1833585057295533	0.17530015146261516	0.013241322026953065	0.1761908415941085	0.2855520447096287	0.17619084159410903	0.1833585057295519	0.15235254094282813	0.013241322026974025	0.258431896829533	0.17530015146261457	0.17619084159410822	0.12997324633824478	0.22138467652366114	0.013241322026990271	0.25314214001920565	0.11884572894477309	0.013241322026987126	0.4923907355082733	0.1761908415941075	0.23796395372196286	0.17619084159410742	0.013241322027003372	0.17619084159410825	0.2067224438167299	0.2350928880140509	0.15235254094283124	0.01324132202701752	0.3012708041849791	0.1761908415941079	0.01324132202703429	0.013241322027032456	0.13517653069572388	0.3246826807352694	0.4923907355082768	0.23995469865613342	0.1833654118392196	0.18336541183921967	0.32618540510028515	0.23046085553494536	0.22138467652366356	0.5855070195681726	0.21762113873942293	0.23757503083327522	0.17619084159410606	0.07877860689698293	0.2883508850905017	0.23757503083327522	0.5985726542115525	0.5638831678433042	0.5456726662456233	0.5638831678433043	0.5395950113130152	0.5456726662456224	0.5726477115591911	0.5638831678433044	0.5638831678433047	0.5638831678433047	0.4322112016350015	0.5638831678433044	0.3935219633155525	0.4735424049947089	0.47312738253452213	0.5346308208600045	0.3935219633155527	0.5395950113130156	0.5373816594714722	0.5388346863261079	0.48364291559255773	0.4637872910067583	0.5100627085879874	0.4836429155925581	0.5712344394580273	0.5373816594714731	0.5395950113130165	0.5638831678433058	0.5373816594714735	0.5638831678433055	0.5623522888419009	0.5388346863261092	0.5638831678433053	0.5388346863261092	0.5638831678433052	0.5395950113130171	0.5373816594714745	0.5395950113130168	0.6676649990426582	0.44923803316817784	0.5638831678433058	0.5678885279163908	0.5649824985614802	0.4637872910067607	0.5388346863261088	0.5373816594714741	0.5395950113130177	0.013241322027084073	0.12850782320795093	0.013241322027083025	0.013241322027113943	0.2883508850905167	0.1761908415941114	0.4836429155925592	0.4836429155925592	0.48364291559255923	0.17619084159411252	0.013241322027084858	0.539595011313017	0.9381199571684542
C_IA076_18	0.5838289658683264	0.5509016253143866	0.43993050125379446	0.35878402283264027	0.2999576344512535	0.32344710302321544	0.3997168261496359	0.20825469362570145	0.3234471030232164	0.362617765766068	0.9151639693909975	0.38286170823200344	0.32344710302321583	0.32344710302321594	0.32344710302321616	0.32479771695699117	0.0	0.3601406615358696	0.35236552059894577	0.3587840228326395	0.36261776576606786	0.2082546936256998	0.2082546936256996	0.3092369026241032	0.3234471030232162	0.3194526512821341	0.2082546936256994	0.30923690262410314	0.3234471030232163	0.3234471030232159	0.309236902624103	0.32344710302321567	0.3234471030232157	0.3943146084247129	0.49981439571067054	0.4583736450941024	0.36216877186087376	0.36014066153586966	0.36261776576606797	0.32344710302321544	0.2999576344512538	0.32344710302321544	0.3025420417180607	0.30254204171806076	0.20825469362569834	0.3575002249611441	0.36014066153586977	0.323447103023215	0.36261776576606813	0.313709735705782	0.36261776576606813	0.35750022496114436	0.28227927140841186	0.3234471030232149	0.3345378362762452	0.3601406615358698	0.3626177657660682	0.2777173988751464	0.23445346224318392	0.3234471030232148	0.4318592037123849	0.2999576344512515	0.3234471030232148	0.5533171909542834	0.3626177657660683	0.43920251710244484	0.3626177657660683	0.32344710302321467	0.36261776576606825	0.3495371747468725	0.43597169091007804	0.2822792714084116	0.32344710302321455	0.523145875052894	0.3626177657660682	0.32344710302321444	0.3234471030232145	0.3249747597167547	0.37102784504210073	0.553317190954283	0.2571229090971757	0.3587840228326401	0.3587840228326401	0.1461965435704581	0.20825469362569687	0.23445346224318242	0.7177393167469509	0.3997168261496361	0.24143288221255876	0.3626177657660684	0.3092369026241023	0.3647861867675429	0.2414328822125587	0.6191559667274364	0.5838289658683257	0.5639499134522066	0.5838289658683257	0.5522382671598023	0.5639499134522065	0.5878488879646826	0.5838289658683256	0.5838289658683256	0.5838289658683256	0.4124007791971836	0.5838289658683256	0.4013418954937127	0.432563752293557	0.43262266793106574	0.533309574843805	0.40134189549371274	0.5522382671598022	0.5509016253143879	0.5551034925123843	0.43812141647680647	0.4337995756455412	0.46621312620599487	0.4381214164768063	0.5923850954444569	0.5509016253143877	0.552238267159802	0.5838289658683253	0.5509016253143876	0.5838289658683253	0.5751421426254747	0.5551034925123839	0.5838289658683253	0.555103492512384	0.5838289658683253	0.5522382671598017	0.5509016253143872	0.5522382671598018	0.6734596167999377	0.4369901962738338	0.5838289658683253	0.5871944874785673	0.5771852388557112	0.4337995756455406	0.5551034925123839	0.5509016253143875	0.5522382671598017	0.32344710302321417	0.30542476814485886	0.32344710302321417	0.323447103023214	0.3647861867675392	0.3626177657660681	0.43812141647680586	0.4381214164768058	0.43812141647680586	0.362617765766068	0.32344710302321417	0.5522382671598018	1.0988208721541044
C_IA077_18	0.4275073690312094	0.4493596776106236	0.23496283745204327	0.07904185418125015	0.21431058305653708	0.16953198141284503	0.1944416040479178	0.27839323620779766	0.16953198141284537	0.04459583214204513	0.7276847677403068	0.24067917628529595	0.1695319814128452	0.16953198141284526	0.1695319814128452	0.1753001514626184	0.3601406615358696	0.0	0.09109822419128594	0.07904185418124808	0.044595832142046064	0.27839323620779743	0.27839323620779755	0.18254366116454596	0.1695319814128457	0.17004478980736168	0.27839323620779743	0.1825436611645458	0.1695319814128458	0.16953198141284548	0.18254366116454587	0.16953198141284515	0.16953198141284523	0.47425195092642597	0.27644234912107474	0.4859696840354465	0.1749898327813423	1.1175870895385742e-08	0.04459583214204629	0.1695319814128449	0.21431058305653752	0.16953198141284487	0.17910314554242035	0.17910314554242046	0.27839323620779727	0.10890860116838809	1.1780402288468106e-08	0.16953198141284467	0.04459583214204707	0.2374025096593355	0.044595832142046606	0.10890860116838869	0.19882747779073734	0.1695319814128446	0.17040899280776467	1.148211584048155e-08	0.04459583214204723	0.21417059507709238	0.28633849518535615	0.1695319814128445	0.3772138925206429	0.21431058305653516	0.16953198141284448	0.611705759561822	0.04459583214204789	0.21828005049584193	0.044595832142047584	0.16953198141284453	0.04459583214204668	0.14897663943079514	0.20736476500403644	0.1988274777907374	0.16953198141284448	0.29757543452842583	0.044595832142047154	0.16953198141284442	0.16953198141284445	0.23139393543639628	0.29701016344683845	0.611705759561822	0.289170127856626	0.07904185418124975	0.0790418541812497	0.35555855520350754	0.2783932362077971	0.2863384951853552	0.7218900966562226	0.1944416040479182	0.2890330722526404	0.04459583214204793	0.18254366116454673	0.35706526917162273	0.28903307225264047	0.46771300003567445	0.42750736903120823	0.43324093609762426	0.4275073690312083	0.45207299260730016	0.4332409360976241	0.4692870861050753	0.4275073690312082	0.42750736903120823	0.4275073690312083	0.4002887686722964	0.4275073690312083	0.3605896298656097	0.4402062062442023	0.4401397086419679	0.4476414163963539	0.36058962986560966	0.4520729926073001	0.44935967761062334	0.44286458198832623	0.44497642222078626	0.4326678161686892	0.475402470628785	0.4449764222207862	0.4802768861116846	0.44935967761062323	0.45207299260730005	0.427507369031208	0.4493596776106232	0.4275073690312082	0.47140459363998105	0.442864581988326	0.42750736903120806	0.442864581988326	0.4275073690312081	0.4520729926073	0.44935967761062307	0.45207299260730005	0.5356187477273969	0.41626672907006107	0.4275073690312081	0.47569984572184704	0.474112735205841	0.4326678161686888	0.44286458198832596	0.44935967761062323	0.45207299260730016	0.16953198141284426	0.21382194839197827	0.1695319814128443	0.1695319814128442	0.35706526917162074	0.044595832142046994	0.444976422220786	0.444976422220786	0.444976422220786	0.04459583214204657	0.16953198141284428	0.4520729926073003	0.8759137722152901
C_IA078_18	0.4234644798746988	0.4318676577767857	0.225231567451743	0.11921617489690456	0.2188960855781255	0.1747316556936039	0.1815334549746297	0.2749884264776421	0.17473165569360402	0.10188711214107368	0.7191827439355704	0.24029894497629936	0.17473165569360408	0.17473165569360383	0.1747316556936038	0.1791669479732539	0.35236552059894577	0.09109822419128594	0.0	0.11921617489690298	0.10188711214107382	0.2749884264776424	0.2749884264776423	0.1837275431750789	0.1747316556936041	0.1753181225030266	0.27498842647764216	0.18372754317507883	0.1747316556936042	0.17473165569360405	0.18372754317507883	0.17473165569360383	0.17473165569360405	0.47899295142708287	0.27168826443445354	0.49303093862254777	0.15677943708248887	0.09109822419128578	0.10188711214107392	0.1747316556936036	0.2188960855781257	0.17473165569360363	0.1795266127227011	0.17952661272270123	0.2749884264776421	0.06257519892272126	0.0910982241912857	0.17473165569360338	0.1018871121410742	0.22296350564429684	0.10188711214107406	0.06257519892272226	0.20825218598730394	0.17473165569360335	0.1966162650101114	0.09109822419128581	0.10188711214107427	0.2165921000660422	0.2853626088932163	0.1747316556936033	0.37106476124481363	0.21889608557812346	0.17473165569360322	0.6172396406526846	0.10188711214107429	0.20907966283572973	0.10188711214107433	0.17473165569360327	0.10188711214107425	0.12364871565346719	0.19621281122906753	0.20825218598730402	0.17473165569360322	0.29359851591217184	0.10188711214107422	0.17473165569360316	0.17473165569360322	0.23656908489434053	0.2869638197109352	0.6172396406526847	0.2868687323654669	0.11921617489690393	0.11921617489690389	0.34892493892023424	0.27498842647764193	0.2853626088932155	0.7238379986698141	0.1815334549746299	0.2868615893604706	0.10188711214107449	0.18372754317507983	0.36026087968517223	0.2868615893604707	0.4634211477416049	0.4234644798746974	0.4280012286252123	0.4234644798746974	0.4345400575460597	0.42800122862521206	0.43697411457695395	0.4234644798746974	0.4234644798746974	0.42346447987469754	0.3935153749308475	0.42346447987469743	0.3539282171095872	0.42131503032174883	0.42132381625785126	0.4228099201645448	0.35392821710958733	0.4345400575460597	0.43186765777678454	0.42047642554267717	0.42614649533030696	0.4090610719591725	0.4592206550431131	0.42614649533030696	0.4611557405799079	0.4318676577767844	0.4345400575460596	0.4234644798746973	0.43186765777678426	0.4234644798746974	0.45263699858078754	0.420476425542677	0.42346447987469726	0.42047642554267695	0.42346447987469743	0.43454005754605957	0.4318676577767842	0.43454005754605957	0.5318814386641917	0.4079414176297765	0.4234644798746974	0.4555653750521372	0.455536924733277	0.4090610719591723	0.42047642554267695	0.4318676577767844	0.4345400575460597	0.17473165569360327	0.2105010453880002	0.17473165569360322	0.1747316556936033	0.3602608796851705	0.10188711214107413	0.4261464953303067	0.4261464953303067	0.4261464953303067	0.10188711214107407	0.17473165569360335	0.4345400575460598	0.8713599908978017
C_IA082_18	0.4270875383144828	0.43750039318663037	0.22867144252469337	2.837096566656198e-08	0.22155563807166123	0.1782256363899325	0.18133271391619393	0.2754658476657378	0.1782256363899319	0.08794616702313234	0.7236546760993402	0.2438990111757638	0.17822563638993225	0.17822563638993222	0.1782256363899317	0.18336541183922359	0.3587840228326395	0.07904185418124808	0.11921617489690298	0.0	0.0879461670231327	0.27546584766573906	0.2754658476657391	0.1709622381323602	0.17822563638993194	0.18037078455272654	0.27546584766573884	0.17096223813236022	0.1782256363899328	0.17822563638993247	0.1709622381323603	0.17822563638993275	0.17822563638993294	0.4748022485910051	0.26930315976430624	0.4835107547293506	0.19734513858657085	0.07904185418124773	0.08794616702313218	0.1782256363899328	0.2215556380716614	0.17822563638993288	0.18924929658081857	0.18924929658081888	0.27546584766573934	0.13049923801236593	0.07904185418124698	0.1782256363899334	0.08794616702313167	0.27285490284892266	0.08794616702313182	0.1304992380123659	0.20847157046661824	0.17822563638993377	0.1879395513332692	0.07904185418124672	0.08794616702313175	0.22310660282291697	0.28751445806189696	0.17822563638993388	0.3778638265358905	0.22155563807166068	0.17822563638993374	0.6144364473113652	0.08794616702313154	0.2393022987943326	0.08794616702313154	0.17822563638993405	0.08794616702313167	0.1781813639780594	0.2303723175121666	0.20847157046661863	0.1782256363899343	0.29621863341968324	0.08794616702313163	0.17822563638993444	0.1782256363899345	0.23954943509584006	0.33071313204117536	0.6144364473113658	0.28513619866302925	1.8059014742882287e-08	1.8059014742882287e-08	0.35601279863475754	0.27546584766574056	0.28751445806189657	0.7199845849449924	0.18133271391619357	0.2891519698909672	0.0879461670231313	0.17096223813236455	0.36286039759117916	0.28915196989096725	0.4679885419589781	0.42708753831448104	0.433780820963598	0.4270875383144811	0.43989864381329113	0.4337808209635977	0.4687591018949758	0.4270875383144811	0.4270875383144811	0.4270875383144812	0.396974604456418	0.42708753831448104	0.3533357594642987	0.42768194195828707	0.4279190447385883	0.45030431875224375	0.35333575946429874	0.43989864381329125	0.43750039318662715	0.4430498999598885	0.43289284288300556	0.4314461070457125	0.46492507516944304	0.43289284288300556	0.4808410969845766	0.43750039318662737	0.43989864381329147	0.4270875383144812	0.4375003931866273	0.4270875383144811	0.4721953879750461	0.44304989995988875	0.4270875383144811	0.4430498999598887	0.4270875383144811	0.4398986438132916	0.4375003931866276	0.43989864381329147	0.5340087748174575	0.38340364667795995	0.4270875383144812	0.4759697928434647	0.47465802391162704	0.43144610704571273	0.4430498999598885	0.4375003931866274	0.43989864381329175	0.17822563638993488	0.20980802747638191	0.17822563638993488	0.17822563638993522	0.36286039759118005	0.08794616702313274	0.4328928428830056	0.4328928428830057	0.4328928428830057	0.08794616702313293	0.17822563638993483	0.4398986438132915	0.8734549251697339
C_IA083_18	0.42891096637321013	0.4509978620621913	0.24088293309820358	0.08794616702313411	0.21349808495655315	0.1701376945069904	0.20207752989089914	0.28117393809598673	0.17013769450699026	1.235539015514925e-08	0.7285800230691089	0.24281993705966778	0.17013769450699057	0.17013769450699073	0.17013769450699034	0.1761908415941128	0.36261776576606786	0.044595832142046064	0.10188711214107382	0.0879461670231327	0.0	0.2811739380959872	0.2811739380959869	0.1847847136045163	0.1701376945069904	0.17411729555916503	0.28117393809598684	0.184784713604516	0.17013769450699068	0.17013769450699076	0.18478471360451634	0.17013769450699046	0.17013769450699073	0.4747405497854256	0.27995099042832594	0.48782463306176566	0.15751197258368047	0.04459583214204544	1.2494232099350606e-08	0.17013769450699046	0.21349808495655329	0.1701376945069905	0.18323862192475274	0.1832386219247529	0.28117393809598706	0.09235559928075777	0.04459583214204505	0.17013769450699065	1.2071320225313046e-08	0.2406234592782588	1.148211584048155e-08	0.09235559928075823	0.19566550507295338	0.1701376945069908	0.171037673078508	0.04459583214204485	1.235539015514925e-08	0.21697523111346756	0.28859426449167536	0.1701376945069907	0.37866135218575125	0.21349808495655162	0.17013769450699084	0.6120107482849353	1.263307404355196e-08	0.20876079906248124	1.2904784139758924e-08	0.17013769450699104	1.235539015514925e-08	0.15628398218368128	0.2117167090494778	0.19566550507295363	0.17013769450699104	0.30057393178575037	1.2904784139758924e-08	0.1701376945069911	0.17013769450699112	0.2320618824886279	0.2820270763169949	0.6120107482849357	0.29132755093695956	0.08794616702313317	0.08794616702313313	0.3574107371425794	0.2811739380959875	0.2885942644916747	0.7218155492784513	0.20207752989089936	0.2915793712275099	1.1631259064474828e-08	0.18478471360451862	0.35824725075735747	0.29157937122750993	0.46904797528640046	0.42891096637320864	0.43474556339866927	0.4289109663732088	0.45970266938011634	0.4347455633986691	0.47057557723936405	0.42891096637320875	0.42891096637320875	0.4289109663732088	0.4027561968025339	0.42891096637320875	0.36446913497688443	0.44218430284004695	0.4421145897611332	0.4492632066583091	0.3644691349768845	0.4597026693801164	0.45099786206219017	0.4443145952437278	0.45263317682573506	0.4344777551651583	0.48165218959104145	0.45263317682573506	0.4813213195315072	0.4509978620621901	0.45970266938011645	0.42891096637320864	0.4509978620621901	0.42891096637320864	0.4727844556773892	0.44431459524372774	0.4289109663732086	0.4443145952437277	0.42891096637320864	0.4597026693801165	0.4509978620621902	0.4597026693801165	0.5367540259354081	0.4187983424979482	0.4289109663732087	0.47695567657791765	0.4755648162726305	0.43447775516515813	0.44431459524372774	0.4509978620621902	0.4597026693801167	0.17013769450699126	0.21606734225543797	0.17013769450699112	0.17013769450699126	0.3582472507573569	1.4427987285731051e-08	0.452633176825735	0.45263317682573495	0.452633176825735	1.4062121398199154e-08	0.1701376945069912	0.45970266938011667	0.8773628398644131
C_IA085_18	0.5920592541370915	0.5720400232451354	0.3607906579473397	0.27546584766573967	0.20879425761884332	0.2302712736489574	0.3300894437031448	1.4901161193847656e-08	0.230271273648957	0.28117393809598695	0.9090393294090973	0.2852167013911131	0.23027127364895728	0.230271273648957	0.23027127364895694	0.23046085553493276	0.2082546936256998	0.27839323620779743	0.2749884264776424	0.27546584766573906	0.2811739380959872	0.0	2.2351741790771484e-08	0.20953716018298815	0.23027127364895728	0.2236054577967271	1.8995327925655188e-08	0.2095371601829885	0.23027127364895766	0.23027127364895722	0.20953716018298826	0.23027127364895708	0.2302712736489573	0.3540834910026908	0.3951891225614519	0.365049930391205	0.2916614426293358	0.27839323620779743	0.2811739380959869	0.23027127364895694	0.2087942576188428	0.23027127364895703	0.20310497142456768	0.20310497142456774	1.7066582506192867e-08	0.28073904080892736	0.2783932362077974	0.23027127364895694	0.281173938095987	0.3441448626275057	0.28117393809598706	0.2807390408089276	0.2705837375352273	0.230271273648957	0.34100319878099056	0.27839323620779743	0.28117393809598706	0.1703131736466909	0.09910569155564689	0.23027127364895708	0.36958287093333025	0.20879425761884082	0.23027127364895697	0.5010792725050531	0.2811739380959871	0.3376690497175359	0.28117393809598706	0.2302712736489569	0.28117393809598706	0.2771463965070494	0.33005885851805944	0.27058373753522735	0.2302712736489569	0.4143704796834933	0.28117393809598706	0.2302712736489569	0.23027127364895694	0.23008438373089277	0.3989236858006379	0.5010792725050531	0.10959238812225441	0.27546584766573917	0.2754658476657391	0.19913570610131226	1.8622724337799736e-08	0.09910569155564541	0.6604141531364287	0.33008944370314497	0.08856555049640082	0.28117393809598706	0.2095371601829897	0.2385211121251426	0.0885655504964012	0.6229002383676566	0.5920592541370904	0.5778125113401779	0.5920592541370903	0.5748579527395347	0.5778125113401776	0.6047066988623728	0.5920592541370903	0.5920592541370903	0.5920592541370903	0.4510391143433281	0.5920592541370903	0.44408956772647823	0.4618639198159394	0.46130262833266616	0.5678677359379223	0.4440895677264783	0.5748579527395346	0.5720400232451338	0.5736404218655713	0.4660316702253401	0.46349781393935946	0.4986487678330645	0.4660316702253401	0.6071704660919316	0.5720400232451337	0.5748579527395346	0.5920592541370903	0.5720400232451337	0.5920592541370903	0.6003190593706794	0.5736404218655711	0.5920592541370903	0.5736404218655711	0.5920592541370903	0.5748579527395343	0.5720400232451336	0.5748579527395344	0.6872524151284486	0.4677062986915303	0.5920592541370903	0.6038017507927091	0.6030256362410379	0.4634978139393592	0.573640421865571	0.5720400232451337	0.5748579527395346	0.2302712736489569	0.19055371393591503	0.230271273648957	0.23027127364895716	0.23852111212514032	0.28117393809598706	0.4660316702253397	0.46603167022533964	0.46603167022533964	0.28117393809598706	0.23027127364895705	0.5748579527395346	1.0946104706857387
C_IA086_18	0.5920592541370915	0.5720400232451346	0.3607906579473398	0.27546584766573967	0.20879425761884343	0.23027127364895708	0.330089443703145	1.8250120749944284e-08	0.23027127364895733	0.28117393809598695	0.9090393294090972	0.28521670139111316	0.23027127364895728	0.23027127364895733	0.23027127364895705	0.23046085553493317	0.2082546936256996	0.27839323620779755	0.2749884264776423	0.2754658476657391	0.2811739380959869	2.2351741790771484e-08	0.0	0.20953716018298843	0.23027127364895716	0.22360545779672722	1.623253643907395e-08	0.20953716018298785	0.23027127364895733	0.230271273648957	0.2095371601829884	0.2302712736489574	0.2302712736489571	0.3540834910026908	0.3951891225614518	0.36504993039120476	0.2916614426293356	0.27839323620779727	0.2811739380959869	0.2302712736489571	0.20879425761884268	0.23027127364895705	0.20310497142456735	0.2031049714245675	1.580506819158526e-08	0.2807390408089273	0.2783932362077974	0.23027127364895703	0.28117393809598695	0.3441448626275056	0.2811739380959869	0.2807390408089275	0.2705837375352274	0.230271273648957	0.34100319878099045	0.2783932362077974	0.281173938095987	0.17031317364669024	0.09910569155564647	0.23027127364895697	0.36958287093333014	0.20879425761884066	0.2302712736489569	0.5010792725050531	0.28117393809598706	0.33766904971753575	0.28117393809598706	0.230271273648957	0.281173938095987	0.2771463965070492	0.3300588585180593	0.27058373753522735	0.23027127364895694	0.4143704796834932	0.28117393809598695	0.23027127364895694	0.23027127364895697	0.2300843837308928	0.398923685800638	0.5010792725050532	0.10959238812225397	0.27546584766573906	0.27546584766573906	0.19913570610131245	1.5353114692716457e-08	0.09910569155564486	0.6604141531364286	0.3300894437031449	0.08856555049640073	0.281173938095987	0.2095371601829895	0.23852111212514288	0.08856555049640097	0.6229002383676565	0.5920592541370903	0.5778125113401777	0.5920592541370904	0.5748579527395347	0.5778125113401775	0.6047066988623728	0.5920592541370903	0.5920592541370903	0.5920592541370903	0.4510391143433281	0.5920592541370903	0.44408956772647823	0.46186391981593955	0.46130262833266616	0.5678677359379223	0.44408956772647823	0.5748579527395346	0.5720400232451339	0.5736404218655712	0.46603167022534	0.46349781393935935	0.4986487678330646	0.46603167022534	0.6071704660919316	0.5720400232451337	0.5748579527395346	0.5920592541370903	0.5720400232451337	0.5920592541370903	0.6003190593706794	0.5736404218655711	0.5920592541370902	0.5736404218655711	0.5920592541370903	0.5748579527395344	0.5720400232451338	0.5748579527395344	0.6872524151284486	0.4677062986915303	0.5920592541370903	0.6038017507927091	0.6030256362410379	0.46349781393935907	0.573640421865571	0.5720400232451337	0.5748579527395346	0.23027127364895683	0.1905537139359154	0.2302712736489568	0.23027127364895686	0.23852111212514038	0.28117393809598706	0.46603167022533964	0.46603167022533964	0.46603167022533964	0.2811739380959871	0.23027127364895683	0.5748579527395347	1.094610470685739
C_IA087_18	0.5602309927986003	0.5356903220338363	0.25445992508970616	0.17096223813236164	0.14647292802373	0.077276775424428	0.22131863246733594	0.20953716018298885	0.07727677542442912	0.18478471360451612	0.808022573701763	0.15964703630923474	0.07727677542442826	0.07727677542442846	0.07727677542442832	0.07877860689694158	0.3092369026241032	0.18254366116454596	0.1837275431750789	0.1709622381323602	0.1847847136045163	0.20953716018298815	0.20953716018298843	0.0	0.07727677542442858	0.07532051853259543	0.20953716018298812	1.3938759963117321e-08	0.07727677542442966	0.07727677542442826	1.4664574239789354e-08	0.0772767754244276	0.07727677542442751	0.3713262396992843	0.2884818619073284	0.3794180697394869	0.22463457804321796	0.1825436611645459	0.18478471360451623	0.07727677542442674	0.14647292802373077	0.07727677542442679	0.09703463550493473	0.09703463550493491	0.20953716018298735	0.18860012512034371	0.1825436611645459	0.07727677542442553	0.1847847136045164	0.3043296467023389	0.18478471360451637	0.18860012512034416	0.16623234498404518	0.07727677542442517	0.26175371662152797	0.18254366116454593	0.1847847136045164	0.14489051862258576	0.20251069483451323	0.07727677542442508	0.27576215627194867	0.1464729280237269	0.07727677542442504	0.48862588459831713	0.1847847136045165	0.26024613436441585	0.18478471360451662	0.07727677542442472	0.1847847136045165	0.2117821909460012	0.2534769044663962	0.16623234498404504	0.07727677542442446	0.3088790065559618	0.18478471360451643	0.0772767754244241	0.07727677542442418	0.1626009344990644	0.3530047268934041	0.48862588459831696	0.2233113618442545	0.17096223813236078	0.17096223813236075	0.30988134002935225	0.20953716018298676	0.20251069483451195	0.593077991226615	0.22131863246733635	0.21507462488307602	0.1847847136045167	1.1780402288468106e-08	0.2739930942131957	0.21507462488307608	0.5946186975461247	0.5602309927985994	0.5433194061424971	0.5602309927985994	0.5380803436019522	0.543319406142497	0.5707214670211228	0.5602309927985994	0.5602309927985993	0.5602309927985994	0.4325674908590309	0.5602309927985994	0.3911346086219973	0.4632849869716419	0.462632243799042	0.5368890989814161	0.3911346086219973	0.5380803436019522	0.5356903220338367	0.5377664583438685	0.4670875382660123	0.4645252042410835	0.49587990826004447	0.4670875382660123	0.5700464721203055	0.5356903220338366	0.5380803436019521	0.5602309927985992	0.5356903220338365	0.5602309927985993	0.5606998449486131	0.5377664583438682	0.5602309927985992	0.5377664583438682	0.5602309927985992	0.538080343601952	0.5356903220338363	0.5380803436019521	0.6633481657355672	0.4205508996760671	0.5602309927985991	0.5663776057996647	0.5632528474670647	0.4645252042410831	0.5377664583438682	0.5356903220338364	0.538080343601952	0.07727677542442302	0.11132560261071828	0.07727677542442328	0.0772767754244231	0.2739930942131923	0.184784713604516	0.4670875382660119	0.4670875382660119	0.46708753826601196	0.18478471360451598	0.07727677542442356	0.538080343601952	0.953001337916878
C_IA091_18	0.5587895464274304	0.533850957299404	0.2462313892974998	0.17822563638993305	0.1191087311848242	1.2904784139758924e-08	0.2150071569205297	0.23027127364895728	1.3431725187092979e-08	0.17013769450699034	0.797191917522632	0.12979150567987943	1.3431725187092979e-08	1.4901161193847656e-08	1.1780402288468106e-08	0.013241322026797427	0.3234471030232162	0.1695319814128457	0.1747316556936041	0.17822563638993194	0.1701376945069904	0.23027127364895728	0.23027127364895716	0.07727677542442858	0.0	0.039652550325552885	0.23027127364895705	0.07727677542442872	1.580506819158526e-08	1.3431725187092979e-08	0.07727677542442962	1.4901161193847656e-08	1.235539015514925e-08	0.3839335622343246	0.2841057236072407	0.39642115961754143	0.21582184529077925	0.16953198141284512	0.17013769450699012	1.2067896221808679e-08	0.11910873118482437	1.1780402288468106e-08	0.07145978065631933	0.07145978065631953	0.23027127364895708	0.17848828802582295	0.16953198141284506	1.1175870895385742e-08	0.1701376945069902	0.2819640388927206	0.1701376945069902	0.17848828802582314	0.14960994969166197	1.235539015514925e-08	0.25283030906608744	0.16953198141284498	0.17013769450699018	0.13023186830483027	0.22155235507157678	1.1478136591926925e-08	0.25705890844885304	0.11910873118482111	1.1780402288468106e-08	0.4943298560087229	0.17013769450699026	0.2357549073626928	0.17013769450699037	1.1780402288468106e-08	0.17013769450699034	0.2029543912610057	0.23295040712789206	0.14960994969166214	1.1478136591926925e-08	0.29895270707217925	0.17013769450699034	1.1780402288468106e-08	1.1780402288468106e-08	0.13606239010117974	0.3206800258036011	0.49432985600872303	0.23945022579236327	0.17822563638993202	0.17822563638993202	0.3246391036628349	0.23027127364895747	0.22155235507157595	0.5900669533088051	0.21500715692052969	0.23739458772747313	0.17013769450699037	0.0772767754244329	0.28835973489724287	0.2373945877274732	0.5933299036839798	0.5587895464274292	0.5414246022659587	0.5587895464274292	0.5363005004359686	0.5414246022659585	0.5684901775361546	0.5587895464274292	0.5587895464274291	0.5587895464274292	0.42944553168063443	0.5587895464274292	0.39083675338455126	0.4708735887935315	0.47036277901049034	0.531039911178229	0.39083675338455137	0.5363005004359684	0.533850957299403	0.5350797314882318	0.48083253941685083	0.4612974834447813	0.5069820131821882	0.4808325394168508	0.5675656342974349	0.533850957299403	0.5363005004359686	0.5587895464274292	0.5338509572994029	0.5587895464274292	0.5581077546101383	0.5350797314882318	0.5587895464274291	0.5350797314882318	0.5587895464274292	0.5363005004359684	0.5338509572994029	0.5363005004359684	0.662798866237284	0.44653294805196775	0.5587895464274292	0.5638159604188703	0.5607423279501382	0.46129748344478116	0.5350797314882317	0.5338509572994029	0.5363005004359686	1.235539015514925e-08	0.12698962740604722	1.235539015514925e-08	1.4664574239789354e-08	0.2883597348972415	0.17013769450699032	0.48083253941685067	0.4808325394168506	0.48083253941685067	0.17013769450699037	1.235539015514925e-08	0.5363005004359686	0.9354065638401282
C_IA092_18	0.559035402429861	0.5342808925356939	0.2458600147103258	0.18037078455272432	0.13419916800027315	0.03965255032557388	0.2158215195409673	0.22360545779672036	0.03965255032555866	0.17411729555916466	0.797459568984932	0.13572817953069496	0.03965255032556478	0.03965255032556872	0.03965255032555551	0.04138228282395069	0.3194526512821341	0.17004478980736168	0.1753181225030266	0.18037078455272654	0.17411729555916503	0.2236054577967271	0.22360545779672722	0.07532051853259543	0.039652550325552885	0.0	0.2236054577967265	0.07532051853259392	0.03965255032555927	0.039652550325567235	0.0753205185325987	0.039652550325573535	0.03965255032557581	0.3808955629175028	0.28761441722163195	0.39154662088323855	0.2189557495739543	0.17004478980735976	0.17411729555916258	0.03965255032558124	0.13419916800027337	0.03965255032558228	0.06315353523575339	0.06315353523575543	0.22360545779673052	0.1825295579503371	0.1700447898073584	0.039652550325598376	0.174117295559161	0.28243820335437725	0.1741172955591614	0.1825295579503359	0.15673342510526653	0.0396525503256038	0.2545154114683794	0.17004478980735774	0.17411729555916078	0.11930798250202508	0.21452768867562788	0.039652550325608535	0.2622823458705493	0.13419916800028026	0.03965255032560801	0.4917642522600728	0.17411729555916022	0.24110577805291045	0.17411729555916014	0.039652550325612726	0.17411729555916083	0.20304832215477442	0.23331509731176633	0.15673342510526905	0.039652550325617195	0.29924459992484004	0.17411729555916056	0.03965255032562148	0.0396525503256213	0.14807259897738914	0.3279727199062228	0.4917642522600758	0.2334795134370102	0.18037078455272282	0.18037078455272287	0.32181553817511216	0.2236054577967378	0.21452768867562974	0.5915679058498576	0.21582151954096476	0.23105661315129494	0.1741172955591589	0.0753205185326344	0.2874808685901794	0.2310566131512948	0.5935646176439782	0.5590354024298582	0.5415068936290526	0.5590354024298583	0.5369813830318434	0.5415068936290519	0.5688700584005519	0.5590354024298584	0.5590354024298585	0.5590354024298585	0.43001305381763794	0.5590354024298583	0.39131648764280613	0.47137836930194815	0.4708644561190172	0.5314247638941281	0.3913164876428063	0.5369813830318437	0.5342808925356848	0.5353739098069465	0.475425956246589	0.4619543154951154	0.5033209402986956	0.47542595624658934	0.5680036739913626	0.5342808925356853	0.5369813830318445	0.5590354024298594	0.5342808925356858	0.5590354024298593	0.5588176016805361	0.5353739098069478	0.5590354024298589	0.5353739098069477	0.5590354024298589	0.5369813830318452	0.5342808925356866	0.5369813830318448	0.6632589427074996	0.446201949561789	0.5590354024298594	0.5643192888025017	0.5614586868409756	0.46195431549511745	0.5353739098069473	0.5342808925356862	0.5369813830318455	0.03965255032563618	0.12458762083923171	0.03965255032563618	0.03965255032564414	0.28748086859019206	0.17411729555916372	0.4754259562465903	0.4754259562465903	0.4754259562465903	0.17411729555916464	0.039652550325636	0.5369813830318448	0.9416933446268139
C_IA093_18	0.5920592541370914	0.5720400232451344	0.3607906579473397	0.27546584766573906	0.2087942576188428	0.23027127364895691	0.33008944370314475	1.580506819158526e-08	0.23027127364895705	0.28117393809598695	0.9090393294090972	0.28521670139111305	0.23027127364895683	0.23027127364895691	0.23027127364895686	0.23046085553493256	0.2082546936256994	0.27839323620779743	0.27498842647764216	0.27546584766573884	0.28117393809598684	1.8995327925655188e-08	1.623253643907395e-08	0.20953716018298812	0.23027127364895705	0.2236054577967265	0.0	0.20953716018298799	0.23027127364895722	0.23027127364895697	0.20953716018298807	0.23027127364895683	0.23027127364895683	0.3540834910026906	0.3951891225614516	0.3650499303912047	0.2916614426293355	0.2783932362077972	0.2811739380959867	0.23027127364895683	0.2087942576188423	0.23027127364895683	0.2031049714245672	0.20310497142456743	1.2342593214113514e-08	0.28073904080892703	0.2783932362077972	0.23027127364895678	0.2811739380959868	0.34414486262750543	0.2811739380959868	0.2807390408089272	0.2705837375352272	0.23027127364895678	0.3410031987809904	0.27839323620779727	0.28117393809598684	0.17031317364669016	0.0991056915556459	0.23027127364895678	0.36958287093333003	0.20879425761884035	0.23027127364895672	0.501079272505053	0.2811739380959869	0.33766904971753575	0.28117393809598684	0.23027127364895675	0.28117393809598684	0.27714639650704903	0.3300588585180591	0.27058373753522713	0.23027127364895678	0.41437047968349316	0.28117393809598684	0.2302712736489567	0.23027127364895672	0.23008438373089285	0.39892368580063786	0.5010792725050531	0.1095923881222532	0.2754658476657389	0.2754658476657389	0.1991357061013118	1.2342593214113514e-08	0.09910569155564415	0.6604141531364286	0.3300894437031448	0.08856555049639972	0.2811739380959869	0.20953716018298923	0.23852111212514238	0.08856555049639972	0.6229002383676565	0.5920592541370903	0.5778125113401777	0.5920592541370903	0.5748579527395346	0.5778125113401776	0.6047066988623728	0.5920592541370903	0.5920592541370902	0.5920592541370902	0.4510391143433281	0.5920592541370902	0.4440895677264781	0.46186391981593933	0.46130262833266616	0.5678677359379222	0.4440895677264782	0.5748579527395344	0.5720400232451338	0.5736404218655711	0.4660316702253399	0.4634978139393592	0.49864876783306455	0.46603167022533987	0.6071704660919315	0.5720400232451337	0.5748579527395344	0.5920592541370902	0.5720400232451337	0.5920592541370903	0.6003190593706792	0.573640421865571	0.5920592541370902	0.573640421865571	0.5920592541370903	0.5748579527395344	0.5720400232451337	0.5748579527395344	0.6872524151284485	0.46770629869153013	0.5920592541370903	0.6038017507927089	0.6030256362410379	0.46349781393935896	0.573640421865571	0.5720400232451337	0.5748579527395344	0.23027127364895655	0.19055371393591475	0.23027127364895655	0.23027127364895655	0.23852111212513993	0.2811739380959869	0.4660316702253396	0.4660316702253396	0.4660316702253396	0.2811739380959869	0.2302712736489566	0.5748579527395346	1.0946104706857387
C_IA094_18	0.5602309927986002	0.5356903220338359	0.25445992508970605	0.17096223813236117	0.14647292802373063	0.07727677542442746	0.22131863246733594	0.20953716018298899	0.07727677542442957	0.18478471360451623	0.8080225737017629	0.15964703630923477	0.07727677542442786	0.0772767754244284	0.07727677542442858	0.07877860689693986	0.30923690262410314	0.1825436611645458	0.18372754317507883	0.17096223813236022	0.184784713604516	0.2095371601829885	0.20953716018298785	1.3938759963117321e-08	0.07727677542442872	0.07532051853259392	0.20953716018298799	0.0	0.07727677542442822	0.07727677542442764	1.580506819158526e-08	0.07727677542442715	0.07727677542442705	0.3713262396992843	0.28848186190732833	0.37941806973948683	0.224634578043218	0.18254366116454576	0.18478471360451604	0.07727677542442633	0.1464729280237304	0.07727677542442643	0.09703463550493437	0.0970346355049345	0.20953716018298735	0.1886001251203436	0.18254366116454596	0.07727677542442508	0.18478471360451623	0.3043296467023389	0.18478471360451618	0.18860012512034405	0.16623234498404496	0.0772767754244249	0.26175371662152785	0.18254366116454593	0.1847847136045163	0.14489051862258512	0.20251069483451298	0.07727677542442472	0.27576215627194867	0.14647292802372652	0.07727677542442463	0.4886258845983171	0.18478471360451648	0.26024613436441574	0.18478471360451648	0.0772767754244244	0.1847847136045163	0.21178219094600131	0.25347690446639604	0.16623234498404468	0.07727677542442404	0.30887900655596173	0.1847847136045163	0.07727677542442364	0.07727677542442382	0.16260093449906418	0.353004726893404	0.4886258845983169	0.22331136184425426	0.17096223813236058	0.17096223813236058	0.3098813400293521	0.20953716018298668	0.20251069483451176	0.593077991226615	0.2213186324673362	0.21507462488307572	0.18478471360451654	1.2904784139758924e-08	0.2739930942131956	0.21507462488307583	0.5946186975461247	0.5602309927985994	0.5433194061424971	0.5602309927985994	0.5380803436019522	0.543319406142497	0.5707214670211228	0.5602309927985993	0.5602309927985993	0.5602309927985994	0.43256749085903085	0.5602309927985993	0.3911346086219971	0.4632849869716419	0.462632243799042	0.536889098981416	0.39113460862199717	0.5380803436019521	0.5356903220338367	0.5377664583438685	0.46708753826601224	0.4645252042410835	0.4958799082600444	0.46708753826601224	0.5700464721203053	0.5356903220338365	0.5380803436019521	0.5602309927985991	0.5356903220338364	0.5602309927985992	0.560699844948613	0.5377664583438682	0.5602309927985991	0.5377664583438682	0.5602309927985992	0.5380803436019519	0.5356903220338363	0.538080343601952	0.6633481657355671	0.4205508996760671	0.5602309927985991	0.5663776057996646	0.5632528474670647	0.46452520424108307	0.5377664583438682	0.5356903220338363	0.5380803436019519	0.07727677542442284	0.1113256026107177	0.07727677542442284	0.07727677542442266	0.2739930942131923	0.1847847136045159	0.46708753826601185	0.46708753826601185	0.46708753826601185	0.18478471360451576	0.07727677542442302	0.5380803436019521	0.953001337916878
C_IA102_18	0.5587895464274305	0.533850957299404	0.2462313892974999	0.17822563638993338	0.11910873118482565	1.666000468656264e-08	0.21500715692053005	0.23027127364895764	1.971238338250362e-08	0.17013769450699096	0.797191917522632	0.12979150567988032	1.666000468656264e-08	1.8250120749944284e-08	1.9357176209638387e-08	0.013241322026814719	0.3234471030232163	0.1695319814128458	0.1747316556936042	0.1782256363899328	0.17013769450699068	0.23027127364895766	0.23027127364895733	0.07727677542442966	1.580506819158526e-08	0.03965255032555927	0.23027127364895722	0.07727677542442822	0.0	1.8250120749944284e-08	0.07727677542442962	1.747316032582309e-08	1.747316032582309e-08	0.383933562234325	0.2841057236072409	0.39642115961754154	0.21582184529077947	0.16953198141284534	0.17013769450699046	1.4901161193847656e-08	0.1191087311848251	1.4901161193847656e-08	0.07145978065631964	0.07145978065632007	0.2302712736489573	0.1784882880258233	0.16953198141284526	1.623816394634796e-08	0.17013769450699057	0.281964038892721	0.1701376945069905	0.17848828802582362	0.14960994969166233	1.580506819158526e-08	0.25283030906608756	0.16953198141284526	0.17013769450699076	0.13023186830483077	0.22155235507157717	1.623816394634796e-08	0.2570589084488535	0.11910873118482199	1.580506819158526e-08	0.49432985600872303	0.17013769450699082	0.2357549073626929	0.17013769450699082	1.580506819158526e-08	0.17013769450699073	0.20295439126100587	0.2329504071278924	0.14960994969166244	1.5359765386647212e-08	0.29895270707217936	0.1701376945069908	1.64490843164553e-08	1.580506819158526e-08	0.13606239010117915	0.32068002580360144	0.49432985600872326	0.23945022579236322	0.17822563638993247	0.17822563638993244	0.3246391036628352	0.23027127364895755	0.22155235507157633	0.5900669533088053	0.21500715692053016	0.23739458772747363	0.17013769450699073	0.07727677542443348	0.28835973489724315	0.23739458772747354	0.5933299036839798	0.5587895464274291	0.5414246022659587	0.5587895464274292	0.5363005004359686	0.5414246022659586	0.5684901775361545	0.5587895464274292	0.5587895464274292	0.5587895464274293	0.42944553168063454	0.5587895464274292	0.3908367533845514	0.4708735887935316	0.4703627790104904	0.531039911178229	0.3908367533845515	0.5363005004359686	0.5338509572994032	0.535079731488232	0.48083253941685095	0.4612974834447814	0.506982013182188	0.4808325394168509	0.567565634297435	0.533850957299403	0.5363005004359686	0.5587895464274293	0.533850957299403	0.5587895464274294	0.5581077546101387	0.5350797314882318	0.5587895464274292	0.535079731488232	0.5587895464274294	0.5363005004359686	0.533850957299403	0.5363005004359684	0.662798866237284	0.4465329480519679	0.5587895464274294	0.5638159604188703	0.5607423279501381	0.46129748344478133	0.535079731488232	0.5338509572994031	0.5363005004359687	1.623816394634796e-08	0.1269896274060481	1.580506819158526e-08	1.8438286121126927e-08	0.28835973489724165	0.17013769450699073	0.48083253941685083	0.4808325394168508	0.48083253941685083	0.17013769450699082	1.666000468656264e-08	0.5363005004359687	0.9354065638401282
C_IA104_18	0.5587895464274305	0.5338509572994041	0.2462313892974996	0.17822563638993358	0.11910873118482583	1.1780402288468106e-08	0.21500715692053013	0.23027127364895716	1.666000468656264e-08	0.1701376945069906	0.797191917522632	0.12979150567987927	1.4901161193847656e-08	1.5359765386647212e-08	1.2630087147454087e-08	0.01324132202684328	0.3234471030232159	0.16953198141284548	0.17473165569360405	0.17822563638993247	0.17013769450699076	0.23027127364895722	0.230271273648957	0.07727677542442826	1.3431725187092979e-08	0.039652550325567235	0.23027127364895697	0.07727677542442764	1.8250120749944284e-08	0.0	0.07727677542442814	1.766951248633889e-08	1.64490843164553e-08	0.3839335622343249	0.28410572360724073	0.39642115961754154	0.21582184529077902	0.16953198141284506	0.17013769450699037	1.3431725187092979e-08	0.1191087311848258	1.2067896221808679e-08	0.07145978065631696	0.0714597806563173	0.230271273648957	0.17848828802582345	0.16953198141284498	1.3431725187092979e-08	0.17013769450699043	0.28196403889272104	0.17013769450699034	0.17848828802582364	0.14960994969166208	1.3938759963117321e-08	0.25283030906608756	0.16953198141284498	0.17013769450699048	0.1302318683048304	0.2215523550715774	1.368524257510515e-08	0.2570589084488534	0.11910873118482254	1.235539015514925e-08	0.494329856008723	0.17013769450699062	0.23575490736269245	0.17013769450699057	1.4664574239789354e-08	0.1701376945069905	0.20295439126100562	0.23295040712789306	0.14960994969166208	1.3431725187092979e-08	0.29895270707217925	0.17013769450699048	1.2630087147454087e-08	1.4427987285731051e-08	0.13606239010117738	0.3206800258036014	0.4943298560087231	0.23945022579236266	0.17822563638993263	0.17822563638993272	0.3246391036628353	0.23027127364895722	0.22155235507157658	0.5900669533088051	0.21500715692053018	0.23739458772747374	0.17013769450699057	0.07727677542443212	0.288359734897243	0.23739458772747365	0.5933299036839796	0.5587895464274293	0.5414246022659586	0.5587895464274292	0.5363005004359686	0.5414246022659582	0.5684901775361544	0.5587895464274293	0.5587895464274293	0.5587895464274293	0.42944553168063454	0.5587895464274293	0.3908367533845513	0.4708735887935316	0.4703627790104904	0.531039911178229	0.39083675338455137	0.5363005004359686	0.5338509572994031	0.535079731488232	0.480832539416851	0.4612974834447814	0.5069820131821878	0.48083253941685095	0.5675656342974349	0.533850957299403	0.5363005004359686	0.5587895464274293	0.533850957299403	0.5587895464274293	0.5581077546101393	0.535079731488232	0.5587895464274292	0.535079731488232	0.5587895464274293	0.5363005004359686	0.533850957299403	0.5363005004359686	0.662798866237284	0.44653294805196797	0.5587895464274293	0.5638159604188703	0.5607423279501378	0.4612974834447813	0.5350797314882318	0.5338509572994029	0.5363005004359687	1.316825466342595e-08	0.12698962740604952	1.3938759963117321e-08	1.6865714732474496e-08	0.28835973489724154	0.17013769450699043	0.4808325394168508	0.4808325394168508	0.4808325394168508	0.17013769450699048	1.4427987285731051e-08	0.5363005004359687	0.9354065638401283
C_IA107_18	0.5602309927986003	0.5356903220338367	0.2544599250897063	0.17096223813236225	0.14647292802373116	0.07727677542442768	0.22131863246733632	0.20953716018298899	0.0772767754244297	0.1847847136045164	0.808022573701763	0.15964703630923488	0.07727677542442868	0.07727677542442858	0.07727677542442894	0.07877860689694427	0.309236902624103	0.18254366116454587	0.18372754317507883	0.1709622381323603	0.18478471360451634	0.20953716018298826	0.2095371601829884	1.4664574239789354e-08	0.07727677542442962	0.0753205185325987	0.20953716018298807	1.580506819158526e-08	0.07727677542442962	0.07727677542442814	0.0	0.07727677542442796	0.0772767754244281	0.37132623969928463	0.2884818619073285	0.3794180697394869	0.22463457804321812	0.18254366116454593	0.1847847136045164	0.0772767754244272	0.1464729280237314	0.07727677542442693	0.09703463550493464	0.0970346355049348	0.2095371601829875	0.18860012512034416	0.1825436611645459	0.0772767754244258	0.18478471360451662	0.30432964670233925	0.18478471360451654	0.18860012512034457	0.16623234498404527	0.07727677542442585	0.26175371662152797	0.18254366116454604	0.1847847136045167	0.14489051862258612	0.20251069483451375	0.07727677542442526	0.27576215627194905	0.14647292802372772	0.07727677542442508	0.48862588459831724	0.18478471360451681	0.26024613436441574	0.18478471360451676	0.0772767754244253	0.18478471360451668	0.2117821909460012	0.25347690446639676	0.1662323449840451	0.0772767754244248	0.30887900655596184	0.1847847136045167	0.07727677542442463	0.07727677542442468	0.16260093449906363	0.3530047268934043	0.4886258845983171	0.22331136184425432	0.17096223813236117	0.17096223813236117	0.3098813400293525	0.2095371601829868	0.20251069483451237	0.5930779912266151	0.2213186324673367	0.21507462488307638	0.18478471360451693	1.4427987285731051e-08	0.27399309421319584	0.21507462488307644	0.5946186975461248	0.5602309927985994	0.5433194061424971	0.5602309927985994	0.5380803436019523	0.543319406142497	0.5707214670211228	0.5602309927985994	0.5602309927985994	0.5602309927985994	0.432567490859031	0.5602309927985994	0.3911346086219973	0.46328498697164205	0.4626322437990419	0.5368890989814161	0.3911346086219973	0.5380803436019522	0.5356903220338367	0.5377664583438685	0.46708753826601246	0.46452520424108373	0.4958799082600443	0.4670875382660124	0.5700464721203053	0.5356903220338365	0.5380803436019521	0.5602309927985992	0.5356903220338365	0.5602309927985993	0.5606998449486136	0.5377664583438683	0.5602309927985991	0.5377664583438683	0.5602309927985992	0.5380803436019519	0.5356903220338364	0.538080343601952	0.6633481657355671	0.42055089967606735	0.5602309927985992	0.5663776057996647	0.5632528474670647	0.4645252042410833	0.5377664583438682	0.5356903220338364	0.538080343601952	0.07727677542442352	0.111325602610719	0.07727677542442356	0.07727677542442374	0.2739930942131926	0.1847847136045163	0.46708753826601207	0.46708753826601207	0.46708753826601207	0.1847847136045162	0.07727677542442368	0.5380803436019521	0.9530013379168781
C_IA110_18	0.5587895464274305	0.5338509572994038	0.24623138929749958	0.1782256363899335	0.1191087311848266	1.4427987285731051e-08	0.21500715692053013	0.23027127364895694	1.7071424778386354e-08	0.17013769450699073	0.797191917522632	0.12979150567987915	1.3938759963117321e-08	1.3938759963117321e-08	1.4901161193847656e-08	0.013241322026863978	0.32344710302321567	0.16953198141284515	0.17473165569360383	0.17822563638993275	0.17013769450699046	0.23027127364895708	0.2302712736489574	0.0772767754244276	1.4901161193847656e-08	0.039652550325573535	0.23027127364895683	0.07727677542442715	1.747316032582309e-08	1.766951248633889e-08	0.07727677542442796	0.0	1.4427987285731051e-08	0.383933562234325	0.28410572360724073	0.39642115961754143	0.21582184529077883	0.16953198141284498	0.1701376945069904	1.1175870895385742e-08	0.11910873118482655	1.235539015514925e-08	0.07145978065631609	0.07145978065631672	0.23027127364895694	0.17848828802582373	0.16953198141284484	1.1780402288468106e-08	0.17013769450699043	0.28196403889272137	0.17013769450699057	0.17848828802582392	0.14960994969166183	1.235539015514925e-08	0.25283030906608744	0.16953198141284487	0.17013769450699057	0.13023186830483063	0.22155235507157783	1.1780402288468106e-08	0.2570589084488535	0.11910873118482321	1.2904784139758924e-08	0.4943298560087229	0.17013769450699062	0.23575490736269214	0.17013769450699057	1.235539015514925e-08	0.17013769450699054	0.20295439126100528	0.2329504071278936	0.14960994969166191	1.2904784139758924e-08	0.29895270707217925	0.17013769450699057	1.1780402288468106e-08	1.3431725187092979e-08	0.13606239010117613	0.3206800258036014	0.49432985600872315	0.23945022579236244	0.1782256363899331	0.17822563638993302	0.32463910366283555	0.23027127364895725	0.22155235507157692	0.5900669533088052	0.21500715692053035	0.23739458772747385	0.1701376945069906	0.07727677542443168	0.28835973489724315	0.23739458772747385	0.5933299036839796	0.5587895464274293	0.5414246022659583	0.5587895464274293	0.5363005004359687	0.5414246022659582	0.5684901775361543	0.5587895464274293	0.5587895464274293	0.5587895464274294	0.42944553168063454	0.5587895464274293	0.3908367533845512	0.4708735887935317	0.47036277901049006	0.531039911178229	0.39083675338455126	0.5363005004359686	0.5338509572994031	0.535079731488232	0.480832539416851	0.4612974834447814	0.5069820131821875	0.48083253941685095	0.5675656342974348	0.533850957299403	0.5363005004359686	0.5587895464274292	0.533850957299403	0.5587895464274293	0.5581077546101397	0.5350797314882318	0.5587895464274291	0.535079731488232	0.5587895464274292	0.5363005004359684	0.5338509572994029	0.5363005004359684	0.662798866237284	0.446532948051968	0.5587895464274293	0.5638159604188704	0.5607423279501377	0.4612974834447813	0.5350797314882318	0.5338509572994031	0.5363005004359687	1.1175870895385742e-08	0.1269896274060498	1.2904784139758924e-08	1.368524257510515e-08	0.2883597348972417	0.1701376945069905	0.4808325394168508	0.4808325394168508	0.4808325394168508	0.1701376945069906	1.4427987285731051e-08	0.5363005004359687	0.9354065638401283
C_IA111_18	0.5587895464274304	0.5338509572994038	0.24623138929749958	0.1782256363899339	0.11910873118482662	1.3938759963117321e-08	0.2150071569205302	0.23027127364895728	1.766951248633889e-08	0.1701376945069908	0.797191917522632	0.12979150567987924	1.1780402288468106e-08	1.7865864646854695e-08	1.4427987285731051e-08	0.013241322026876555	0.3234471030232157	0.16953198141284523	0.17473165569360405	0.17822563638993294	0.17013769450699073	0.2302712736489573	0.2302712736489571	0.07727677542442751	1.235539015514925e-08	0.03965255032557581	0.23027127364895683	0.07727677542442705	1.747316032582309e-08	1.64490843164553e-08	0.0772767754244281	1.4427987285731051e-08	0.0	0.383933562234325	0.28410572360724073	0.39642115961754154	0.2158218452907787	0.16953198141284492	0.17013769450699043	1.235539015514925e-08	0.11910873118482702	1.3431725187092979e-08	0.07145978065631556	0.07145978065631575	0.23027127364895705	0.17848828802582384	0.16953198141284487	1.1780402288468106e-08	0.17013769450699054	0.28196403889272137	0.17013769450699054	0.17848828802582395	0.14960994969166191	1.2904784139758924e-08	0.2528303090660875	0.16953198141284484	0.1701376945069905	0.1302318683048306	0.22155235507157797	1.235539015514925e-08	0.2570589084488535	0.11910873118482371	1.3431725187092979e-08	0.49432985600872303	0.1701376945069906	0.23575490736269217	0.17013769450699065	1.2630087147454087e-08	0.17013769450699057	0.20295439126100542	0.23295040712789372	0.14960994969166197	1.1478136591926925e-08	0.29895270707217925	0.17013769450699057	1.2904784139758924e-08	1.1175870895385742e-08	0.13606239010117585	0.32068002580360144	0.4943298560087232	0.23945022579236228	0.17822563638993294	0.1782256363899329	0.32463910366283566	0.2302712736489573	0.22155235507157717	0.5900669533088052	0.21500715692053027	0.237394587727474	0.17013769450699068	0.07727677542443177	0.28835973489724315	0.23739458772747404	0.5933299036839796	0.5587895464274293	0.5414246022659583	0.5587895464274293	0.5363005004359686	0.5414246022659581	0.5684901775361542	0.5587895464274293	0.5587895464274293	0.5587895464274293	0.42944553168063454	0.5587895464274292	0.39083675338455115	0.47087358879353164	0.4703627790104901	0.531039911178229	0.39083675338455126	0.5363005004359684	0.5338509572994031	0.5350797314882321	0.480832539416851	0.4612974834447814	0.5069820131821875	0.4808325394168509	0.5675656342974348	0.533850957299403	0.5363005004359686	0.5587895464274292	0.533850957299403	0.5587895464274293	0.5581077546101398	0.535079731488232	0.5587895464274291	0.535079731488232	0.5587895464274292	0.5363005004359686	0.533850957299403	0.5363005004359686	0.6627988662372839	0.44653294805196814	0.5587895464274292	0.5638159604188703	0.5607423279501376	0.4612974834447813	0.5350797314882317	0.5338509572994029	0.5363005004359687	1.1780402288468106e-08	0.1269896274060505	1.235539015514925e-08	1.4901161193847656e-08	0.28835973489724176	0.17013769450699065	0.4808325394168508	0.4808325394168508	0.48083253941685083	0.17013769450699073	1.1780402288468106e-08	0.5363005004359686	0.9354065638401282
C_IA156_18	0.7812235873071933	0.7708619928976016	0.5443676108659236	0.47480224859100517	0.35624822949985546	0.383933562234325	0.49668142766037304	0.35408349100269054	0.38393356223432495	0.4747405497854257	1.0074314480816016	0.4129199973495786	0.38393356223432484	0.383933562234325	0.38393356223432473	0.3823372534504106	0.3943146084247129	0.47425195092642597	0.47899295142708287	0.4748022485910051	0.4747405497854256	0.3540834910026908	0.3540834910026908	0.3713262396992843	0.3839335622343246	0.3808955629175028	0.3540834910026906	0.3713262396992843	0.383933562234325	0.3839335622343249	0.37132623969928463	0.383933562234325	0.383933562234325	0.0	0.5730343168260945	0.25549217085542575	0.4967390363888667	0.4742519509264257	0.47474054978542535	0.383933562234325	0.3562482294998551	0.383933562234325	0.3643404342358665	0.3643404342358666	0.3540834910026911	0.48084144836801923	0.4742519509264256	0.38393356223432523	0.4747405497854253	0.5036735909703793	0.4747405497854253	0.48084144836801923	0.3815316031000823	0.38393356223432534	0.49423707101878084	0.47425195092642547	0.4747405497854253	0.3459727508014354	0.3208972308427661	0.38393356223432534	0.4219965752411513	0.3562482294998545	0.38393356223432534	0.3362314807516409	0.4747405497854253	0.5515260271626415	0.47474054978542524	0.38393356223432534	0.4747405497854253	0.49043205087946984	0.5490039197548838	0.38153160310008244	0.38393356223432545	0.5986890831541454	0.47474054978542535	0.38393356223432545	0.3839335622343255	0.3650655163121648	0.5510300747472451	0.33623148075164144	0.354968599484105	0.4748022485910049	0.47480224859100484	0.4191805310309814	0.35408349100269176	0.3208972308427658	0.6294044994526283	0.4966814276603727	0.3615031839348043	0.47474054978542524	0.37132623969928624	0.4013082706042166	0.36150318393480435	0.8039965927424336	0.781223587307192	0.7697365325947061	0.781223587307192	0.7736687027877381	0.7697365325947059	0.7942337374060416	0.781223587307192	0.781223587307192	0.781223587307192	0.5666629057512135	0.781223587307192	0.55058487166269	0.5826503575013703	0.5816290763831591	0.7714665095714478	0.55058487166269	0.7736687027877382	0.7708619928975996	0.7690153341222576	0.586531194536944	0.5794565807619606	0.6298065599592834	0.5865311945369441	0.8067341941988908	0.7708619928975997	0.7736687027877384	0.7812235873071922	0.7708619928975997	0.781223587307192	0.8040743434924765	0.7690153341222578	0.781223587307192	0.7690153341222576	0.781223587307192	0.7736687027877385	0.7708619928975998	0.7736687027877384	0.9079578613523926	0.5772871815725898	0.781223587307192	0.7912613291929821	0.8072902552871377	0.5794565807619607	0.7690153341222576	0.7708619928975998	0.7736687027877386	0.38393356223432573	0.37783911477813426	0.38393356223432573	0.38393356223432595	0.40130827060421725	0.47474054978542546	0.5865311945369441	0.5865311945369441	0.5865311945369441	0.4747405497854255	0.38393356223432584	0.7736687027877384	1.1763529309093734
C_IL004_18	0.5209159421055114	0.47843252395458935	0.2901275580221857	0.26930315976430685	0.3073738420765982	0.2841057236072407	0.21080507983674618	0.39518912256145194	0.2841057236072409	0.2799509904283262	0.7602245866138805	0.2872316144054514	0.28410572360724073	0.2841057236072409	0.2841057236072408	0.2856380961801278	0.49981439571067054	0.27644234912107474	0.27168826443445354	0.26930315976430624	0.27995099042832594	0.3951891225614519	0.3951891225614518	0.2884818619073284	0.2841057236072407	0.28761441722163195	0.3951891225614516	0.28848186190732833	0.2841057236072409	0.28410572360724073	0.2884818619073285	0.28410572360724073	0.28410572360724073	0.5730343168260945	0.0	0.5301797776467053	0.291866330420213	0.27644234912107457	0.27995099042832594	0.2841057236072407	0.3073738420765983	0.28410572360724073	0.2928446271574521	0.29284462715745213	0.3951891225614516	0.27836673095724995	0.2764423491210745	0.28410572360724073	0.27995099042832594	0.4055451360322899	0.27995099042832594	0.27836673095725006	0.3788061378701665	0.28410572360724073	0.38687897551183	0.2764423491210745	0.27995099042832594	0.32416519259006055	0.3909138053529241	0.28410572360724073	0.4297225408094922	0.30737384207659707	0.28410572360724073	0.7042124722238652	0.27995099042832594	0.21766997265908059	0.279950990428326	0.28410572360724073	0.279950990428326	0.27554298288699586	0.1926330829506112	0.37880613787016665	0.2841057236072408	0.27104124614675235	0.279950990428326	0.2841057236072408	0.28410572360724085	0.3038341616863251	0.4709307653200924	0.7042124722238655	0.3876753841022928	0.2693031597643064	0.26930315976430647	0.4709805740635933	0.3951891225614518	0.39091380535292347	0.7013829907746078	0.2108050798367462	0.38496714436491725	0.279950990428326	0.28848186190732955	0.3929845869411531	0.3849671443649172	0.5288580430944813	0.5209159421055103	0.494049410751029	0.5209159421055102	0.47985691582631923	0.4940494107510288	0.5327283032574948	0.5209159421055102	0.5209159421055102	0.5209159421055102	0.4818247816549513	0.5209159421055101	0.4684022202694723	0.487672723459131	0.4882521965916317	0.47792390628756265	0.4684022202694724	0.47985691582631934	0.4784325239545887	0.48674132268571557	0.49277060144047197	0.4936668548788336	0.5379505011362082	0.4927706014404719	0.4987596999897954	0.47843252395458863	0.4798569158263193	0.5209159421055101	0.4784325239545886	0.5209159421055102	0.5340002574008219	0.4867413226857154	0.5209159421055101	0.48674132268571535	0.5209159421055101	0.4798569158263192	0.47843252395458863	0.47985691582631923	0.5960581553430692	0.49018925753033327	0.5209159421055101	0.4919906331002387	0.5366545852561462	0.4936668548788335	0.4867413226857153	0.4784325239545885	0.47985691582631923	0.28410572360724073	0.3307483255587702	0.28410572360724073	0.2841057236072408	0.3929845869411524	0.27995099042832616	0.4927706014404719	0.49277060144047186	0.49277060144047186	0.2799509904283263	0.28410572360724073	0.4798569158263192	0.8269404899061065
C_IL007_18	0.7943933615276033	0.7817817393836098	0.5614044952302383	0.4835107547293508	0.3713036869229645	0.39642115961754154	0.5114286778000778	0.36504993039120454	0.3964211596175415	0.48782463306176566	1.0121317708441795	0.4147755586320433	0.39642115961754154	0.39642115961754154	0.39642115961754154	0.39477632342974345	0.4583736450941024	0.4859696840354465	0.49303093862254777	0.4835107547293506	0.48782463306176566	0.365049930391205	0.36504993039120476	0.3794180697394869	0.39642115961754143	0.39154662088323855	0.3650499303912047	0.37941806973948683	0.39642115961754154	0.39642115961754154	0.3794180697394869	0.39642115961754143	0.39642115961754154	0.25549217085542575	0.5301797776467053	0.0	0.5134316236388174	0.48596968403544627	0.4878246330617656	0.39642115961754165	0.3713036869229641	0.39642115961754165	0.37684121218929656	0.37684121218929656	0.36504993039120504	0.49603405641724235	0.48596968403544627	0.39642115961754165	0.48782463306176566	0.5514541953639771	0.48782463306176566	0.4960340564172424	0.4273887309946103	0.39642115961754165	0.5209767243543207	0.48596968403544627	0.48782463306176566	0.35863422277326173	0.33911456677751556	0.3964211596175416	0.43650343112101353	0.3713036869229632	0.39642115961754154	0.36610430588988685	0.48782463306176566	0.5199998600283074	0.48782463306176566	0.39642115961754165	0.48782463306176566	0.5065105991442724	0.5139113425457154	0.4273887309946104	0.3964211596175416	0.552875506074403	0.48782463306176566	0.3964211596175416	0.3964211596175416	0.38269868211617786	0.6151613831297492	0.36610430588988707	0.36028433930592046	0.4835107547293506	0.4835107547293507	0.44576163258834345	0.3650499303912052	0.33911456677751506	0.6348549281658888	0.5114286778000778	0.3710033151375959	0.4878246330617656	0.3794180697394879	0.3945645500444056	0.3710033151375959	0.8036144261504113	0.7943933615276025	0.7851434415425524	0.7943933615276024	0.7826118410461416	0.7851434415425523	0.8054097555173684	0.7943933615276024	0.7943933615276024	0.7943933615276025	0.5839928644858356	0.7943933615276024	0.5766679091751955	0.5970095582836092	0.5955562601051266	0.8089191167139391	0.5766679091751955	0.7826118410461415	0.7817817393836088	0.7831812889556903	0.5975919607472172	0.5963874771644156	0.6408255687298817	0.5975919607472171	0.8112255435655895	0.7817817393836088	0.7826118410461415	0.7943933615276024	0.7817817393836088	0.7943933615276025	0.8201423151832451	0.7831812889556903	0.7943933615276024	0.7831812889556903	0.7943933615276024	0.7826118410461415	0.7817817393836088	0.7826118410461415	0.9206916313658099	0.5951148962232814	0.7943933615276024	0.7903066860312025	0.8237741901590385	0.5963874771644156	0.7831812889556902	0.7817817393836086	0.7826118410461416	0.3964211596175416	0.3907635830351834	0.3964211596175416	0.39642115961754176	0.39456455004440527	0.4878246330617656	0.5975919607472171	0.5975919607472171	0.5975919607472171	0.48782463306176566	0.39642115961754165	0.7826118410461415	1.175565179240338
C_IL012_18	0.43127883767968545	0.4187636311445274	0.24697603740968796	0.1973451385865716	0.2359925520778456	0.21582184529077889	0.20683730691592409	0.29166144262933613	0.21582184529077938	0.15751197258368044	0.710578570493841	0.2753301278540362	0.21582184529077908	0.21582184529077905	0.21582184529077916	0.22011430316860078	0.36216877186087376	0.1749898327813423	0.15677943708248887	0.19734513858657085	0.15751197258368047	0.2916614426293358	0.2916614426293356	0.22463457804321796	0.21582184529077925	0.2189557495739543	0.2916614426293355	0.224634578043218	0.21582184529077947	0.21582184529077902	0.22463457804321812	0.21582184529077883	0.2158218452907787	0.4967390363888667	0.291866330420213	0.5134316236388174	0.0	0.17498983278134247	0.1575119725836806	0.2158218452907786	0.23599255207784553	0.21582184529077852	0.22578664130378392	0.22578664130378392	0.29166144262933524	0.12872876617764242	0.17498983278134267	0.21582184529077816	0.15751197258368096	0.21883752417040248	0.15751197258368088	0.12872876617764306	0.242953377883008	0.215821845290778	0.25119117216350817	0.1749898327813427	0.15751197258368102	0.23997881368784738	0.30645780287702823	0.21582184529077797	0.3831727509654416	0.23599255207784306	0.215821845290778	0.635012606116144	0.1575119725836812	0.1964939836290531	0.15751197258368127	0.21582184529077794	0.1575119725836811	0.10131250764054471	0.21099303734306044	0.24295337788300786	0.2158218452907778	0.3086019372981349	0.1575119725836811	0.21582184529077764	0.2158218452907777	0.2634956648040641	0.2494539272488771	0.635012606116144	0.3067705002545479	0.19734513858657135	0.19734513858657132	0.3609924442808451	0.2916614426293347	0.30645780287702734	0.7156474887926444	0.2068373069159246	0.3060942068328114	0.15751197258368146	0.2246345780432182	0.38499918574049696	0.3060942068328115	0.46933398204055754	0.43127883767968445	0.4058552015966018	0.43127883767968445	0.43529643879825936	0.40585520159660177	0.4430191191765074	0.4312788376796844	0.43127883767968433	0.4312788376796844	0.36899076249409835	0.4312788376796844	0.3656180934736418	0.4067506239779709	0.40666227802575183	0.3970968143804101	0.3656180934736418	0.43529643879825936	0.41876363114452786	0.39678254473301694	0.42369569058911327	0.3845633111729222	0.45719647985601974	0.42369569058911316	0.4408354529252729	0.4187636311445276	0.4352964387982592	0.43127883767968395	0.4187636311445274	0.43127883767968406	0.4314909865354795	0.39678254473301655	0.431278837679684	0.39678254473301655	0.4312788376796841	0.435296438798259	0.4187636311445274	0.4352964387982592	0.5377266768727258	0.4091482754620666	0.43127883767968406	0.43483693315871774	0.43460026787129413	0.3845633111729217	0.3967825447330166	0.41876363114452747	0.4352964387982591	0.21582184529077744	0.2482934945631179	0.2158218452907774	0.21582184529077716	0.3849991857404943	0.15751197258368047	0.4236956905891129	0.4236956905891129	0.42369569058911283	0.1575119725836803	0.21582184529077744	0.43529643879825913	0.8719104990886286
C_IL013_18	0.4275073690312093	0.44935967761062356	0.23496283745204333	0.0790418541812499	0.2143105830565367	0.16953198141284467	0.19444160404791733	0.2783932362077977	0.16953198141284515	0.044595832142044815	0.7276847677403068	0.24067917628529586	0.16953198141284498	0.16953198141284503	0.16953198141284492	0.17530015146261668	0.36014066153586966	1.1175870895385742e-08	0.09109822419128578	0.07904185418124773	0.04459583214204544	0.27839323620779743	0.27839323620779727	0.1825436611645459	0.16953198141284512	0.17004478980735976	0.2783932362077972	0.18254366116454576	0.16953198141284534	0.16953198141284506	0.18254366116454593	0.16953198141284498	0.16953198141284492	0.4742519509264257	0.27644234912107457	0.48596968403544627	0.17498983278134247	0.0	0.04459583214204489	0.16953198141284467	0.21431058305653708	0.16953198141284476	0.17910314554242085	0.17910314554242085	0.2783932362077972	0.10890860116838744	6.710886025719062e-09	0.16953198141284445	0.04459583214204583	0.2374025096593351	0.04459583214204559	0.108908601168388	0.1988274777907374	0.1695319814128444	0.17040899280776436	8.533291253096434e-09	0.04459583214204598	0.21417059507709207	0.2863384951853557	0.16953198141284426	0.37721389252064275	0.21431058305653475	0.16953198141284428	0.611705759561822	0.04459583214204668	0.218280050495842	0.044595832142046876	0.1695319814128443	0.04459583214204637	0.14897663943079503	0.20736476500403572	0.19882747779073737	0.1695319814128442	0.2975754345284259	0.04459583214204622	0.16953198141284415	0.16953198141284417	0.23139393543639694	0.2970101634468382	0.611705759561822	0.28917012785662616	0.07904185418124883	0.07904185418124883	0.35555855520350726	0.278393236207797	0.2863384951853548	0.7218900966562225	0.1944416040479176	0.28903307225264013	0.04459583214204684	0.18254366116454673	0.3570652691716225	0.2890330722526402	0.46771300003567445	0.4275073690312081	0.4332409360976244	0.4275073690312081	0.4520729926073001	0.43324093609762415	0.46928708610507536	0.4275073690312082	0.42750736903120806	0.4275073690312082	0.4002887686722963	0.4275073690312082	0.36058962986560966	0.4402062062442022	0.4401397086419679	0.44764141639635385	0.3605896298656097	0.45207299260730005	0.44935967761062334	0.44286458198832607	0.44497642222078615	0.4326678161686892	0.47540247062878505	0.44497642222078604	0.4802768861116847	0.4493596776106231	0.45207299260730005	0.427507369031208	0.4493596776106231	0.42750736903120806	0.47140459363998055	0.4428645819883259	0.42750736903120795	0.4428645819883258	0.42750736903120806	0.4520729926073	0.44935967761062307	0.45207299260730005	0.5356187477273969	0.416266729070061	0.427507369031208	0.4756998457218469	0.4741127352058414	0.43266781616868893	0.4428645819883258	0.4493596776106231	0.4520729926073001	0.1695319814128441	0.2138219483919775	0.169531981412844	0.16953198141284398	0.35706526917162057	0.044595832142045634	0.4449764222207858	0.4449764222207858	0.44497642222078587	0.04459583214204528	0.16953198141284406	0.45207299260730016	0.8759137722152901
C_IL018_18	0.42891096637321013	0.4509978620621915	0.24088293309820358	0.08794616702313356	0.2134980849565526	0.1701376945069903	0.20207752989089872	0.28117393809598656	0.17013769450699018	1.235539015514925e-08	0.728580023069109	0.2428199370596677	0.1701376945069903	0.17013769450699046	0.17013769450699015	0.1761908415941103	0.36261776576606797	0.04459583214204629	0.10188711214107392	0.08794616702313218	1.2494232099350606e-08	0.2811739380959869	0.2811739380959869	0.18478471360451623	0.17013769450699012	0.17411729555916258	0.2811739380959867	0.18478471360451604	0.17013769450699046	0.17013769450699037	0.1847847136045164	0.1701376945069904	0.17013769450699043	0.47474054978542535	0.27995099042832594	0.4878246330617656	0.1575119725836806	0.04459583214204489	0.0	0.17013769450699046	0.21349808495655292	0.1701376945069904	0.18323862192475332	0.1832386219247535	0.281173938095987	0.09235559928075707	0.044595832142044586	0.1701376945069906	8.930820268941843e-09	0.24062345927825846	7.450580596923828e-09	0.09235559928075729	0.19566550507295338	0.17013769450699073	0.17103767307850787	0.0445958321420445	8.736580162911545e-09	0.2169752311134674	0.28859426449167497	0.17013769450699084	0.37866135218575114	0.21349808495655132	0.1701376945069908	0.6120107482849353	9.497663962827594e-09	0.20876079906248168	1.0202127648613716e-08	0.1701376945069909	9.125060374972142e-09	0.15628398218368164	0.21171670904947706	0.19566550507295355	0.17013769450699093	0.3005739317857505	9.125060374972142e-09	0.17013769450699096	0.17013769450699098	0.2320618824886287	0.28202707631699486	0.6120107482849356	0.29132755093695983	0.0879461670231323	0.08794616702313227	0.3574107371425791	0.2811739380959875	0.2885942644916744	0.7218155492784513	0.20207752989089894	0.2915793712275096	9.125060374972142e-09	0.1847847136045187	0.3582472507573574	0.2915793712275096	0.4690479752864006	0.42891096637320864	0.43474556339866954	0.42891096637320864	0.4597026693801164	0.43474556339866927	0.4705755772393641	0.42891096637320864	0.42891096637320864	0.42891096637320875	0.4027561968025338	0.42891096637320864	0.36446913497688443	0.44218430284004673	0.4421145897611334	0.4492632066583092	0.3644691349768845	0.4597026693801164	0.4509978620621901	0.44431459524372774	0.45263317682573495	0.4344777551651583	0.4816521895910416	0.45263317682573495	0.48132131953150725	0.4509978620621901	0.45970266938011645	0.42891096637320864	0.4509978620621901	0.4289109663732087	0.4727844556773886	0.4443145952437277	0.42891096637320864	0.4443145952437277	0.42891096637320864	0.45970266938011656	0.45099786206219017	0.4597026693801165	0.536754025935408	0.418798342497948	0.4289109663732087	0.4769556765779177	0.4755648162726308	0.4344777551651582	0.44431459524372763	0.45099786206219017	0.45970266938011667	0.17013769450699112	0.2160673422554371	0.17013769450699118	0.17013769450699132	0.35824725075735675	1.148211584048155e-08	0.45263317682573484	0.45263317682573484	0.45263317682573484	1.0860994262332657e-08	0.17013769450699118	0.4597026693801166	0.8773628398644131
C_IL019_18	0.5587895464274304	0.5338509572994039	0.24623138929749908	0.17822563638993372	0.1191087311848272	1.2904784139758924e-08	0.21500715692053013	0.230271273648957	1.235539015514925e-08	0.17013769450699054	0.7971919175226319	0.12979150567987893	1.0856291511554625e-08	1.235539015514925e-08	9.85619169125181e-09	0.013241322026893324	0.32344710302321544	0.1695319814128449	0.1747316556936036	0.1782256363899328	0.17013769450699046	0.23027127364895694	0.2302712736489571	0.07727677542442674	1.2067896221808679e-08	0.03965255032558124	0.23027127364895683	0.07727677542442633	1.4901161193847656e-08	1.3431725187092979e-08	0.0772767754244272	1.1175870895385742e-08	1.235539015514925e-08	0.383933562234325	0.2841057236072407	0.39642115961754165	0.2158218452907786	0.16953198141284467	0.17013769450699046	0.0	0.11910873118482726	8.33000234328132e-09	0.07145978065631459	0.07145978065631511	0.23027127364895683	0.1784882880258237	0.1695319814128446	9.125060374972142e-09	0.17013769450699046	0.28196403889272154	0.17013769450699046	0.17848828802582395	0.14960994969166172	7.450580596923828e-09	0.2528303090660875	0.16953198141284456	0.1701376945069905	0.13023186830483052	0.22155235507157797	8.33000234328132e-09	0.2570589084488534	0.119108731184824	7.450580596923828e-09	0.49432985600872287	0.1701376945069905	0.23575490736269192	0.1701376945069905	9.125060374972142e-09	0.17013769450699043	0.2029543912610051	0.23295040712789403	0.14960994969166186	9.125060374972142e-09	0.2989527070721792	0.1701376945069905	9.125060374972142e-09	9.85619169125181e-09	0.1360623901011745	0.32068002580360133	0.4943298560087231	0.23945022579236172	0.17822563638993305	0.178225636389933	0.32463910366283577	0.23027127364895708	0.22155235507157717	0.5900669533088053	0.2150071569205304	0.23739458772747393	0.17013769450699057	0.07727677542443069	0.288359734897243	0.23739458772747396	0.5933299036839795	0.5587895464274293	0.5414246022659581	0.5587895464274292	0.5363005004359686	0.5414246022659581	0.5684901775361539	0.5587895464274292	0.5587895464274292	0.5587895464274293	0.4294455316806345	0.5587895464274292	0.3908367533845511	0.47087358879353164	0.47036277901049	0.5310399111782289	0.39083675338455115	0.5363005004359684	0.5338509572994031	0.535079731488232	0.480832539416851	0.4612974834447814	0.5069820131821873	0.48083253941685095	0.5675656342974347	0.533850957299403	0.5363005004359686	0.5587895464274292	0.5338509572994029	0.5587895464274293	0.5581077546101402	0.5350797314882318	0.5587895464274291	0.5350797314882318	0.5587895464274292	0.5363005004359684	0.5338509572994029	0.5363005004359684	0.6627988662372838	0.4465329480519681	0.5587895464274292	0.5638159604188703	0.5607423279501373	0.46129748344478133	0.5350797314882318	0.5338509572994029	0.5363005004359686	8.33000234328132e-09	0.12698962740605094	9.125060374972142e-09	1.0856291511554625e-08	0.2883597348972417	0.17013769450699046	0.4808325394168508	0.4808325394168508	0.4808325394168508	0.17013769450699046	1.0856291511554625e-08	0.5363005004359686	0.9354065638401283
C_IL020_18	0.5679961281365555	0.5453296818653562	0.28827425256424033	0.2215556380716615	1.5359765386647212e-08	0.11910873118482575	0.24737658856600114	0.2087942576188406	0.11910873118482464	0.21349808495655337	0.8385772186297381	0.19249821203876516	0.11910873118482548	0.1191087311848258	0.11910873118482469	0.11884572894476352	0.2999576344512538	0.21431058305653752	0.2188960855781257	0.2215556380716614	0.21349808495655329	0.2087942576188428	0.20879425761884268	0.14647292802373077	0.11910873118482437	0.13419916800027337	0.2087942576188423	0.1464729280237304	0.1191087311848251	0.1191087311848258	0.1464729280237314	0.11910873118482655	0.11910873118482702	0.3562482294998551	0.3073738420765983	0.3713036869229641	0.23599255207784553	0.21431058305653708	0.21349808495655292	0.11910873118482726	0.0	0.1191087311848275	0.11272200470206965	0.11272200470207011	0.20879425761884382	0.2198667047767043	0.21431058305653672	0.11910873118482909	0.21349808495655256	0.29795349832706874	0.21349808495655262	0.2198667047767042	0.17996671210403412	0.11910873118482965	0.2875815957810844	0.21431058305653658	0.21349808495655256	0.0983824101449246	0.2050954998677405	0.11910873118483005	0.30149490365349857	7.890291470102574e-09	0.11910873118483	0.4849428774322374	0.21349808495655245	0.26996610194953075	0.21349808495655245	0.11910873118483058	0.21349808495655254	0.22770086346355062	0.26885168909267587	0.17996671210403484	0.11910873118483087	0.3422791140973353	0.21349808495655254	0.1191087311848314	0.1191087311848314	0.08420325273602089	0.3413665730950213	0.4849428774322384	0.2273317818279046	0.22155563807166062	0.2215556380716606	0.29805203284529574	0.2087942576188461	0.2050954998677405	0.6167549665654481	0.2473765885660005	0.21587234655832446	0.21349808495655204	0.14647292802373865	0.261332237240829	0.21587234655832435	0.6001417485220194	0.5679961281365539	0.5533867336161776	0.5679961281365539	0.5467752825997453	0.5533867336161773	0.5807380132697916	0.5679961281365539	0.5679961281365539	0.5679961281365539	0.4140060894282226	0.5679961281365538	0.40404548407639856	0.453879618613113	0.45319069441592813	0.538189544749113	0.4040454840763986	0.5467752825997453	0.5453296818653527	0.5492455162580328	0.4713658733692511	0.4286469734803675	0.5000600804171713	0.4713658733692511	0.5839643597305247	0.5453296818653528	0.5467752825997456	0.5679961281365542	0.5453296818653529	0.5679961281365542	0.5758878193663362	0.549245516258033	0.567996128136554	0.549245516258033	0.5679961281365541	0.5467752825997458	0.5453296818653531	0.5467752825997456	0.668112684385357	0.4599987797480722	0.5679961281365543	0.5802853055914827	0.578815166681967	0.428646973480368	0.549245516258033	0.545329681865353	0.546775282599746	0.11910873118483285	0.16863356495611379	0.11910873118483296	0.1191087311848339	0.26133223724083215	0.21349808495655323	0.4713658733692514	0.4713658733692514	0.4713658733692514	0.21349808495655345	0.11910873118483291	0.5467752825997457	0.9668034147236183
C_IL022_18	0.5587895464274304	0.5338509572994039	0.2462313892974991	0.17822563638993394	0.1191087311848275	1.235539015514925e-08	0.21500715692053018	0.230271273648957	1.2904784139758924e-08	0.1701376945069905	0.7971919175226319	0.129791505679879	1.1175870895385742e-08	1.2904784139758924e-08	1.1780402288468106e-08	0.01324132202690066	0.32344710302321544	0.16953198141284487	0.17473165569360363	0.17822563638993288	0.1701376945069905	0.23027127364895703	0.23027127364895705	0.07727677542442679	1.1780402288468106e-08	0.03965255032558228	0.23027127364895683	0.07727677542442643	1.4901161193847656e-08	1.2067896221808679e-08	0.07727677542442693	1.235539015514925e-08	1.3431725187092979e-08	0.383933562234325	0.28410572360724073	0.39642115961754165	0.21582184529077852	0.16953198141284476	0.1701376945069904	8.33000234328132e-09	0.1191087311848275	0.0	0.07145978065631434	0.07145978065631467	0.2302712736489569	0.17848828802582375	0.1695319814128446	8.33000234328132e-09	0.17013769450699048	0.2819640388927216	0.17013769450699043	0.178488288025824	0.1496099496916617	9.125060374972142e-09	0.25283030906608744	0.16953198141284456	0.1701376945069905	0.13023186830483055	0.22155235507157814	9.125060374972142e-09	0.2570589084488533	0.11910873118482403	8.33000234328132e-09	0.4943298560087229	0.17013769450699057	0.2357549073626919	0.1701376945069905	9.85619169125181e-09	0.1701376945069905	0.2029543912610051	0.23295040712789417	0.14960994969166183	9.85619169125181e-09	0.2989527070721792	0.17013769450699057	1.0536712127723509e-08	1.1175870895385742e-08	0.13606239010117438	0.3206800258036014	0.49432985600872315	0.2394502257923617	0.17822563638993313	0.17822563638993316	0.3246391036628358	0.2302712736489571	0.22155235507157728	0.5900669533088053	0.21500715692053038	0.23739458772747396	0.17013769450699057	0.07727677542443065	0.2883597348972431	0.23739458772747402	0.5933299036839795	0.5587895464274293	0.5414246022659581	0.5587895464274293	0.5363005004359686	0.541424602265958	0.5684901775361539	0.5587895464274293	0.5587895464274293	0.5587895464274293	0.4294455316806345	0.5587895464274293	0.3908367533845511	0.4708735887935317	0.47036277901048995	0.5310399111782289	0.39083675338455115	0.5363005004359684	0.5338509572994031	0.535079731488232	0.480832539416851	0.46129748344478144	0.5069820131821873	0.48083253941685095	0.5675656342974347	0.533850957299403	0.5363005004359686	0.5587895464274292	0.5338509572994029	0.5587895464274293	0.5581077546101403	0.5350797314882318	0.5587895464274291	0.5350797314882318	0.5587895464274292	0.5363005004359684	0.5338509572994029	0.5363005004359684	0.6627988662372838	0.4465329480519682	0.5587895464274293	0.5638159604188704	0.5607423279501373	0.46129748344478133	0.5350797314882318	0.5338509572994029	0.5363005004359686	8.33000234328132e-09	0.12698962740605113	9.85619169125181e-09	1.2067896221808679e-08	0.28835973489724176	0.1701376945069905	0.48083253941685083	0.4808325394168508	0.48083253941685083	0.17013769450699057	9.85619169125181e-09	0.5363005004359686	0.9354065638401283
C_IL023_18	0.5597842210160803	0.5361922893189259	0.2559891627623266	0.18924929658081993	0.11272200470207021	0.07145978065631628	0.2216918709614553	0.2031049714245698	0.07145978065631894	0.1832386219247529	0.8096479185753376	0.15158626376417333	0.07145978065631745	0.07145978065631715	0.07145978065631875	0.0735877357994387	0.3025420417180607	0.17910314554242035	0.1795266127227011	0.18924929658081857	0.18323862192475274	0.20310497142456768	0.20310497142456735	0.09703463550493473	0.07145978065631933	0.06315353523575339	0.2031049714245672	0.09703463550493437	0.07145978065631964	0.07145978065631696	0.09703463550493464	0.07145978065631609	0.07145978065631556	0.3643404342358665	0.2928446271574521	0.37684121218929656	0.22578664130378392	0.17910314554242085	0.18323862192475332	0.07145978065631459	0.11272200470206965	0.07145978065631434	0.0	8.33000234328132e-09	0.20310497142456627	0.1877434886879158	0.17910314554242102	0.0714597806563123	0.18323862192475382	0.28240406011923486	0.18323862192475368	0.18774348868791638	0.16657423842435065	0.07145978065631171	0.2616559326123854	0.1791031455424212	0.1832386219247539	0.0968408417830382	0.19300554784841417	0.07145978065631094	0.2771785389825484	0.11272200470206313	0.07145978065631098	0.4837919523358602	0.18323862192475412	0.2499678190546898	0.18323862192475412	0.07145978065631045	0.18323862192475393	0.20786943454447562	0.24126022898212446	0.1665742384243501	0.07145978065630962	0.3089068963671126	0.18323862192475404	0.07145978065630876	0.07145978065630904	0.13188447197575823	0.3317591026855104	0.4837919523358596	0.21883836032950948	0.1892492965808198	0.1892492965808198	0.305451400518927	0.20310497142456457	0.19300554784841234	0.5969282399813695	0.2216918709614562	0.21193536227143844	0.18323862192475449	0.09703463550493101	0.274227900036311	0.21193536227143855	0.5937077281332797	0.5597842210160796	0.5421265020065318	0.5597842210160796	0.5389726188803357	0.5421265020065318	0.5734159938750477	0.5597842210160796	0.5597842210160795	0.5597842210160795	0.4311118268276128	0.5597842210160796	0.39269645181018353	0.4620190401669343	0.46126781316112947	0.5299035887379258	0.3926964518101836	0.5389726188803355	0.5361922893189276	0.5380050503944668	0.4659146512052002	0.4470069355220677	0.49470779077505483	0.4659146512052001	0.5710648085687403	0.5361922893189274	0.5389726188803353	0.5597842210160792	0.5361922893189272	0.5597842210160793	0.5625688073284318	0.5380050503944663	0.5597842210160793	0.5380050503944663	0.5597842210160794	0.5389726188803351	0.536192289318927	0.5389726188803352	0.6637941482010278	0.447644401647875	0.5597842210160793	0.5679526061632632	0.5653962123546593	0.447006935522067	0.5380050503944664	0.5361922893189272	0.5389726188803351	0.07145978065630627	0.11560637985155098	0.07145978065630627	0.0714597806563056	0.27422790003630576	0.1832386219247533	0.46591465120519954	0.46591465120519954	0.46591465120519954	0.18323862192475315	0.07145978065630686	0.5389726188803353	0.9566521863961645
C_IL024_18	0.5597842210160804	0.536192289318926	0.2559891627623267	0.18924929658082007	0.11272200470207089	0.07145978065631672	0.22169187096145543	0.20310497142456987	0.07145978065631894	0.18323862192475307	0.8096479185753377	0.15158626376417356	0.07145978065631797	0.07145978065631739	0.0714597806563192	0.07358773579944064	0.30254204171806076	0.17910314554242046	0.17952661272270123	0.18924929658081888	0.1832386219247529	0.20310497142456774	0.2031049714245675	0.09703463550493491	0.07145978065631953	0.06315353523575543	0.20310497142456743	0.0970346355049345	0.07145978065632007	0.0714597806563173	0.0970346355049348	0.07145978065631672	0.07145978065631575	0.3643404342358666	0.29284462715745213	0.37684121218929656	0.22578664130378392	0.17910314554242085	0.1832386219247535	0.07145978065631511	0.11272200470207011	0.07145978065631467	8.33000234328132e-09	0.0	0.20310497142456652	0.18774348868791602	0.17910314554242115	0.07145978065631234	0.18323862192475393	0.282404060119235	0.18323862192475382	0.18774348868791663	0.16657423842435076	0.071459780656312	0.2616559326123855	0.17910314554242135	0.1832386219247541	0.09684084178303856	0.19300554784841456	0.07145978065631152	0.2771785389825485	0.11272200470206349	0.07145978065631137	0.48379195233586025	0.18323862192475426	0.24996781905468982	0.18323862192475432	0.07145978065631084	0.18323862192475407	0.20786943454447568	0.24126022898212468	0.16657423842435026	0.07145978065631012	0.30890689636711266	0.18323862192475415	0.07145978065630934	0.07145978065630958	0.13188447197575812	0.33175910268551057	0.4837919523358597	0.2188383603295095	0.18924929658082001	0.18924929658082001	0.30545140051892716	0.20310497142456468	0.1930055478484127	0.5969282399813695	0.2216918709614564	0.21193536227143878	0.18323862192475468	0.09703463550493108	0.2742279000363111	0.21193536227143883	0.5937077281332797	0.5597842210160797	0.5421265020065318	0.5597842210160797	0.5389726188803358	0.5421265020065318	0.5734159938750477	0.5597842210160796	0.5597842210160796	0.5597842210160796	0.43111182682761284	0.5597842210160797	0.3926964518101836	0.4620190401669344	0.4612678131611295	0.5299035887379259	0.3926964518101836	0.5389726188803355	0.5361922893189277	0.5380050503944668	0.46591465120520026	0.4470069355220678	0.49470779077505483	0.46591465120520015	0.5710648085687404	0.5361922893189274	0.5389726188803354	0.5597842210160793	0.5361922893189273	0.5597842210160794	0.5625688073284321	0.5380050503944664	0.5597842210160793	0.5380050503944664	0.5597842210160794	0.5389726188803352	0.536192289318927	0.5389726188803353	0.6637941482010278	0.4476444016478751	0.5597842210160793	0.5679526061632632	0.5653962123546593	0.44700693552206705	0.5380050503944666	0.5361922893189273	0.5389726188803352	0.07145978065630676	0.11560637985155162	0.0714597806563067	0.07145978065630573	0.2742279000363058	0.1832386219247535	0.46591465120519965	0.46591465120519965	0.46591465120519965	0.18323862192475332	0.07145978065630715	0.5389726188803353	0.9566521863961645
C_IL025_18	0.5920592541370915	0.5720400232451347	0.36079065794733944	0.2754658476657399	0.20879425761884415	0.2302712736489571	0.33008944370314514	1.3938759963117321e-08	0.23027127364895716	0.2811739380959869	0.9090393294090973	0.285216701391113	0.23027127364895694	0.23027127364895705	0.23027127364895694	0.2304608555349369	0.20825469362569834	0.27839323620779727	0.2749884264776421	0.27546584766573934	0.28117393809598706	1.7066582506192867e-08	1.580506819158526e-08	0.20953716018298735	0.23027127364895708	0.22360545779673052	1.2342593214113514e-08	0.20953716018298735	0.2302712736489573	0.230271273648957	0.2095371601829875	0.23027127364895694	0.23027127364895705	0.3540834910026911	0.3951891225614516	0.36504993039120504	0.29166144262933524	0.2783932362077972	0.281173938095987	0.23027127364895683	0.20879425761884382	0.2302712736489569	0.20310497142456627	0.20310497142456652	0.0	0.28073904080892753	0.2783932362077971	0.23027127364895675	0.281173938095987	0.3441448626275062	0.281173938095987	0.2807390408089277	0.27058373753522713	0.23027127364895678	0.3410031987809904	0.2783932362077971	0.281173938095987	0.17031317364669077	0.0991056915556485	0.23027127364895678	0.36958287093333025	0.20879425761884174	0.23027127364895675	0.501079272505053	0.28117393809598706	0.3376690497175355	0.28117393809598706	0.23027127364895678	0.28117393809598706	0.27714639650704886	0.33005885851806044	0.27058373753522713	0.23027127364895678	0.4143704796834932	0.28117393809598706	0.23027127364895666	0.2302712736489567	0.2300843837308906	0.39892368580063803	0.5010792725050532	0.10959238812225182	0.27546584766573956	0.2754658476657396	0.1991357061013129	1.0536712127723509e-08	0.09910569155564654	0.6604141531364287	0.3300894437031452	0.08856555049640161	0.28117393809598706	0.20953716018298865	0.2385211121251423	0.08856555049640191	0.6229002383676565	0.5920592541370904	0.5778125113401775	0.5920592541370903	0.5748579527395346	0.5778125113401773	0.6047066988623724	0.5920592541370903	0.5920592541370903	0.5920592541370903	0.45103911434332816	0.5920592541370903	0.44408956772647806	0.46186391981593955	0.4613026283326659	0.5678677359379222	0.44408956772647806	0.5748579527395346	0.5720400232451338	0.5736404218655712	0.4660316702253401	0.4634978139393595	0.4986487678330639	0.4660316702253401	0.6071704660919315	0.5720400232451338	0.5748579527395346	0.5920592541370903	0.5720400232451338	0.5920592541370903	0.6003190593706805	0.5736404218655711	0.5920592541370903	0.5736404218655711	0.5920592541370904	0.5748579527395344	0.5720400232451338	0.5748579527395346	0.6872524151284485	0.4677062986915305	0.5920592541370903	0.6038017507927091	0.6030256362410373	0.4634978139393593	0.5736404218655711	0.5720400232451338	0.5748579527395346	0.23027127364895655	0.19055371393591675	0.23027127364895655	0.2302712736489566	0.2385211121251401	0.2811739380959871	0.46603167022533987	0.4660316702253398	0.4660316702253398	0.2811739380959871	0.2302712736489566	0.5748579527395346	1.0946104706857387
C_IL031_18	0.42664685213368214	0.435583534374758	0.23648642873801695	0.1304992380123663	0.21986670477670425	0.17848828802582384	0.1956373311413183	0.280739040808926	0.17848828802582317	0.09235559928075755	0.7213993870471466	0.24579031129217224	0.17848828802582337	0.17848828802582342	0.17848828802582273	0.1833585057295533	0.3575002249611441	0.10890860116838809	0.06257519892272126	0.13049923801236593	0.09235559928075777	0.28073904080892736	0.2807390408089273	0.18860012512034371	0.17848828802582295	0.1825295579503371	0.28073904080892703	0.1886001251203436	0.1784882880258233	0.17848828802582345	0.18860012512034416	0.17848828802582373	0.17848828802582384	0.48084144836801923	0.27836673095724995	0.49603405641724235	0.12872876617764242	0.10890860116838744	0.09235559928075707	0.1784882880258237	0.2198667047767043	0.17848828802582375	0.1877434886879158	0.18774348868791602	0.28073904080892753	0.0	0.10890860116838705	0.17848828802582428	0.09235559928075669	0.230612317403442	0.09235559928075661	6.452392069879462e-09	0.20539529322963074	0.1784882880258245	0.20023716000652816	0.10890860116838685	0.09235559928075661	0.22305568597701836	0.2903832444160332	0.17848828802582464	0.37453530027968573	0.21986670477670328	0.17848828802582462	0.618607630190333	0.09235559928075646	0.19795230200480257	0.0923555992807565	0.1784882880258248	0.09235559928075661	0.14003074777523644	0.20511689673558467	0.20539529322963113	0.17848828802582498	0.2996974014310166	0.09235559928075658	0.17848828802582511	0.17848828802582514	0.23966166384832435	0.2686733899438451	0.6186076301903336	0.2916821170535167	0.1304992380123655	0.13049923801236546	0.3539065754414681	0.2807390408089285	0.29038324441603286	0.7244394539328748	0.19563733114131798	0.2921485914254616	0.09235559928075623	0.18860012512034763	0.36310856763890165	0.29214859142546157	0.4665776529326261	0.4266468521336802	0.4315067479689634	0.4266468521336802	0.44705889828013073	0.4315067479689631	0.44012822441638877	0.4266468521336802	0.42664685213368025	0.42664685213368037	0.3985224388779657	0.4266468521336802	0.3607263532532982	0.4257016703399932	0.4256757614994707	0.42669285984710614	0.36072635325329827	0.44705889828013085	0.43558353437475505	0.424006605640079	0.4387243876768966	0.41332810821048643	0.4701817590269573	0.4387243876768966	0.46426820470759095	0.435583534374755	0.44705889828013096	0.4266468521336803	0.43558353437475505	0.42664685213368037	0.45605814824714475	0.4240066056400791	0.42664685213368025	0.424006605640079	0.4266468521336803	0.4470588982801311	0.4355835343747552	0.44705889828013107	0.5344245527634683	0.4125891673039032	0.42664685213368037	0.4589484025375135	0.4590178889047825	0.4133281082104866	0.424006605640079	0.43558353437475517	0.4470588982801312	0.1784882880258257	0.21645732404868268	0.17848828802582561	0.1784882880258259	0.36310856763890226	0.09235559928075751	0.43872438767689664	0.43872438767689664	0.43872438767689664	0.09235559928075775	0.17848828802582573	0.44705889828013107	0.8739192134417566
C_IL032_18	0.42750736903120923	0.4493596776106237	0.23496283745204327	0.07904185418124966	0.21431058305653625	0.16953198141284453	0.19444160404791708	0.27839323620779766	0.16953198141284498	0.04459583214204404	0.7276847677403068	0.24067917628529578	0.16953198141284484	0.16953198141284492	0.16953198141284478	0.17530015146261516	0.36014066153586977	1.1780402288468106e-08	0.0910982241912857	0.07904185418124698	0.04459583214204505	0.2783932362077974	0.2783932362077974	0.1825436611645459	0.16953198141284506	0.1700447898073584	0.2783932362077972	0.18254366116454596	0.16953198141284526	0.16953198141284498	0.1825436611645459	0.16953198141284484	0.16953198141284487	0.4742519509264256	0.2764423491210745	0.48596968403544627	0.17498983278134267	6.710886025719062e-09	0.044595832142044586	0.1695319814128446	0.21431058305653672	0.1695319814128446	0.17910314554242102	0.17910314554242115	0.2783932362077971	0.10890860116838705	0.0	0.16953198141284437	0.04459583214204532	0.23740250965933485	0.04459583214204505	0.1089086011683876	0.19882747779073734	0.16953198141284437	0.17040899280776434	6.969379981558661e-09	0.044595832142045475	0.2141705950770919	0.2863384951853554	0.1695319814128442	0.3772138925206427	0.21431058305653441	0.1695319814128442	0.6117057595618219	0.044595832142045905	0.2182800504958421	0.044595832142045905	0.16953198141284428	0.04459583214204575	0.14897663943079514	0.20736476500403525	0.19882747779073734	0.16953198141284415	0.29757543452842583	0.044595832142045676	0.1695319814128441	0.16953198141284415	0.23139393543639736	0.2970101634468381	0.6117057595618219	0.2891701278566263	0.07904185418124808	0.07904185418124808	0.35555855520350704	0.27839323620779693	0.28633849518535465	0.7218900966562225	0.19444160404791744	0.28903307225263997	0.04459583214204622	0.18254366116454687	0.35706526917162246	0.28903307225263997	0.46771300003567445	0.42750736903120806	0.4332409360976245	0.4275073690312081	0.45207299260730005	0.43324093609762426	0.46928708610507547	0.4275073690312081	0.42750736903120806	0.4275073690312081	0.4002887686722962	0.4275073690312081	0.36058962986560966	0.44020620624420215	0.44013970864196794	0.44764141639635385	0.3605896298656097	0.45207299260730005	0.4493596776106233	0.44286458198832607	0.44497642222078604	0.43266781616868916	0.47540247062878516	0.44497642222078604	0.4802768861116847	0.44935967761062307	0.45207299260730005	0.427507369031208	0.449359677610623	0.42750736903120806	0.4714045936399801	0.4428645819883258	0.4275073690312079	0.4428645819883258	0.42750736903120806	0.45207299260729994	0.44935967761062295	0.45207299260730005	0.5356187477273969	0.4162667290700609	0.427507369031208	0.4756998457218469	0.4741127352058416	0.4326678161686889	0.4428645819883258	0.44935967761062307	0.4520729926073001	0.16953198141284395	0.21382194839197705	0.16953198141284392	0.16953198141284395	0.3570652691716205	0.04459583214204489	0.44497642222078576	0.44497642222078576	0.44497642222078576	0.0445958321420447	0.169531981412844	0.45207299260730016	0.8759137722152901
C_IL033_18	0.5587895464274305	0.533850957299404	0.24623138929749894	0.17822563638993444	0.11910873118482904	1.2630087147454087e-08	0.21500715692053057	0.23027127364895694	1.316825466342595e-08	0.17013769450699073	0.7971919175226319	0.12979150567987874	1.1780402288468106e-08	1.235539015514925e-08	1.1780402288468106e-08	0.013241322026953065	0.323447103023215	0.16953198141284467	0.17473165569360338	0.1782256363899334	0.17013769450699065	0.23027127364895694	0.23027127364895703	0.07727677542442553	1.1175870895385742e-08	0.039652550325598376	0.23027127364895678	0.07727677542442508	1.623816394634796e-08	1.3431725187092979e-08	0.0772767754244258	1.1780402288468106e-08	1.1780402288468106e-08	0.38393356223432523	0.28410572360724073	0.39642115961754165	0.21582184529077816	0.16953198141284445	0.1701376945069906	9.125060374972142e-09	0.11910873118482909	8.33000234328132e-09	0.0714597806563123	0.07145978065631234	0.23027127364895675	0.17848828802582428	0.16953198141284437	0.0	0.17013769450699062	0.2819640388927221	0.17013769450699065	0.1784882880258245	0.14960994969166164	9.125060374972142e-09	0.2528303090660874	0.1695319814128443	0.17013769450699073	0.13023186830483077	0.22155235507157886	8.33000234328132e-09	0.2570589084488536	0.11910873118482557	8.33000234328132e-09	0.494329856008723	0.17013769450699076	0.2357549073626915	0.17013769450699082	9.125060374972142e-09	0.17013769450699073	0.20295439126100476	0.23295040712789522	0.14960994969166172	9.125060374972142e-09	0.2989527070721792	0.17013769450699082	9.85619169125181e-09	9.85619169125181e-09	0.13606239010117166	0.3206800258036016	0.49432985600872315	0.23945022579236103	0.17822563638993383	0.1782256363899338	0.3246391036628363	0.23027127364895697	0.22155235507157794	0.5900669533088054	0.2150071569205308	0.23739458772747452	0.17013769450699084	0.07727677542442948	0.2883597348972431	0.23739458772747457	0.5933299036839795	0.5587895464274294	0.5414246022659579	0.5587895464274293	0.5363005004359686	0.5414246022659578	0.5684901775361536	0.5587895464274294	0.5587895464274293	0.5587895464274294	0.42944553168063454	0.5587895464274293	0.39083675338455104	0.4708735887935318	0.47036277901048984	0.5310399111782289	0.3908367533845511	0.5363005004359686	0.5338509572994032	0.5350797314882321	0.4808325394168511	0.4612974834447815	0.5069820131821869	0.4808325394168511	0.5675656342974347	0.533850957299403	0.5363005004359686	0.5587895464274293	0.533850957299403	0.5587895464274293	0.5581077546101413	0.535079731488232	0.5587895464274293	0.535079731488232	0.5587895464274293	0.5363005004359686	0.533850957299403	0.5363005004359686	0.6627988662372838	0.4465329480519684	0.5587895464274293	0.5638159604188705	0.5607423279501369	0.4612974834447814	0.535079731488232	0.533850957299403	0.5363005004359687	9.125060374972142e-09	0.12698962740605324	8.33000234328132e-09	1.0856291511554625e-08	0.2883597348972418	0.17013769450699073	0.4808325394168509	0.4808325394168509	0.4808325394168509	0.17013769450699073	9.125060374972142e-09	0.5363005004359687	0.9354065638401283
C_IL034_18	0.42891096637321013	0.45099786206219156	0.24088293309820366	0.08794616702313345	0.21349808495655226	0.17013769450699034	0.2020775298908987	0.2811739380959866	0.17013769450699032	1.1925861256890577e-08	0.728580023069109	0.24281993705966784	0.17013769450699032	0.17013769450699054	0.17013769450699015	0.1761908415941085	0.36261776576606813	0.04459583214204707	0.1018871121410742	0.08794616702313167	1.2071320225313046e-08	0.281173938095987	0.28117393809598695	0.1847847136045164	0.1701376945069902	0.174117295559161	0.2811739380959868	0.18478471360451623	0.17013769450699057	0.17013769450699043	0.18478471360451662	0.17013769450699043	0.17013769450699054	0.4747405497854253	0.27995099042832594	0.48782463306176566	0.15751197258368096	0.04459583214204583	8.930820268941843e-09	0.17013769450699046	0.21349808495655256	0.17013769450699048	0.18323862192475382	0.18323862192475393	0.281173938095987	0.09235559928075669	0.04459583214204532	0.17013769450699062	0.0	0.2406234592782583	7.450580596923828e-09	0.09235559928075696	0.1956655050729535	0.17013769450699084	0.17103767307850798	0.044595832142045086	7.450580596923828e-09	0.21697523111346737	0.28859426449167475	0.17013769450699087	0.37866135218575103	0.21349808495655098	0.17013769450699082	0.6120107482849352	8.736580162911545e-09	0.208760799062482	7.90253409579263e-09	0.17013769450699104	8.33000234328132e-09	0.156283982183682	0.21171670904947665	0.19566550507295363	0.170137694506991	0.3005739317857505	8.736580162911545e-09	0.17013769450699104	0.1701376945069911	0.2320618824886294	0.28202707631699475	0.6120107482849356	0.29132755093696017	0.0879461670231319	0.0879461670231319	0.3574107371425789	0.28117393809598756	0.2885942644916742	0.7218155492784512	0.20207752989089878	0.29157937122750943	8.33000234328132e-09	0.18478471360451898	0.3582472507573574	0.2915793712275095	0.46904797528640063	0.42891096637320864	0.4347455633986698	0.4289109663732087	0.45970266938011645	0.4347455633986695	0.4705755772393644	0.4289109663732087	0.42891096637320864	0.4289109663732087	0.4027561968025338	0.42891096637320875	0.3644691349768845	0.4421843028400468	0.4421145897611335	0.4492632066583092	0.36446913497688455	0.45970266938011645	0.4509978620621901	0.4443145952437278	0.45263317682573495	0.4344777551651583	0.48165218959104183	0.45263317682573495	0.48132131953150736	0.45099786206219006	0.4597026693801165	0.42891096637320864	0.45099786206219006	0.42891096637320875	0.47278445567738814	0.44431459524372774	0.4289109663732086	0.44431459524372774	0.4289109663732087	0.4597026693801166	0.45099786206219017	0.45970266938011656	0.5367540259354081	0.41879834249794795	0.42891096637320875	0.4769556765779177	0.4755648162726311	0.43447775516515824	0.4443145952437276	0.45099786206219017	0.4597026693801167	0.1701376945069912	0.21606734225543664	0.1701376945069912	0.1701376945069914	0.3582472507573567	1.1175870895385742e-08	0.45263317682573484	0.45263317682573484	0.45263317682573484	1.1175870895385742e-08	0.1701376945069912	0.45970266938011667	0.8773628398644131
C_IL036_18	0.4009763540794425	0.38130141034129655	0.328158168467521	0.27285490284892283	0.29795349832706874	0.28196403889272115	0.279773310540151	0.34414486262750477	0.28196403889272076	0.2406234592782587	0.6833658859554838	0.34881873524845797	0.281964038892721	0.281964038892721	0.2819640388927206	0.2855520447096287	0.313709735705782	0.2374025096593355	0.22296350564429684	0.27285490284892266	0.2406234592782588	0.3441448626275057	0.3441448626275056	0.3043296467023389	0.2819640388927206	0.28243820335437725	0.34414486262750543	0.3043296467023389	0.281964038892721	0.28196403889272104	0.30432964670233925	0.28196403889272137	0.28196403889272137	0.5036735909703793	0.4055451360322899	0.5514541953639771	0.21883752417040248	0.2374025096593351	0.24062345927825846	0.28196403889272154	0.29795349832706874	0.2819640388927216	0.28240406011923486	0.282404060119235	0.3441448626275062	0.230612317403442	0.23740250965933485	0.2819640388927221	0.2406234592782583	0.0	0.24062345927825832	0.23061231740344193	0.2282136488794646	0.28196403889272237	0.19043588201241743	0.2374025096593347	0.2406234592782583	0.29362385546945863	0.36151930597250526	0.2819640388927225	0.414255318663894	0.2979534983270684	0.2819640388927225	0.6600655535175523	0.2406234592782582	0.31567898504431047	0.24062345927825818	0.2819640388927227	0.2406234592782583	0.19733376880779152	0.311194466453669	0.22821364887946508	0.2819640388927228	0.4227680486947695	0.24062345927825823	0.281964038892723	0.281964038892723	0.32065694227644814	0.18234133716023954	0.6600655535175529	0.3702190736714795	0.2728549028489222	0.2728549028489222	0.33042773388650376	0.34414486262750743	0.3615193059725052	0.7501138126173356	0.27977331054015026	0.36486402428182063	0.24062345927825798	0.30432964670234214	0.47682390759942533	0.3648640242818207	0.4468851718421881	0.4009763540794398	0.36289477626165895	0.40097635407944	0.38461252590309336	0.3628947762616585	0.41455409102452256	0.40097635407944	0.40097635407944004	0.4009763540794401	0.29832000774721146	0.40097635407944	0.2678377124264068	0.3644383391822869	0.36491488277231215	0.361295583164129	0.26783771242640697	0.38461252590309336	0.38130141034129184	0.35294459480347123	0.3736086455902009	0.32557163452354915	0.411171445212697	0.373608645590201	0.39805920760099867	0.3813014103412919	0.3846125259030937	0.40097635407944043	0.3813014103412921	0.40097635407944043	0.39154526500488324	0.3529445948034716	0.40097635407944027	0.3529445948034716	0.4009763540794403	0.38461252590309386	0.3813014103412924	0.3846125259030938	0.5121456127976043	0.3666775171464827	0.40097635407944054	0.3992800962856378	0.3944140162142716	0.32557163452354965	0.3529445948034715	0.38130141034129234	0.3846125259030941	0.28196403889272376	0.3306231477965087	0.28196403889272376	0.28196403889272403	0.4768239075994264	0.24062345927825873	0.37360864559020107	0.37360864559020107	0.3736086455902011	0.24062345927825896	0.28196403889272376	0.38461252590309386	0.8559027725919951
C_IL037_18	0.42891096637321013	0.45099786206219145	0.2408829330982036	0.08794616702313332	0.21349808495655237	0.17013769450699026	0.20207752989089872	0.2811739380959866	0.17013769450699032	1.235539015514925e-08	0.728580023069109	0.2428199370596679	0.17013769450699026	0.17013769450699048	0.1701376945069901	0.17619084159410903	0.36261776576606813	0.044595832142046606	0.10188711214107406	0.08794616702313182	1.148211584048155e-08	0.28117393809598706	0.2811739380959869	0.18478471360451637	0.1701376945069902	0.1741172955591614	0.2811739380959868	0.18478471360451618	0.1701376945069905	0.17013769450699034	0.18478471360451654	0.17013769450699057	0.17013769450699054	0.4747405497854253	0.27995099042832594	0.48782463306176566	0.15751197258368088	0.04459583214204559	7.450580596923828e-09	0.17013769450699046	0.21349808495655262	0.17013769450699043	0.18323862192475368	0.18323862192475382	0.281173938095987	0.09235559928075661	0.04459583214204505	0.17013769450699065	7.450580596923828e-09	0.24062345927825832	0.0	0.09235559928075703	0.1956655050729535	0.17013769450699082	0.17103767307850795	0.04459583214204466	6.452392069879462e-09	0.21697523111346737	0.28859426449167475	0.17013769450699087	0.37866135218575114	0.21349808495655104	0.17013769450699087	0.6120107482849353	8.533291253096434e-09	0.2087607990624819	7.90253409579263e-09	0.17013769450699104	7.450580596923828e-09	0.15628398218368192	0.2117167090494767	0.1956655050729537	0.17013769450699096	0.3005739317857505	8.33000234328132e-09	0.17013769450699104	0.1701376945069911	0.23206188248862925	0.2820270763169948	0.6120107482849356	0.29132755093696006	0.08794616702313195	0.08794616702313199	0.357410737142579	0.2811739380959875	0.28859426449167425	0.7218155492784512	0.20207752989089878	0.2915793712275095	6.710886025719062e-09	0.18478471360451895	0.3582472507573574	0.2915793712275095	0.46904797528640063	0.4289109663732086	0.43474556339866965	0.4289109663732086	0.4597026693801164	0.43474556339866943	0.4705755772393643	0.42891096637320864	0.4289109663732086	0.42891096637320864	0.4027561968025338	0.42891096637320864	0.36446913497688455	0.44218430284004673	0.4421145897611335	0.4492632066583092	0.36446913497688455	0.4597026693801164	0.4509978620621901	0.44431459524372774	0.45263317682573495	0.4344777551651583	0.4816521895910417	0.4526331768257349	0.4813213195315073	0.45099786206219006	0.4597026693801165	0.42891096637320864	0.45099786206219006	0.4289109663732087	0.4727844556773882	0.4443145952437277	0.42891096637320864	0.4443145952437277	0.42891096637320864	0.45970266938011656	0.45099786206219017	0.45970266938011656	0.5367540259354081	0.41879834249794795	0.4289109663732087	0.4769556765779177	0.47556481627263103	0.43447775516515824	0.44431459524372763	0.45099786206219017	0.4597026693801167	0.17013769450699126	0.21606734225543678	0.17013769450699126	0.17013769450699134	0.35824725075735664	1.0860994262332657e-08	0.45263317682573484	0.45263317682573484	0.4526331768257349	1.0860994262332657e-08	0.1701376945069912	0.45970266938011667	0.8773628398644131
C_IL039_18	0.4266468521336822	0.43558353437475816	0.23648642873801717	0.13049923801236651	0.21986670477670406	0.17848828802582406	0.1956373311413183	0.2807390408089262	0.17848828802582342	0.0923555992807577	0.7213993870471467	0.2457903112921725	0.17848828802582362	0.17848828802582373	0.17848828802582303	0.1833585057295519	0.35750022496114436	0.10890860116838869	0.06257519892272226	0.1304992380123659	0.09235559928075823	0.2807390408089276	0.2807390408089275	0.18860012512034416	0.17848828802582314	0.1825295579503359	0.2807390408089272	0.18860012512034405	0.17848828802582362	0.17848828802582364	0.18860012512034457	0.17848828802582392	0.17848828802582395	0.48084144836801923	0.27836673095725006	0.4960340564172424	0.12872876617764306	0.108908601168388	0.09235559928075729	0.17848828802582395	0.2198667047767042	0.178488288025824	0.18774348868791638	0.18774348868791663	0.2807390408089277	6.452392069879462e-09	0.1089086011683876	0.1784882880258245	0.09235559928075696	0.23061231740344193	0.09235559928075703	0.0	0.20539529322963102	0.17848828802582473	0.20023716000652844	0.10890860116838733	0.0923555992807568	0.2230556859770185	0.290383244416033	0.1784882880258249	0.37453530027968573	0.21986670477670317	0.1784882880258248	0.618607630190333	0.09235559928075665	0.197952302004803	0.09235559928075672	0.17848828802582503	0.09235559928075684	0.140030747775237	0.2051168967355843	0.2053952932296314	0.1784882880258252	0.29969740143101675	0.09235559928075687	0.17848828802582528	0.17848828802582536	0.23966166384832516	0.2686733899438451	0.6186076301903336	0.2916821170535171	0.13049923801236543	0.1304992380123654	0.35390657544146803	0.2807390408089287	0.29038324441603275	0.7244394539328748	0.19563733114131804	0.29214859142546157	0.09235559928075643	0.18860012512034804	0.36310856763890176	0.29214859142546157	0.4665776529326262	0.42664685213368025	0.43150674796896366	0.4266468521336803	0.4470588982801308	0.4315067479689633	0.44012822441638905	0.4266468521336803	0.42664685213368037	0.4266468521336804	0.3985224388779658	0.42664685213368025	0.3607263532532984	0.4257016703399932	0.42567576149947084	0.4266928598471062	0.36072635325329844	0.4470588982801309	0.43558353437475505	0.4240066056400791	0.4387243876768966	0.4133281082104865	0.4701817590269576	0.43872438767689664	0.46426820470759106	0.43558353437475505	0.44705889828013107	0.42664685213368037	0.43558353437475505	0.42664685213368037	0.4560581482471443	0.4240066056400792	0.4266468521336803	0.42400660564007914	0.42664685213368037	0.44705889828013123	0.43558353437475533	0.4470588982801311	0.5344245527634685	0.4125891673039032	0.4266468521336804	0.4589484025375135	0.45901788890478284	0.4133281082104867	0.4240066056400791	0.4355835343747553	0.44705889828013123	0.17848828802582595	0.2164573240486824	0.1784882880258259	0.17848828802582617	0.3631085676389023	0.0923555992807579	0.4387243876768967	0.43872438767689664	0.4387243876768967	0.09235559928075808	0.17848828802582595	0.4470588982801312	0.8739192134417567
C_IL040_18	0.5299776430287977	0.5154861443480785	0.3195043144456246	0.208471570466619	0.17996671210403437	0.14960994969166225	0.275064173070635	0.2705837375352272	0.14960994969166225	0.1956655050729535	0.7908193453188122	0.2333571539147487	0.14960994969166205	0.14960994969166205	0.14960994969166178	0.15235254094282813	0.28227927140841186	0.19882747779073734	0.20825218598730394	0.20847157046661824	0.19566550507295338	0.2705837375352273	0.2705837375352274	0.16623234498404518	0.14960994969166197	0.15673342510526653	0.2705837375352272	0.16623234498404496	0.14960994969166233	0.14960994969166208	0.16623234498404527	0.14960994969166183	0.14960994969166191	0.3815316031000823	0.3788061378701665	0.4273887309946103	0.242953377883008	0.1988274777907374	0.19566550507295338	0.14960994969166172	0.17996671210403412	0.1496099496916617	0.16657423842435065	0.16657423842435076	0.27058373753522713	0.20539529322963074	0.19882747779073734	0.14960994969166164	0.1956655050729535	0.2282136488794646	0.1956655050729535	0.20539529322963102	0.0	0.1496099496916617	0.1915930279285754	0.19882747779073726	0.1956655050729535	0.19320618784739263	0.26805165333846886	0.14960994969166166	0.30412957190111717	0.17996671210403176	0.14960994969166158	0.5204188336498322	0.19566550507295355	0.29705158313411895	0.19566550507295355	0.14960994969166186	0.19566550507295344	0.24256531694234557	0.3090119060759548	8.33000234328132e-09	0.14960994969166172	0.3968023695394847	0.19566550507295347	0.14960994969166164	0.14960994969166172	0.19931004671250196	0.272718082470353	0.5204188336498323	0.28962849773103544	0.20847157046661866	0.2084715704666186	0.30060030012944605	0.27058373753522724	0.268051653338468	0.6374664683699041	0.27506417307063513	0.2813740072107723	0.1956655050729535	0.1662323449840468	0.3538479487612004	0.2813740072107723	0.5693739786932098	0.5299776430287965	0.5170361638880858	0.5299776430287965	0.5199287485609337	0.5170361638880856	0.5462817837933862	0.5299776430287965	0.5299776430287965	0.5299776430287966	0.39227685857015876	0.5299776430287965	0.334086017671445	0.4498120727110231	0.45025682999796485	0.5129099493191683	0.334086017671445	0.5199287485609336	0.5154861443480778	0.5139006489050317	0.46424354498495346	0.4344567641116905	0.49058788047659585	0.4642435449849534	0.5474514095125015	0.5154861443480777	0.5199287485609336	0.5299776430287965	0.5154861443480776	0.5299776430287965	0.5378114695942529	0.5139006489050316	0.5299776430287964	0.5139006489050316	0.5299776430287964	0.5199287485609335	0.5154861443480775	0.5199287485609335	0.6346179056160035	0.4060389219070615	0.5299776430287965	0.5455961291817223	0.5397898839492299	0.4344567641116903	0.5139006489050315	0.5154861443480775	0.5199287485609336	0.14960994969166158	0.20835447149150643	0.14960994969166158	0.1496099496916617	0.35384794876119924	0.19566550507295338	0.46424354498495324	0.46424354498495324	0.46424354498495324	0.19566550507295344	0.14960994969166178	0.5199287485609337	0.9309312282632773
C_IL042_18	0.5587895464274305	0.533850957299404	0.24623138929749896	0.17822563638993463	0.11910873118482944	1.3938759963117321e-08	0.21500715692053068	0.230271273648957	1.4427987285731051e-08	0.1701376945069908	0.797191917522632	0.12979150567987865	1.1780402288468106e-08	1.3938759963117321e-08	1.1175870895385742e-08	0.013241322026974025	0.3234471030232149	0.1695319814128446	0.17473165569360335	0.17822563638993377	0.1701376945069908	0.230271273648957	0.230271273648957	0.07727677542442517	1.235539015514925e-08	0.0396525503256038	0.23027127364895678	0.0772767754244249	1.580506819158526e-08	1.3938759963117321e-08	0.07727677542442585	1.235539015514925e-08	1.2904784139758924e-08	0.38393356223432534	0.28410572360724073	0.39642115961754165	0.215821845290778	0.1695319814128444	0.17013769450699073	7.450580596923828e-09	0.11910873118482965	9.125060374972142e-09	0.07145978065631171	0.071459780656312	0.23027127364895678	0.1784882880258245	0.16953198141284437	9.125060374972142e-09	0.17013769450699084	0.28196403889272237	0.17013769450699082	0.17848828802582473	0.1496099496916617	0.0	0.2528303090660874	0.16953198141284428	0.17013769450699087	0.13023186830483102	0.2215523550715791	8.33000234328132e-09	0.2570589084488537	0.11910873118482623	9.125060374972142e-09	0.494329856008723	0.1701376945069909	0.23575490736269145	0.17013769450699087	8.33000234328132e-09	0.17013769450699087	0.20295439126100462	0.23295040712789564	0.14960994969166178	9.125060374972142e-09	0.29895270707217925	0.17013769450699084	8.33000234328132e-09	9.125060374972142e-09	0.13606239010117072	0.32068002580360166	0.49432985600872315	0.23945022579236078	0.17822563638993405	0.17822563638993402	0.32463910366283655	0.230271273648957	0.22155235507157828	0.5900669533088055	0.21500715692053096	0.23739458772747465	0.17013769450699087	0.07727677542442912	0.2883597348972431	0.2373945877274747	0.5933299036839794	0.5587895464274294	0.5414246022659579	0.5587895464274294	0.5363005004359686	0.5414246022659577	0.5684901775361535	0.5587895464274294	0.5587895464274294	0.5587895464274294	0.4294455316806346	0.5587895464274294	0.39083675338455104	0.47087358879353186	0.4703627790104897	0.531039911178229	0.3908367533845511	0.5363005004359686	0.5338509572994032	0.5350797314882322	0.4808325394168512	0.46129748344478155	0.5069820131821868	0.4808325394168512	0.5675656342974347	0.5338509572994031	0.5363005004359687	0.5587895464274293	0.5338509572994031	0.5587895464274294	0.5581077546101416	0.535079731488232	0.5587895464274293	0.535079731488232	0.5587895464274294	0.5363005004359686	0.5338509572994031	0.5363005004359686	0.6627988662372838	0.4465329480519685	0.5587895464274293	0.5638159604188705	0.5607423279501368	0.46129748344478144	0.535079731488232	0.5338509572994031	0.5363005004359687	9.125060374972142e-09	0.12698962740605377	9.125060374972142e-09	1.0856291511554625e-08	0.28835973489724187	0.17013769450699087	0.480832539416851	0.480832539416851	0.480832539416851	0.17013769450699082	9.125060374972142e-09	0.5363005004359687	0.9354065638401283
C_IL044_18	0.4061991691269113	0.43451262121367185	0.33633525877205234	0.18793955133327037	0.2875815957810838	0.252830309066087	0.2879450011801903	0.3410031987809905	0.25283030906608756	0.17103767307850806	0.7128553887496297	0.3243997928737183	0.25283030906608733	0.2528303090660874	0.2528303090660874	0.258431896829533	0.3345378362762452	0.17040899280776467	0.1966162650101114	0.1879395513332692	0.171037673078508	0.34100319878099056	0.34100319878099045	0.26175371662152797	0.25283030906608744	0.2545154114683794	0.3410031987809904	0.26175371662152785	0.25283030906608756	0.25283030906608756	0.26175371662152797	0.25283030906608744	0.2528303090660875	0.49423707101878084	0.38687897551183	0.5209767243543207	0.25119117216350817	0.17040899280776436	0.17103767307850787	0.2528303090660875	0.2875815957810844	0.25283030906608744	0.2616559326123854	0.2616559326123855	0.3410031987809904	0.20023716000652816	0.17040899280776434	0.2528303090660874	0.17103767307850798	0.19043588201241743	0.17103767307850795	0.20023716000652844	0.1915930279285754	0.2528303090660874	0.0	0.17040899280776425	0.17103767307850798	0.2869965414772308	0.3524799408528503	0.2528303090660874	0.4245825310732282	0.287581595781083	0.25283030906608733	0.6429307293996922	0.17103767307850806	0.32087116104042607	0.1710376730785081	0.25283030906608744	0.17103767307850806	0.23930775954016367	0.3159159576461974	0.19159302792857555	0.25283030906608733	0.40984562251348294	0.17103767307850803	0.25283030906608733	0.2528303090660874	0.3056771136057105	0.26310786388440566	0.6429307293996924	0.36314026821347617	0.18793955133326976	0.18793955133326984	0.34556639631576963	0.34100319878099056	0.3524799408528497	0.7628162770978799	0.2879450011801904	0.35777375928781685	0.17103767307850815	0.261753716621529	0.45104107740718064	0.35777375928781685	0.45599467639128144	0.40619916912691	0.41235815681013005	0.40619916912691006	0.43763231621608517	0.41235815681012983	0.4525586019507455	0.4061991691269101	0.4061991691269101	0.4061991691269102	0.36951903773111644	0.4061991691269101	0.3042536353262203	0.4283437442687131	0.4289287163236964	0.4430845076094561	0.3042536353262204	0.4376323162160851	0.4345126212136707	0.4252977340253002	0.43458580322464613	0.41493620376272017	0.4655901566172977	0.4345858032246461	0.463623372812575	0.43451262121367057	0.4376323162160851	0.40619916912691	0.43451262121367046	0.4061991691269101	0.45603491595552764	0.42529773402529997	0.40619916912690995	0.42529773402529997	0.40619916912691	0.4376323162160851	0.43451262121367046	0.4376323162160852	0.5172210612484409	0.3755310930972402	0.40619916912691	0.4658512432222002	0.4586311319356217	0.41493620376272	0.42529773402529997	0.43451262121367046	0.4376323162160852	0.25283030906608756	0.29726726385682106	0.25283030906608756	0.25283030906608756	0.4510410774071796	0.1710376730785078	0.43458580322464596	0.43458580322464596	0.43458580322464596	0.1710376730785078	0.2528303090660876	0.4376323162160852	0.8693298781092796
C_IL046_18	0.42750736903120923	0.4493596776106236	0.23496283745204335	0.07904185418124915	0.21431058305653614	0.1695319814128446	0.194441604047917	0.27839323620779766	0.1695319814128451	0.04459583214204392	0.7276847677403068	0.24067917628529578	0.16953198141284487	0.16953198141284492	0.1695319814128448	0.17530015146261457	0.3601406615358698	1.148211584048155e-08	0.09109822419128581	0.07904185418124672	0.04459583214204485	0.27839323620779743	0.2783932362077974	0.18254366116454593	0.16953198141284498	0.17004478980735774	0.27839323620779727	0.18254366116454593	0.16953198141284526	0.16953198141284498	0.18254366116454604	0.16953198141284487	0.16953198141284484	0.47425195092642547	0.2764423491210745	0.48596968403544627	0.1749898327813427	8.533291253096434e-09	0.0445958321420445	0.16953198141284456	0.21431058305653658	0.16953198141284456	0.1791031455424212	0.17910314554242135	0.2783932362077971	0.10890860116838685	6.969379981558661e-09	0.1695319814128443	0.044595832142045086	0.2374025096593347	0.04459583214204466	0.10890860116838733	0.19882747779073726	0.16953198141284428	0.17040899280776425	0.0	0.044595832142044975	0.2141705950770918	0.2863384951853553	0.16953198141284415	0.37721389252064264	0.21431058305653425	0.1695319814128442	0.6117057595618219	0.04459583214204556	0.21828005049584212	0.04459583214204559	0.16953198141284426	0.04459583214204528	0.1489766394307952	0.20736476500403503	0.19882747779073728	0.1695319814128441	0.29757543452842583	0.044595832142045363	0.16953198141284406	0.1695319814128441	0.2313939354363977	0.29701016344683806	0.6117057595618219	0.28917012785662644	0.07904185418124789	0.07904185418124793	0.355558555203507	0.278393236207797	0.28633849518535454	0.7218900966562225	0.19444160404791735	0.28903307225263986	0.04459583214204598	0.18254366116454684	0.35706526917162246	0.28903307225263997	0.4677130000356744	0.427507369031208	0.43324093609762454	0.42750736903120806	0.45207299260730005	0.4332409360976243	0.4692870861050755	0.42750736903120806	0.427507369031208	0.42750736903120806	0.4002887686722962	0.42750736903120806	0.36058962986560966	0.44020620624420215	0.44013970864196805	0.44764141639635385	0.3605896298656097	0.4520729926073	0.4493596776106233	0.44286458198832607	0.44497642222078604	0.43266781616868916	0.4754024706287852	0.444976422220786	0.4802768861116847	0.44935967761062307	0.45207299260730005	0.4275073690312079	0.449359677610623	0.427507369031208	0.4714045936399799	0.4428645819883258	0.4275073690312079	0.4428645819883258	0.427507369031208	0.4520729926073	0.449359677610623	0.45207299260730005	0.5356187477273969	0.41626672907006085	0.42750736903120795	0.47569984572184687	0.47411273520584163	0.4326678161686888	0.44286458198832573	0.44935967761062307	0.4520729926073001	0.16953198141284398	0.21382194839197685	0.16953198141284392	0.16953198141284398	0.3570652691716204	0.044595832142044586	0.44497642222078576	0.4449764222207857	0.44497642222078576	0.04459583214204446	0.16953198141284392	0.45207299260730016	0.8759137722152901
C_IL047_18	0.42891096637321013	0.4509978620621915	0.24088293309820366	0.08794616702313349	0.2134980849565522	0.1701376945069904	0.20207752989089872	0.2811739380959866	0.1701376945069903	1.235539015514925e-08	0.728580023069109	0.24281993705966792	0.17013769450699034	0.17013769450699057	0.17013769450699018	0.17619084159410822	0.3626177657660682	0.04459583214204723	0.10188711214107427	0.08794616702313175	1.235539015514925e-08	0.28117393809598706	0.281173938095987	0.1847847136045164	0.17013769450699018	0.17411729555916078	0.28117393809598684	0.1847847136045163	0.17013769450699076	0.17013769450699048	0.1847847136045167	0.17013769450699057	0.1701376945069905	0.4747405497854253	0.27995099042832594	0.48782463306176566	0.15751197258368102	0.04459583214204598	8.736580162911545e-09	0.1701376945069905	0.21349808495655256	0.1701376945069905	0.1832386219247539	0.1832386219247541	0.281173938095987	0.09235559928075661	0.044595832142045475	0.17013769450699073	7.450580596923828e-09	0.2406234592782583	6.452392069879462e-09	0.0923555992807568	0.1956655050729535	0.17013769450699087	0.17103767307850798	0.044595832142044975	0.0	0.21697523111346737	0.28859426449167475	0.17013769450699096	0.37866135218575114	0.21349808495655095	0.17013769450699087	0.6120107482849353	8.736580162911545e-09	0.208760799062482	8.930820268941843e-09	0.17013769450699112	8.736580162911545e-09	0.15628398218368214	0.21171670904947656	0.19566550507295374	0.17013769450699112	0.3005739317857505	8.736580162911545e-09	0.17013769450699112	0.17013769450699115	0.23206188248862952	0.2820270763169948	0.6120107482849356	0.29132755093696017	0.08794616702313178	0.08794616702313186	0.35741073714257887	0.28117393809598756	0.28859426449167414	0.7218155492784512	0.20207752989089878	0.2915793712275095	7.90253409579263e-09	0.18478471360451904	0.3582472507573574	0.29157937122750954	0.46904797528640063	0.4289109663732087	0.4347455633986698	0.42891096637320864	0.45970266938011645	0.43474556339866954	0.4705755772393644	0.42891096637320864	0.42891096637320864	0.4289109663732087	0.4027561968025338	0.4289109663732087	0.36446913497688455	0.4421843028400467	0.44211458976113355	0.44926320665830927	0.36446913497688455	0.45970266938011645	0.4509978620621901	0.44431459524372774	0.45263317682573495	0.4344777551651583	0.48165218959104183	0.4526331768257349	0.48132131953150736	0.45099786206219006	0.4597026693801165	0.42891096637320864	0.45099786206219006	0.4289109663732087	0.4727844556773881	0.4443145952437277	0.4289109663732086	0.4443145952437277	0.4289109663732087	0.4597026693801166	0.45099786206219017	0.45970266938011656	0.5367540259354081	0.4187983424979479	0.42891096637320875	0.4769556765779177	0.47556481627263114	0.43447775516515824	0.44431459524372763	0.45099786206219017	0.4597026693801167	0.17013769450699126	0.2160673422554366	0.1701376945069913	0.17013769450699143	0.35824725075735675	1.148211584048155e-08	0.45263317682573484	0.45263317682573484	0.45263317682573484	1.148211584048155e-08	0.17013769450699132	0.45970266938011667	0.8773628398644131
C_IL048_18	0.5675746934385725	0.5449464580187761	0.2870420941333998	0.2231066028229175	0.09838241014492506	0.13023186830483063	0.25298335341427136	0.17031317364668935	0.13023186830483	0.21697523111346761	0.8380223446497012	0.19669831750552202	0.13023186830483027	0.13023186830483038	0.1302318683048298	0.12997324633824478	0.2777173988751464	0.21417059507709238	0.2165921000660422	0.22310660282291697	0.21697523111346756	0.1703131736466909	0.17031317364669024	0.14489051862258576	0.13023186830483027	0.11930798250202508	0.17031317364669016	0.14489051862258512	0.13023186830483077	0.1302318683048304	0.14489051862258612	0.13023186830483063	0.1302318683048306	0.3459727508014354	0.32416519259006055	0.35863422277326173	0.23997881368784738	0.21417059507709207	0.2169752311134674	0.13023186830483052	0.0983824101449246	0.13023186830483055	0.0968408417830382	0.09684084178303856	0.17031317364669077	0.22305568597701836	0.2141705950770919	0.13023186830483077	0.21697523111346737	0.29362385546945863	0.21697523111346737	0.2230556859770185	0.19320618784739263	0.13023186830483102	0.2869965414772308	0.2141705950770918	0.21697523111346737	0.0	0.16750806956700395	0.13023186830483133	0.3106009020580778	0.09838241014492154	0.13023186830483127	0.47690854057384946	0.21697523111346734	0.2736970766068787	0.2169752311134674	0.13023186830483147	0.21697523111346737	0.22291540168325166	0.26545286154209685	0.1932061878473928	0.1302318683048316	0.342151939358329	0.21697523111346728	0.13023186830483166	0.1302318683048317	0.12471154870364434	0.34527153851917286	0.47690854057385	0.19001084885213715	0.22310660282291708	0.22310660282291708	0.27822205543028367	0.1703131736466919	0.16750806956700323	0.6203929094123377	0.2529833534142715	0.18447152404515899	0.21697523111346728	0.14489051862258928	0.26117887331383943	0.18447152404515907	0.5997168808883483	0.5675746934385713	0.552209932254376	0.5675746934385713	0.5479013710624444	0.5522099322543758	0.5803214778836364	0.5675746934385713	0.5675746934385711	0.5675746934385711	0.4139574684206827	0.5675746934385711	0.4069044451748618	0.4536660216469901	0.4531036797995025	0.5375611873272662	0.4069044451748619	0.5479013710624444	0.5449464580187745	0.548435959586587	0.4579687549391356	0.4287083965381125	0.48964171473071916	0.4579687549391356	0.5829453471603855	0.5449464580187745	0.5479013710624445	0.5675746934385713	0.5449464580187745	0.5675746934385713	0.5765196807496584	0.548435959586587	0.5675746934385711	0.5484359595865869	0.5675746934385711	0.5479013710624446	0.5449464580187745	0.5479013710624445	0.6683975726596347	0.45843515647750444	0.5675746934385713	0.5796301252534888	0.5794578051545571	0.42870839653811244	0.5484359595865869	0.5449464580187745	0.5479013710624446	0.13023186830483202	0.15242711220684288	0.13023186830483183	0.13023186830483202	0.26117887331383904	0.2169752311134674	0.4579687549391354	0.4579687549391354	0.4579687549391354	0.21697523111346742	0.13023186830483194	0.5479013710624446	0.9930572942244135
C_IL049_18	0.6259784521562083	0.6112233285597436	0.37216572045676105	0.2875144580618971	0.20509549986774034	0.22155235507157753	0.3406717214820216	0.09910569155564192	0.22155235507157675	0.28859426449167536	0.921008862351551	0.25394956551390674	0.22155235507157722	0.22155235507157753	0.2215523550715769	0.22138467652366114	0.23445346224318392	0.28633849518535615	0.2853626088932163	0.28751445806189696	0.28859426449167536	0.09910569155564689	0.09910569155564647	0.20251069483451323	0.22155235507157678	0.21452768867562788	0.0991056915556459	0.20251069483451298	0.22155235507157717	0.2215523550715774	0.20251069483451375	0.22155235507157783	0.22155235507157797	0.3208972308427661	0.3909138053529241	0.33911456677751556	0.30645780287702823	0.2863384951853557	0.28859426449167497	0.22155235507157797	0.2050954998677405	0.22155235507157814	0.19300554784841417	0.19300554784841456	0.0991056915556485	0.2903832444160332	0.2863384951853554	0.22155235507157886	0.28859426449167475	0.36151930597250526	0.28859426449167475	0.290383244416033	0.26805165333846886	0.2215523550715791	0.3524799408528503	0.2863384951853553	0.28859426449167475	0.16750806956700395	0.0	0.22155235507157942	0.36009439992922054	0.20509549986774028	0.22155235507157922	0.47075744721110574	0.28859426449167447	0.3288959121200832	0.28859426449167447	0.2215523550715795	0.2885942644916746	0.2933309129146588	0.3219092394565773	0.26805165333846914	0.2215523550715797	0.4060641880937732	0.2885942644916745	0.2215523550715799	0.22155235507157992	0.22450223984964213	0.4117285835497863	0.4707574472111067	0.0993959965637979	0.28751445806189635	0.28751445806189635	0.25197435349429165	0.09910569155565367	1.2904784139758924e-08	0.6362899844875367	0.34067172148202124	0.1304170765402356	0.2885942644916743	0.2025106948345182	0.22411623540573705	0.13041707654023565	0.6468380059596377	0.6259784521562068	0.6134244563714865	0.6259784521562068	0.6139047894087513	0.6134244563714861	0.6394932643169599	0.6259784521562068	0.6259784521562068	0.625978452156207	0.4845415144698702	0.6259784521562068	0.48072841334964744	0.4966450481847871	0.49532624468000025	0.5863514452960743	0.4807284133496476	0.6139047894087513	0.6112233285597412	0.6112867690561762	0.49945230025550086	0.49628172065826953	0.5343308991656697	0.49945230025550086	0.6433147943102727	0.6112233285597413	0.6139047894087515	0.6259784521562072	0.6112233285597413	0.6259784521562071	0.6397334892672406	0.6112867690561764	0.6259784521562071	0.6112867690561764	0.6259784521562071	0.6139047894087516	0.6112233285597415	0.6139047894087515	0.7269025755960644	0.5009757419052671	0.6259784521562071	0.6301324214174486	0.6429003391893561	0.4962817206582699	0.6112867690561763	0.6112233285597414	0.6139047894087517	0.22155235507158072	0.1901526703226725	0.22155235507158072	0.22155235507158122	0.2241162354057396	0.28859426449167513	0.49945230025550097	0.4994523002555009	0.4994523002555009	0.2885942644916753	0.2215523550715809	0.6139047894087516	1.106482679614112
C_IL050_18	0.5587895464274306	0.5338509572994041	0.24623138929749888	0.17822563638993497	0.11910873118483	1.235539015514925e-08	0.21500715692053096	0.230271273648957	1.3938759963117321e-08	0.17013769450699084	0.797191917522632	0.12979150567987874	1.316825466342595e-08	1.3938759963117321e-08	1.1175870895385742e-08	0.013241322026990271	0.3234471030232148	0.1695319814128445	0.1747316556936033	0.17822563638993388	0.1701376945069907	0.23027127364895708	0.23027127364895697	0.07727677542442508	1.1478136591926925e-08	0.039652550325608535	0.23027127364895678	0.07727677542442472	1.623816394634796e-08	1.368524257510515e-08	0.07727677542442526	1.1780402288468106e-08	1.235539015514925e-08	0.38393356223432534	0.28410572360724073	0.3964211596175416	0.21582184529077797	0.16953198141284426	0.17013769450699084	8.33000234328132e-09	0.11910873118483005	9.125060374972142e-09	0.07145978065631094	0.07145978065631152	0.23027127364895678	0.17848828802582464	0.1695319814128442	8.33000234328132e-09	0.17013769450699087	0.2819640388927225	0.17013769450699087	0.1784882880258249	0.14960994969166166	8.33000234328132e-09	0.2528303090660874	0.16953198141284415	0.17013769450699096	0.13023186830483133	0.22155235507157942	0.0	0.25705890844885393	0.1191087311848267	7.450580596923828e-09	0.4943298560087229	0.17013769450699096	0.23575490736269136	0.17013769450699096	9.85619169125181e-09	0.17013769450699093	0.20295439126100465	0.23295040712789594	0.14960994969166178	9.125060374972142e-09	0.29895270707217925	0.17013769450699096	1.0536712127723509e-08	1.1175870895385742e-08	0.13606239010116986	0.3206800258036018	0.49432985600872315	0.23945022579236058	0.17822563638993427	0.17822563638993422	0.32463910366283677	0.230271273648957	0.22155235507157844	0.5900669533088055	0.21500715692053102	0.23739458772747485	0.170137694506991	0.0772767754244289	0.2883597348972432	0.2373945877274749	0.5933299036839794	0.5587895464274294	0.5414246022659578	0.5587895464274294	0.5363005004359686	0.5414246022659576	0.5684901775361534	0.5587895464274294	0.5587895464274294	0.5587895464274294	0.4294455316806346	0.5587895464274294	0.39083675338455104	0.47087358879353186	0.4703627790104896	0.531039911178229	0.39083675338455104	0.5363005004359686	0.5338509572994032	0.5350797314882322	0.4808325394168512	0.4612974834447816	0.5069820131821867	0.4808325394168513	0.5675656342974347	0.5338509572994032	0.5363005004359687	0.5587895464274294	0.5338509572994031	0.5587895464274294	0.5581077546101421	0.5350797314882321	0.5587895464274293	0.5350797314882321	0.5587895464274294	0.5363005004359686	0.5338509572994031	0.5363005004359686	0.6627988662372838	0.44653294805196864	0.5587895464274294	0.5638159604188706	0.5607423279501367	0.4612974834447815	0.535079731488232	0.5338509572994031	0.5363005004359688	8.33000234328132e-09	0.12698962740605466	9.125060374972142e-09	1.1780402288468106e-08	0.28835973489724187	0.1701376945069909	0.480832539416851	0.480832539416851	0.4808325394168511	0.17013769450699096	9.125060374972142e-09	0.5363005004359687	0.9354065638401283
C_IL054_18	0.7095295637218895	0.6443824534966809	0.40988687472492025	0.37786382653589096	0.30149490365349807	0.25705890844885315	0.37394984891631144	0.3695828709333298	0.25705890844885326	0.3786613521857513	0.8730030463813588	0.25657968379177337	0.25705890844885326	0.2570589084488533	0.25705890844885304	0.25314214001920565	0.4318592037123849	0.3772138925206429	0.37106476124481363	0.3778638265358905	0.37866135218575125	0.36958287093333025	0.36958287093333014	0.27576215627194867	0.25705890844885304	0.2622823458705493	0.36958287093333003	0.27576215627194867	0.2570589084488535	0.2570589084488534	0.27576215627194905	0.2570589084488535	0.2570589084488535	0.4219965752411513	0.4297225408094922	0.43650343112101353	0.3831727509654416	0.37721389252064275	0.37866135218575114	0.2570589084488534	0.30149490365349857	0.2570589084488533	0.2771785389825484	0.2771785389825485	0.36958287093333025	0.37453530027968573	0.3772138925206427	0.2570589084488536	0.37866135218575103	0.414255318663894	0.37866135218575114	0.37453530027968573	0.30412957190111717	0.2570589084488537	0.4245825310732282	0.37721389252064264	0.37866135218575114	0.3106009020580778	0.36009439992922054	0.25705890844885393	0.0	0.30149490365349757	0.2570589084488538	0.5126636676950073	0.37866135218575103	0.3853357141261949	0.37866135218575103	0.2570589084488538	0.37866135218575103	0.37343266904346983	0.3832737863266137	0.3041295719011173	0.25705890844885376	0.45065881478290687	0.37866135218575103	0.2570589084488539	0.2570589084488539	0.3171972662510375	0.45211395707023644	0.5126636676950077	0.3653509123111982	0.37786382653589046	0.3778638265358904	0.4379819472707497	0.36958287093333064	0.36009439992922027	0.5187167387611643	0.3739498489163113	0.38118797751874983	0.3786613521857509	0.2757621562719507	0.41930784248437947	0.38118797751874983	0.7312660333940119	0.7095295637218881	0.6675614731060022	0.7095295637218881	0.6439681579258357	0.667561473106002	0.6890257382764725	0.7095295637218881	0.7095295637218881	0.7095295637218882	0.5325336367122495	0.7095295637218882	0.46251115735437826	0.5800161348572157	0.5797648912083878	0.6676180093378522	0.46251115735437826	0.6439681579258358	0.6443824534966801	0.6506737889946053	0.590011156654231	0.5687895150295743	0.6159193919982967	0.590011156654231	0.6810188931655343	0.6443824534966801	0.6439681579258358	0.7095295637218882	0.6443824534966801	0.7095295637218884	0.6759112269183939	0.6506737889946053	0.7095295637218881	0.6506737889946053	0.7095295637218882	0.643968157925836	0.6443824534966802	0.643968157925836	0.84168555408477	0.5418398963899217	0.7095295637218884	0.6713053176239118	0.6782159439673496	0.5687895150295744	0.6506737889946052	0.6443824534966801	0.6439681579258361	0.2570589084488543	0.3100071214198884	0.2570589084488543	0.2570589084488545	0.41930784248437925	0.37866135218575114	0.590011156654231	0.590011156654231	0.590011156654231	0.3786613521857512	0.2570589084488544	0.643968157925836	0.9988304796002836
C_IL055_18	0.5679961281365549	0.5453296818653554	0.2882742525642385	0.22155563807166054	1.666000468656264e-08	0.1191087311848226	0.24737658856600012	0.20879425761883857	0.11910873118482122	0.21349808495655173	0.8385772186297377	0.19249821203876297	0.11910873118482222	0.11910873118482254	0.11910873118482143	0.11884572894477309	0.2999576344512515	0.21431058305653516	0.21889608557812346	0.22155563807166068	0.21349808495655162	0.20879425761884082	0.20879425761884066	0.1464729280237269	0.11910873118482111	0.13419916800028026	0.20879425761884035	0.14647292802372652	0.11910873118482199	0.11910873118482254	0.14647292802372772	0.11910873118482321	0.11910873118482371	0.3562482294998545	0.30737384207659707	0.3713036869229632	0.23599255207784306	0.21431058305653475	0.21349808495655132	0.119108731184824	7.890291470102574e-09	0.11910873118482403	0.11272200470206313	0.11272200470206349	0.20879425761884174	0.21986670477670328	0.21431058305653441	0.11910873118482557	0.21349808495655098	0.2979534983270684	0.21349808495655104	0.21986670477670317	0.17996671210403176	0.11910873118482623	0.287581595781083	0.21431058305653425	0.21349808495655095	0.09838241014492154	0.20509549986774028	0.1191087311848267	0.30149490365349757	0.0	0.1191087311848266	0.4849428774322367	0.21349808495655087	0.2699661019495285	0.21349808495655084	0.11910873118482711	0.21349808495655098	0.2277008634635483	0.26885168909267637	0.17996671210403245	0.11910873118482755	0.34227911409733414	0.21349808495655093	0.11910873118482804	0.11910873118482804	0.084203252736007	0.34136657309502044	0.48494287743223774	0.2273317818279012	0.2215556380716599	0.2215556380716599	0.29805203284529563	0.20879425761884401	0.2050954998677402	0.6167549665654479	0.2473765885659996	0.21587234655832377	0.21349808495655048	0.14647292802373466	0.2613322372408277	0.2158723465583237	0.6001417485220185	0.5679961281365532	0.5533867336161764	0.5679961281365532	0.5467752825997445	0.553386733616176	0.5807380132697901	0.5679961281365532	0.5679961281365532	0.5679961281365533	0.41400608942822176	0.5679961281365532	0.4040454840763974	0.4538796186131123	0.45319069441592674	0.5381895447491122	0.4040454840763974	0.5467752825997445	0.545329681865352	0.5492455162580321	0.4713658733692505	0.4286469734803668	0.5000600804171697	0.4713658733692505	0.583964359730524	0.5453296818653521	0.546775282599745	0.5679961281365535	0.5453296818653522	0.5679961281365535	0.5758878193663375	0.5492455162580324	0.5679961281365534	0.5492455162580324	0.5679961281365534	0.5467752825997452	0.5453296818653526	0.546775282599745	0.6681126843853562	0.4599987797480719	0.5679961281365535	0.5802853055914822	0.5788151666819654	0.4286469734803673	0.5492455162580323	0.5453296818653524	0.5467752825997453	0.11910873118482944	0.16863356495611484	0.11910873118482947	0.1191087311848304	0.26133223724083093	0.2134980849565516	0.4713658733692508	0.47136587336925084	0.47136587336925084	0.21349808495655184	0.11910873118482947	0.5467752825997451	0.966803414723618
C_IL056_18	0.5587895464274305	0.5338509572994041	0.2462313892974989	0.178225636389935	0.11910873118482988	1.3431725187092979e-08	0.2150071569205309	0.23027127364895694	1.235539015514925e-08	0.17013769450699073	0.797191917522632	0.1297915056798787	1.1780402288468106e-08	1.3938759963117321e-08	1.1780402288468106e-08	0.013241322026987126	0.3234471030232148	0.16953198141284448	0.17473165569360322	0.17822563638993374	0.17013769450699084	0.23027127364895697	0.2302712736489569	0.07727677542442504	1.1780402288468106e-08	0.03965255032560801	0.23027127364895672	0.07727677542442463	1.580506819158526e-08	1.235539015514925e-08	0.07727677542442508	1.2904784139758924e-08	1.3431725187092979e-08	0.38393356223432534	0.28410572360724073	0.39642115961754154	0.215821845290778	0.16953198141284428	0.1701376945069908	7.450580596923828e-09	0.11910873118483	8.33000234328132e-09	0.07145978065631098	0.07145978065631137	0.23027127364895675	0.17848828802582462	0.1695319814128442	8.33000234328132e-09	0.17013769450699082	0.2819640388927225	0.17013769450699087	0.1784882880258248	0.14960994969166158	9.125060374972142e-09	0.25283030906608733	0.1695319814128442	0.17013769450699087	0.13023186830483127	0.22155235507157922	7.450580596923828e-09	0.2570589084488538	0.1191087311848266	0.0	0.4943298560087229	0.17013769450699093	0.23575490736269133	0.1701376945069909	9.125060374972142e-09	0.17013769450699087	0.2029543912610046	0.23295040712789594	0.14960994969166172	9.125060374972142e-09	0.29895270707217925	0.1701376945069909	9.125060374972142e-09	9.85619169125181e-09	0.13606239010116988	0.3206800258036018	0.49432985600872315	0.23945022579236047	0.17822563638993416	0.17822563638993416	0.32463910366283666	0.23027127364895694	0.2215523550715784	0.5900669533088055	0.21500715692053102	0.2373945877274748	0.1701376945069909	0.07727677542442876	0.2883597348972431	0.23739458772747482	0.5933299036839794	0.5587895464274294	0.5414246022659578	0.5587895464274294	0.5363005004359686	0.5414246022659576	0.5684901775361534	0.5587895464274294	0.5587895464274294	0.5587895464274294	0.4294455316806346	0.5587895464274294	0.390836753384551	0.47087358879353186	0.4703627790104896	0.531039911178229	0.39083675338455104	0.5363005004359686	0.5338509572994032	0.5350797314882321	0.4808325394168512	0.46129748344478155	0.5069820131821867	0.48083253941685117	0.5675656342974347	0.5338509572994031	0.5363005004359686	0.5587895464274293	0.5338509572994031	0.5587895464274294	0.558107754610142	0.5350797314882321	0.5587895464274293	0.5350797314882321	0.5587895464274294	0.5363005004359686	0.5338509572994031	0.5363005004359686	0.6627988662372838	0.4465329480519685	0.5587895464274294	0.5638159604188705	0.5607423279501367	0.4612974834447815	0.535079731488232	0.5338509572994031	0.5363005004359687	9.125060374972142e-09	0.12698962740605438	9.125060374972142e-09	1.235539015514925e-08	0.2883597348972419	0.17013769450699087	0.48083253941685106	0.48083253941685106	0.480832539416851	0.1701376945069909	1.0536712127723509e-08	0.5363005004359687	0.9354065638401283
C_IL057_18	0.9341185876533111	0.9202596946382872	0.6058866082476598	0.6144364473113656	0.48494287743223746	0.4943298560087229	0.6314510360063404	0.501079272505053	0.494329856008723	0.6120107482849353	1.0717851328416859	0.5049724767761034	0.494329856008723	0.49432985600872315	0.49432985600872303	0.4923907355082733	0.5533171909542834	0.611705759561822	0.6172396406526846	0.6144364473113652	0.6120107482849353	0.5010792725050531	0.5010792725050531	0.48862588459831713	0.4943298560087229	0.4917642522600728	0.501079272505053	0.4886258845983171	0.49432985600872303	0.494329856008723	0.48862588459831724	0.4943298560087229	0.49432985600872303	0.3362314807516409	0.7042124722238652	0.36610430588988685	0.635012606116144	0.611705759561822	0.6120107482849353	0.49432985600872287	0.4849428774322374	0.4943298560087229	0.4837919523358602	0.48379195233586025	0.501079272505053	0.618607630190333	0.6117057595618219	0.494329856008723	0.6120107482849352	0.6600655535175523	0.6120107482849353	0.618607630190333	0.5204188336498322	0.494329856008723	0.6429307293996922	0.6117057595618219	0.6120107482849353	0.47690854057384946	0.47075744721110574	0.4943298560087229	0.5126636676950073	0.4849428774322367	0.4943298560087229	0.0	0.6120107482849352	0.6836864463163843	0.6120107482849352	0.4943298560087231	0.6120107482849352	0.6301754918986564	0.6828846823796465	0.5204188336498323	0.49432985600872315	0.6205059832753469	0.6120107482849352	0.49432985600872315	0.49432985600872315	0.49489609727688566	0.6485170697513116	1.657564097189597e-08	0.5007556564530368	0.6144364473113653	0.6144364473113653	0.5756350608489567	0.5010792725050535	0.4707574472111054	0.6181337482519123	0.6314510360063404	0.5118486109856936	0.6120107482849352	0.48862588459831807	0.5060128335359958	0.5118486109856936	0.9548874766564887	0.9341185876533102	0.9272108021118814	0.9341185876533102	0.921770470685928	0.9272108021118812	0.9384922253491941	0.9341185876533102	0.9341185876533102	0.9341185876533104	0.6989274866248313	0.9341185876533102	0.6939142060808331	0.7194903158388763	0.7154188434224008	0.9268322846038994	0.6939142060808332	0.9217704706859279	0.9202596946382867	0.9226125026151485	0.7208994954556811	0.7131034527303172	0.713770445536134	0.7208994954556811	0.9608791702664676	0.9202596946382867	0.921770470685928	0.9341185876533102	0.9202596946382867	0.9341185876533104	0.9110231428498105	0.9226125026151485	0.9341185876533102	0.9226125026151485	0.9341185876533102	0.921770470685928	0.9202596946382868	0.921770470685928	1.0517266329118538	0.7137562064883909	0.9341185876533104	0.9404338052163218	0.9143090843523346	0.7131034527303173	0.9226125026151486	0.9202596946382868	0.9217704706859283	0.49432985600872315	0.4643819541986497	0.49432985600872315	0.49432985600872337	0.5060128335359958	0.6120107482849353	0.7208994954556811	0.7208994954556811	0.7208994954556811	0.6120107482849353	0.49432985600872326	0.9217704706859281	1.2544938709102658
C_IL058_18	0.42891096637321013	0.4509978620621914	0.24088293309820372	0.08794616702313345	0.21349808495655204	0.17013769450699037	0.20207752989089864	0.2811739380959867	0.17013769450699026	1.2213355190231148e-08	0.7285800230691089	0.24281993705966798	0.17013769450699048	0.1701376945069906	0.17013769450699012	0.1761908415941075	0.3626177657660683	0.04459583214204789	0.10188711214107429	0.08794616702313154	1.263307404355196e-08	0.2811739380959871	0.28117393809598706	0.1847847136045165	0.17013769450699026	0.17411729555916022	0.2811739380959869	0.18478471360451648	0.17013769450699082	0.17013769450699062	0.18478471360451681	0.17013769450699062	0.1701376945069906	0.4747405497854253	0.27995099042832594	0.48782463306176566	0.1575119725836812	0.04459583214204668	9.497663962827594e-09	0.1701376945069905	0.21349808495655245	0.17013769450699057	0.18323862192475412	0.18323862192475426	0.28117393809598706	0.09235559928075646	0.044595832142045905	0.17013769450699076	8.736580162911545e-09	0.2406234592782582	8.533291253096434e-09	0.09235559928075665	0.19566550507295355	0.1701376945069909	0.17103767307850806	0.04459583214204556	8.736580162911545e-09	0.21697523111346734	0.28859426449167447	0.17013769450699096	0.37866135218575103	0.21349808495655087	0.17013769450699093	0.6120107482849352	0.0	0.20876079906248213	6.969379981558661e-09	0.17013769450699112	6.969379981558661e-09	0.15628398218368228	0.2117167090494764	0.19566550507295377	0.17013769450699118	0.30057393178575054	7.450580596923828e-09	0.17013769450699118	0.17013769450699123	0.23206188248862994	0.28202707631699475	0.6120107482849356	0.29132755093696033	0.08794616702313167	0.08794616702313159	0.35741073714257887	0.2811739380959877	0.2885942644916741	0.7218155492784512	0.2020775298908988	0.29157937122750943	8.736580162911545e-09	0.18478471360451915	0.3582472507573575	0.29157937122750943	0.46904797528640063	0.4289109663732086	0.4347455633986699	0.42891096637320864	0.45970266938011645	0.4347455633986696	0.4705755772393644	0.42891096637320864	0.4289109663732086	0.42891096637320875	0.4027561968025338	0.42891096637320864	0.36446913497688455	0.44218430284004673	0.4421145897611335	0.4492632066583092	0.3644691349768846	0.45970266938011645	0.4509978620621901	0.44431459524372774	0.45263317682573495	0.4344777551651583	0.4816521895910419	0.4526331768257349	0.48132131953150736	0.45099786206219006	0.4597026693801165	0.4289109663732087	0.45099786206219006	0.4289109663732087	0.4727844556773878	0.44431459524372774	0.4289109663732086	0.4443145952437277	0.42891096637320864	0.4597026693801166	0.4509978620621902	0.4597026693801166	0.5367540259354082	0.41879834249794784	0.42891096637320864	0.47695567657791765	0.47556481627263125	0.43447775516515824	0.4443145952437277	0.45099786206219017	0.4597026693801167	0.17013769450699134	0.21606734225543647	0.1701376945069913	0.17013769450699134	0.35824725075735675	1.148211584048155e-08	0.45263317682573484	0.4526331768257348	0.45263317682573484	1.148211584048155e-08	0.17013769450699137	0.45970266938011667	0.8773628398644131
C_IL059_18	0.5077808936358069	0.48422459254379896	0.3053614320612696	0.23930229879433332	0.2699661019495312	0.23575490736269272	0.2497145190096452	0.33766904971753614	0.23575490736269272	0.20876079906248138	0.7670317839831933	0.24385736432775101	0.23575490736269247	0.23575490736269236	0.23575490736269264	0.23796395372196286	0.43920251710244484	0.21828005049584193	0.20907966283572973	0.2393022987943326	0.20876079906248124	0.3376690497175359	0.33766904971753575	0.26024613436441585	0.2357549073626928	0.24110577805291045	0.33766904971753575	0.26024613436441574	0.2357549073626929	0.23575490736269245	0.26024613436441574	0.23575490736269214	0.23575490736269217	0.5515260271626415	0.21766997265908059	0.5199998600283074	0.1964939836290531	0.218280050495842	0.20876079906248168	0.23575490736269192	0.26996610194953075	0.2357549073626919	0.2499678190546898	0.24996781905468982	0.3376690497175355	0.19795230200480257	0.2182800504958421	0.2357549073626915	0.208760799062482	0.31567898504431047	0.2087607990624819	0.197952302004803	0.29705158313411895	0.23575490736269145	0.32087116104042607	0.21828005049584212	0.208760799062482	0.2736970766068787	0.3288959121200832	0.23575490736269136	0.3853357141261949	0.2699661019495285	0.23575490736269133	0.6836864463163843	0.20876079906248213	0.0	0.20876079906248213	0.2357549073626913	0.20876079906248204	0.2058393609411661	0.08211933867716556	0.29705158313411884	0.23575490736269117	0.29051915323219973	0.20876079906248202	0.235754907362691	0.2357549073626911	0.2737473583237533	0.358182360494055	0.6836864463163843	0.32583663309402167	0.23930229879433335	0.23930229879433335	0.417377174345483	0.33766904971753503	0.3288959121200825	0.6931401623176086	0.24971451900964572	0.336599772284101	0.20876079906248227	0.26024613436441557	0.37400135942710794	0.33659977228410104	0.5180798082972389	0.5077808936358061	0.48304782878775177	0.5077808936358061	0.49444557119233523	0.4830478287877517	0.5161946524888462	0.5077808936358061	0.507780893635806	0.5077808936358061	0.4688708156458564	0.5077808936358061	0.45831408124391565	0.501245372544548	0.5020505615449363	0.4560229083417409	0.4583140812439157	0.4944455711923351	0.4842245925437994	0.47419079848945894	0.5164729736528035	0.48603475067491186	0.5539023711587503	0.5164729736528034	0.48717939936906474	0.4842245925437992	0.49444557119233495	0.5077808936358058	0.48422459254379907	0.5077808936358059	0.521161513224614	0.4741907984894585	0.5077808936358059	0.4741907984894585	0.5077808936358059	0.4944455711923348	0.48422459254379896	0.4944455711923348	0.5924642948788429	0.5046514812565641	0.5077808936358059	0.48059863791045065	0.5239091535220828	0.4860347506749115	0.4741907984894585	0.4842245925437989	0.4944455711923348	0.2357549073626907	0.28803965388626906	0.23575490736269067	0.2357549073626905	0.3740013594271052	0.20876079906248174	0.516472973652803	0.516472973652803	0.516472973652803	0.20876079906248163	0.23575490736269072	0.49444557119233495	0.8923875161800578
C_IL060_18	0.42891096637321013	0.4509978620621915	0.24088293309820374	0.08794616702313324	0.2134980849565521	0.17013769450699043	0.20207752989089864	0.2811739380959866	0.17013769450699034	1.3687590562458214e-08	0.728580023069109	0.24281993705966798	0.1701376945069904	0.17013769450699065	0.17013769450699018	0.17619084159410742	0.3626177657660683	0.044595832142047584	0.10188711214107433	0.08794616702313154	1.2904784139758924e-08	0.28117393809598706	0.28117393809598706	0.18478471360451662	0.17013769450699037	0.17411729555916014	0.28117393809598684	0.18478471360451648	0.17013769450699082	0.17013769450699057	0.18478471360451676	0.17013769450699057	0.17013769450699065	0.47474054978542524	0.279950990428326	0.48782463306176566	0.15751197258368127	0.044595832142046876	1.0202127648613716e-08	0.1701376945069905	0.21349808495655245	0.1701376945069905	0.18323862192475412	0.18323862192475432	0.28117393809598706	0.0923555992807565	0.044595832142045905	0.17013769450699082	7.90253409579263e-09	0.24062345927825818	7.90253409579263e-09	0.09235559928075672	0.19566550507295355	0.17013769450699087	0.1710376730785081	0.04459583214204559	8.930820268941843e-09	0.2169752311134674	0.28859426449167447	0.17013769450699096	0.37866135218575103	0.21349808495655084	0.1701376945069909	0.6120107482849352	6.969379981558661e-09	0.20876079906248213	0.0	0.17013769450699112	7.450580596923828e-09	0.1562839821836823	0.21171670904947637	0.19566550507295377	0.17013769450699115	0.30057393178575054	7.676557346358228e-09	0.1701376945069912	0.1701376945069912	0.23206188248863	0.28202707631699475	0.6120107482849356	0.29132755093696033	0.08794616702313168	0.08794616702313171	0.3574107371425788	0.2811739380959877	0.288594264491674	0.7218155492784512	0.20207752989089878	0.2915793712275094	9.125060374972142e-09	0.18478471360451912	0.3582472507573574	0.29157937122750943	0.46904797528640063	0.4289109663732086	0.4347455633986699	0.42891096637320864	0.45970266938011645	0.43474556339866965	0.4705755772393644	0.42891096637320864	0.42891096637320864	0.4289109663732087	0.4027561968025338	0.42891096637320864	0.36446913497688455	0.4421843028400468	0.44211458976113355	0.44926320665830927	0.3644691349768846	0.45970266938011645	0.4509978620621901	0.4443145952437278	0.45263317682573495	0.4344777551651583	0.48165218959104195	0.45263317682573484	0.48132131953150736	0.4509978620621901	0.45970266938011656	0.42891096637320864	0.45099786206219006	0.42891096637320875	0.47278445567738775	0.44431459524372774	0.4289109663732086	0.44431459524372774	0.42891096637320864	0.45970266938011656	0.45099786206219017	0.45970266938011656	0.5367540259354082	0.41879834249794784	0.4289109663732087	0.47695567657791765	0.47556481627263125	0.43447775516515824	0.44431459524372763	0.45099786206219017	0.4597026693801167	0.17013769450699134	0.21606734225543647	0.1701376945069913	0.1701376945069915	0.3582472507573567	1.1175870895385742e-08	0.4526331768257348	0.4526331768257348	0.45263317682573484	1.1175870895385742e-08	0.17013769450699134	0.45970266938011667	0.8773628398644131
C_IL062_18	0.5587895464274307	0.5338509572994041	0.246231389297499	0.17822563638993516	0.1191087311848305	1.3431725187092979e-08	0.21500715692053096	0.23027127364895694	1.3431725187092979e-08	0.17013769450699104	0.797191917522632	0.1297915056798784	1.1780402288468106e-08	1.1175870895385742e-08	1.1175870895385742e-08	0.013241322027003372	0.32344710302321467	0.16953198141284453	0.17473165569360327	0.17822563638993405	0.17013769450699104	0.2302712736489569	0.230271273648957	0.07727677542442472	1.1780402288468106e-08	0.039652550325612726	0.23027127364895675	0.0772767754244244	1.580506819158526e-08	1.4664574239789354e-08	0.0772767754244253	1.235539015514925e-08	1.2630087147454087e-08	0.38393356223432534	0.28410572360724073	0.39642115961754165	0.21582184529077794	0.1695319814128443	0.1701376945069909	9.125060374972142e-09	0.11910873118483058	9.85619169125181e-09	0.07145978065631045	0.07145978065631084	0.23027127364895678	0.1784882880258248	0.16953198141284428	9.125060374972142e-09	0.17013769450699104	0.2819640388927227	0.17013769450699104	0.17848828802582503	0.14960994969166186	8.33000234328132e-09	0.25283030906608744	0.16953198141284426	0.17013769450699112	0.13023186830483147	0.2215523550715795	9.85619169125181e-09	0.2570589084488538	0.11910873118482711	9.125060374972142e-09	0.4943298560087231	0.17013769450699112	0.2357549073626913	0.17013769450699112	0.0	0.170137694506991	0.20295439126100454	0.23295040712789628	0.14960994969166183	9.125060374972142e-09	0.29895270707217936	0.17013769450699104	9.125060374972142e-09	9.125060374972142e-09	0.1360623901011694	0.32068002580360194	0.4943298560087232	0.2394502257923605	0.17822563638993444	0.17822563638993438	0.3246391036628369	0.23027127364895705	0.2215523550715788	0.5900669533088055	0.21500715692053107	0.23739458772747501	0.17013769450699107	0.07727677542442876	0.2883597348972433	0.2373945877274751	0.5933299036839795	0.5587895464274294	0.5414246022659578	0.5587895464274294	0.5363005004359687	0.5414246022659577	0.5684901775361533	0.5587895464274294	0.5587895464274294	0.5587895464274294	0.4294455316806347	0.5587895464274294	0.39083675338455104	0.47087358879353197	0.4703627790104896	0.531039911178229	0.3908367533845511	0.5363005004359687	0.5338509572994032	0.5350797314882322	0.48083253941685133	0.4612974834447817	0.5069820131821867	0.48083253941685133	0.5675656342974348	0.5338509572994032	0.5363005004359687	0.5587895464274294	0.5338509572994032	0.5587895464274294	0.5581077546101424	0.5350797314882321	0.5587895464274294	0.5350797314882321	0.5587895464274294	0.5363005004359687	0.5338509572994031	0.5363005004359686	0.6627988662372839	0.44653294805196875	0.5587895464274294	0.5638159604188707	0.5607423279501367	0.4612974834447816	0.5350797314882321	0.5338509572994032	0.5363005004359688	1.0536712127723509e-08	0.126989627406055	1.1780402288468106e-08	1.2904784139758924e-08	0.28835973489724204	0.17013769450699107	0.48083253941685117	0.48083253941685117	0.48083253941685117	0.17013769450699107	1.1175870895385742e-08	0.5363005004359687	0.9354065638401283
C_IL065_18	0.42891096637321013	0.4509978620621915	0.24088293309820366	0.08794616702313317	0.21349808495655226	0.17013769450699034	0.20207752989089867	0.28117393809598656	0.1701376945069903	1.3431725187092979e-08	0.728580023069109	0.24281993705966795	0.17013769450699034	0.17013769450699054	0.17013769450699018	0.17619084159410825	0.36261776576606825	0.04459583214204668	0.10188711214107425	0.08794616702313167	1.235539015514925e-08	0.28117393809598706	0.281173938095987	0.1847847136045165	0.17013769450699034	0.17411729555916083	0.28117393809598684	0.1847847136045163	0.17013769450699073	0.1701376945069905	0.18478471360451668	0.17013769450699054	0.17013769450699057	0.4747405497854253	0.279950990428326	0.48782463306176566	0.1575119725836811	0.04459583214204637	9.125060374972142e-09	0.17013769450699043	0.21349808495655254	0.1701376945069905	0.18323862192475393	0.18323862192475407	0.28117393809598706	0.09235559928075661	0.04459583214204575	0.17013769450699073	8.33000234328132e-09	0.2406234592782583	7.450580596923828e-09	0.09235559928075684	0.19566550507295344	0.17013769450699087	0.17103767307850806	0.04459583214204528	8.736580162911545e-09	0.21697523111346737	0.2885942644916746	0.17013769450699093	0.37866135218575103	0.21349808495655098	0.17013769450699087	0.6120107482849352	6.969379981558661e-09	0.20876079906248204	7.450580596923828e-09	0.170137694506991	0.0	0.1562839821836821	0.21171670904947662	0.1956655050729537	0.1701376945069911	0.3005739317857505	6.969379981558661e-09	0.17013769450699115	0.17013769450699118	0.23206188248862966	0.2820270763169948	0.6120107482849356	0.2913275509369602	0.08794616702313182	0.08794616702313182	0.3574107371425789	0.2811739380959876	0.28859426449167414	0.7218155492784512	0.20207752989089886	0.29157937122750943	9.125060374972142e-09	0.18478471360451898	0.35824725075735747	0.2915793712275095	0.46904797528640063	0.42891096637320864	0.4347455633986698	0.4289109663732087	0.4597026693801165	0.4347455633986696	0.47057557723936433	0.42891096637320864	0.42891096637320864	0.42891096637320875	0.4027561968025338	0.42891096637320864	0.3644691349768845	0.44218430284004673	0.44211458976113355	0.4492632066583092	0.36446913497688455	0.45970266938011645	0.4509978620621901	0.4443145952437278	0.45263317682573495	0.43447775516515835	0.4816521895910419	0.45263317682573495	0.48132131953150736	0.4509978620621901	0.4597026693801165	0.42891096637320864	0.4509978620621901	0.4289109663732087	0.472784455677388	0.44431459524372774	0.4289109663732086	0.44431459524372774	0.42891096637320864	0.45970266938011656	0.45099786206219017	0.45970266938011656	0.5367540259354082	0.4187983424979479	0.4289109663732087	0.4769556765779177	0.47556481627263114	0.43447775516515824	0.4443145952437277	0.4509978620621902	0.4597026693801167	0.1701376945069913	0.21606734225543667	0.1701376945069913	0.17013769450699143	0.35824725075735664	1.1780402288468106e-08	0.45263317682573484	0.45263317682573484	0.45263317682573484	1.0860994262332657e-08	0.1701376945069913	0.45970266938011667	0.8773628398644131
C_IL066_18	0.4224782375214528	0.40851948791557224	0.2216208212880652	0.17818136397806078	0.2277008634635507	0.20295439126100523	0.17649872865728455	0.2771463965070496	0.20295439126100578	0.15628398218368147	0.7044067726313616	0.2614577083870768	0.20295439126100534	0.2029543912610055	0.20295439126100556	0.2067224438167299	0.3495371747468725	0.14897663943079514	0.12364871565346719	0.1781813639780594	0.15628398218368128	0.2771463965070494	0.2771463965070492	0.2117821909460012	0.2029543912610057	0.20304832215477442	0.27714639650704903	0.21178219094600131	0.20295439126100587	0.20295439126100562	0.2117821909460012	0.20295439126100528	0.20295439126100542	0.49043205087946984	0.27554298288699586	0.5065105991442724	0.10131250764054471	0.14897663943079503	0.15628398218368164	0.2029543912610051	0.22770086346355062	0.2029543912610051	0.20786943454447562	0.20786943454447568	0.27714639650704886	0.14003074777523644	0.14897663943079514	0.20295439126100476	0.156283982183682	0.19733376880779152	0.15628398218368192	0.140030747775237	0.24256531694234557	0.20295439126100462	0.23930775954016367	0.1489766394307952	0.15628398218368214	0.22291540168325166	0.2933309129146588	0.20295439126100465	0.37343266904346983	0.2277008634635483	0.2029543912610046	0.6301754918986564	0.15628398218368228	0.2058393609411661	0.1562839821836823	0.20295439126100454	0.1562839821836821	0.0	0.1887440464122019	0.24256531694234548	0.20295439126100454	0.29337133167557966	0.15628398218368206	0.20295439126100448	0.2029543912610045	0.2526541748082273	0.27057084491063477	0.6301754918986564	0.2938104176953076	0.17818136397806025	0.1781813639780602	0.3472859132655788	0.27714639650704853	0.293330912914658	0.712382694063765	0.17649872865728458	0.29272787460731653	0.15628398218368236	0.21178219094600176	0.3767537210433351	0.2927278746073166	0.460796601389226	0.42247823752145125	0.3954194169144103	0.4224782375214513	0.41086637322943875	0.3954194169144101	0.43423337000832396	0.42247823752145125	0.4224782375214512	0.4224782375214513	0.3558320887917799	0.42247823752145125	0.35088865475978176	0.39503692691742903	0.3950750587088544	0.3862959527076254	0.3508886547597819	0.4108663732294387	0.408519487915572	0.386342249955982	0.3989124240259909	0.3724495193552133	0.4344922222460951	0.3989124240259908	0.43126324029746343	0.4085194879155718	0.4108663732294387	0.4224782375214511	0.40851948791557174	0.4224782375214512	0.42152268965165846	0.3863422499559817	0.4224782375214511	0.38634224995598165	0.42247823752145125	0.41086637322943853	0.40851948791557163	0.41086637322943853	0.5308275540941922	0.3981251847908542	0.4224782375214512	0.4247123180436999	0.4247486663470816	0.372449519355213	0.38634224995598165	0.40851948791557174	0.41086637322943864	0.2029543912610046	0.2327562763858177	0.2029543912610046	0.20295439126100445	0.3767537210433329	0.15628398218368156	0.39891242402599053	0.39891242402599053	0.39891242402599053	0.1562839821836814	0.20295439126100454	0.41086637322943864	0.8661603496790544
C_IL067_18	0.5034236986563306	0.4793838826558133	0.2925439155698511	0.23037231751216636	0.2688516890926757	0.2329504071278936	0.23503804750369844	0.33005885851805705	0.2329504071278921	0.21171670904947745	0.7637628211816984	0.2372190658447238	0.23295040712789283	0.232950407127893	0.23295040712789222	0.2350928880140509	0.43597169091007804	0.20736476500403644	0.19621281122906753	0.2303723175121666	0.2117167090494778	0.33005885851805944	0.3300588585180593	0.2534769044663962	0.23295040712789206	0.23331509731176633	0.3300588585180591	0.25347690446639604	0.2329504071278924	0.23295040712789306	0.25347690446639676	0.2329504071278936	0.23295040712789372	0.5490039197548838	0.1926330829506112	0.5139113425457154	0.21099303734306044	0.20736476500403572	0.21171670904947706	0.23295040712789403	0.26885168909267587	0.23295040712789417	0.24126022898212446	0.24126022898212468	0.33005885851806044	0.20511689673558467	0.20736476500403525	0.23295040712789522	0.21171670904947665	0.311194466453669	0.2117167090494767	0.2051168967355843	0.3090119060759548	0.23295040712789564	0.3159159576461974	0.20736476500403503	0.21171670904947656	0.26545286154209685	0.3219092394565773	0.23295040712789594	0.3832737863266137	0.26885168909267637	0.23295040712789594	0.6828846823796465	0.2117167090494764	0.08211933867716556	0.21171670904947637	0.23295040712789628	0.21171670904947662	0.1887440464122019	0.0	0.3090119060759553	0.23295040712789647	0.2776540368186337	0.2117167090494765	0.23295040712789683	0.23295040712789686	0.2706692323975433	0.3778736939251471	0.6828846823796475	0.3167529709926614	0.23037231751216566	0.2303723175121657	0.41186103884454134	0.33005885851806255	0.3219092394565777	0.6918956083548208	0.23503804750369775	0.3289744945487554	0.21171670904947598	0.2534769044664017	0.36952381565423825	0.3289744945487555	0.5128518005056178	0.503423698656329	0.47612094040452163	0.503423698656329	0.48111489159837223	0.47612094040452124	0.5120130701640397	0.5034236986563291	0.5034236986563292	0.5034236986563292	0.4655643883585463	0.5034236986563291	0.4538137952290042	0.4968668132017397	0.4974851801136272	0.45348427581048045	0.45381379522900434	0.48111489159837234	0.4793838826558086	0.4686309441122251	0.5022966576794383	0.48028601488372774	0.543085106312752	0.5022966576794383	0.48258485913971977	0.4793838826558087	0.4811148915983728	0.5034236986563295	0.4793838826558089	0.5034236986563295	0.5170135437046183	0.46863094411222556	0.5034236986563293	0.46863094411222544	0.5034236986563293	0.481114891598373	0.4793838826558093	0.48111489159837273	0.589209804822114	0.49863684550002957	0.5034236986563295	0.47572680710308823	0.5199529372753382	0.48028601488372846	0.46863094411222533	0.4793838826558091	0.4811148915983732	0.23295040712789816	0.2824762366478409	0.2329504071278981	0.23295040712789875	0.3695238156542416	0.2117167090494776	0.5022966576794387	0.5022966576794387	0.5022966576794387	0.2117167090494779	0.23295040712789816	0.48111489159837284	0.8900699027362271
C_IL071_18	0.5299776430287978	0.5154861443480785	0.31950431444562455	0.20847157046661935	0.17996671210403506	0.14960994969166228	0.27506417307063524	0.2705837375352273	0.14960994969166252	0.19566550507295372	0.7908193453188123	0.23335715391474887	0.1496099496916621	0.14960994969166197	0.14960994969166191	0.15235254094283124	0.2822792714084116	0.1988274777907374	0.20825218598730402	0.20847157046661863	0.19566550507295363	0.27058373753522735	0.27058373753522735	0.16623234498404504	0.14960994969166214	0.15673342510526905	0.27058373753522713	0.16623234498404468	0.14960994969166244	0.14960994969166208	0.1662323449840451	0.14960994969166191	0.14960994969166197	0.38153160310008244	0.37880613787016665	0.4273887309946104	0.24295337788300786	0.19882747779073737	0.19566550507295355	0.14960994969166186	0.17996671210403484	0.14960994969166183	0.1665742384243501	0.16657423842435026	0.27058373753522713	0.20539529322963113	0.19882747779073734	0.14960994969166172	0.19566550507295363	0.22821364887946508	0.1956655050729537	0.2053952932296314	8.33000234328132e-09	0.14960994969166178	0.19159302792857555	0.19882747779073728	0.19566550507295374	0.1932061878473928	0.26805165333846914	0.14960994969166178	0.3041295719011173	0.17996671210403245	0.14960994969166172	0.5204188336498323	0.19566550507295377	0.29705158313411884	0.19566550507295377	0.14960994969166183	0.1956655050729537	0.24256531694234548	0.3090119060759553	0.0	0.14960994969166166	0.3968023695394848	0.1956655050729536	0.1496099496916616	0.14960994969166164	0.1993100467125011	0.27271808247035323	0.5204188336498323	0.2896284977310351	0.20847157046661904	0.20847157046661902	0.3006003001294465	0.2705837375352272	0.2680516533384684	0.637466468369904	0.2750641730706353	0.2813740072107726	0.19566550507295366	0.16623234498404665	0.3538479487612005	0.28137400721077266	0.5693739786932099	0.5299776430287967	0.5170361638880857	0.5299776430287967	0.5199287485609337	0.5170361638880855	0.5462817837933861	0.5299776430287966	0.5299776430287966	0.5299776430287967	0.39227685857015887	0.5299776430287967	0.3340860176714451	0.44981207271102325	0.45025682999796485	0.5129099493191683	0.3340860176714451	0.5199287485609337	0.5154861443480778	0.513900648905032	0.4642435449849536	0.4344567641116907	0.4905878804765958	0.46424354498495357	0.5474514095125016	0.5154861443480778	0.5199287485609336	0.5299776430287966	0.5154861443480777	0.5299776430287966	0.5378114695942535	0.5139006489050317	0.5299776430287965	0.5139006489050317	0.5299776430287965	0.5199287485609336	0.5154861443480776	0.5199287485609336	0.6346179056160035	0.4060389219070617	0.5299776430287966	0.5455961291817224	0.5397898839492297	0.4344567641116905	0.5139006489050316	0.5154861443480776	0.5199287485609337	0.14960994969166158	0.2083544714915073	0.1496099496916617	0.14960994969166178	0.35384794876119935	0.19566550507295358	0.4642435449849534	0.4642435449849534	0.4642435449849534	0.19566550507295363	0.14960994969166183	0.5199287485609337	0.9309312282632773
C_IL072_18	0.5587895464274306	0.5338509572994041	0.2462313892974989	0.17822563638993522	0.11910873118483073	1.235539015514925e-08	0.215007156920531	0.230271273648957	1.4664574239789354e-08	0.17013769450699112	0.7971919175226319	0.1297915056798784	1.1780402288468106e-08	1.2904784139758924e-08	1.1175870895385742e-08	0.01324132202701752	0.32344710302321455	0.16953198141284448	0.17473165569360322	0.1782256363899343	0.17013769450699104	0.2302712736489569	0.23027127364895694	0.07727677542442446	1.1478136591926925e-08	0.039652550325617195	0.23027127364895678	0.07727677542442404	1.5359765386647212e-08	1.3431725187092979e-08	0.0772767754244248	1.2904784139758924e-08	1.1478136591926925e-08	0.38393356223432545	0.2841057236072408	0.3964211596175416	0.2158218452907778	0.1695319814128442	0.17013769450699093	9.125060374972142e-09	0.11910873118483087	9.85619169125181e-09	0.07145978065630962	0.07145978065631012	0.23027127364895678	0.17848828802582498	0.16953198141284415	9.125060374972142e-09	0.170137694506991	0.2819640388927228	0.17013769450699096	0.1784882880258252	0.14960994969166172	9.125060374972142e-09	0.25283030906608733	0.1695319814128441	0.17013769450699112	0.1302318683048316	0.2215523550715797	9.125060374972142e-09	0.25705890844885376	0.11910873118482755	9.125060374972142e-09	0.49432985600872315	0.17013769450699118	0.23575490736269117	0.17013769450699115	9.125060374972142e-09	0.1701376945069911	0.20295439126100454	0.23295040712789647	0.14960994969166166	0.0	0.29895270707217936	0.17013769450699107	9.125060374972142e-09	8.33000234328132e-09	0.13606239010116852	0.320680025803602	0.49432985600872315	0.23945022579236028	0.17822563638993447	0.17822563638993444	0.32463910366283705	0.23027127364895705	0.22155235507157894	0.5900669533088057	0.21500715692053116	0.2373945877274752	0.1701376945069911	0.07727677542442858	0.28835973489724337	0.2373945877274753	0.5933299036839794	0.5587895464274294	0.5414246022659577	0.5587895464274294	0.5363005004359687	0.5414246022659575	0.5684901775361532	0.5587895464274294	0.5587895464274294	0.5587895464274294	0.42944553168063465	0.5587895464274294	0.39083675338455104	0.4708735887935319	0.4703627790104895	0.531039911178229	0.39083675338455104	0.5363005004359686	0.5338509572994032	0.5350797314882322	0.48083253941685133	0.46129748344478166	0.5069820131821866	0.48083253941685133	0.5675656342974348	0.5338509572994032	0.5363005004359687	0.5587895464274294	0.5338509572994032	0.5587895464274294	0.5581077546101426	0.5350797314882322	0.5587895464274294	0.5350797314882322	0.5587895464274294	0.5363005004359686	0.5338509572994031	0.5363005004359686	0.6627988662372838	0.44653294805196875	0.5587895464274294	0.5638159604188707	0.5607423279501366	0.46129748344478155	0.5350797314882321	0.5338509572994031	0.5363005004359687	9.125060374972142e-09	0.12698962740605557	1.1175870895385742e-08	1.2904784139758924e-08	0.28835973489724204	0.17013769450699107	0.48083253941685117	0.48083253941685117	0.48083253941685117	0.17013769450699104	1.0536712127723509e-08	0.5363005004359687	0.9354065638401283
C_IL074_18	0.536545083113093	0.5100020832170042	0.1914714505081322	0.29621863341968396	0.3422791140973353	0.29895270707217925	0.2538172208615678	0.4143704796834929	0.29895270707217925	0.30057393178575054	0.6694201029058874	0.28898922699037244	0.29895270707217914	0.29895270707217936	0.29895270707217925	0.3012708041849791	0.523145875052894	0.29757543452842583	0.29359851591217184	0.29621863341968324	0.30057393178575037	0.4143704796834933	0.4143704796834932	0.3088790065559618	0.29895270707217925	0.29924459992484004	0.41437047968349316	0.30887900655596173	0.29895270707217936	0.29895270707217925	0.30887900655596184	0.29895270707217925	0.29895270707217925	0.5986890831541454	0.27104124614675235	0.552875506074403	0.3086019372981349	0.2975754345284259	0.3005739317857505	0.2989527070721792	0.3422791140973353	0.2989527070721792	0.3089068963671126	0.30890689636711266	0.4143704796834932	0.2996974014310166	0.29757543452842583	0.2989527070721792	0.3005739317857505	0.4227680486947695	0.3005739317857505	0.29969740143101675	0.3968023695394847	0.29895270707217925	0.40984562251348294	0.29757543452842583	0.3005739317857505	0.342151939358329	0.4060641880937732	0.29895270707217925	0.45065881478290687	0.34227911409733414	0.29895270707217925	0.6205059832753469	0.30057393178575054	0.29051915323219973	0.30057393178575054	0.29895270707217936	0.3005739317857505	0.29337133167557966	0.2776540368186337	0.3968023695394848	0.29895270707217936	0.0	0.30057393178575054	0.29895270707217936	0.2989527070721793	0.3618574433263293	0.4217711278748472	0.6205059832753471	0.40120029324970286	0.29621863341968346	0.2962186334196835	0.5213455090282627	0.41437047968349366	0.4060641880937728	0.7049583191982708	0.25381722086156805	0.4328549393220961	0.30057393178575054	0.308879006555963	0.4456963913508969	0.4328549393220962	0.5405097149694336	0.5365450831130919	0.5185009019119059	0.5365450831130919	0.5129846347336023	0.5185009019119057	0.5511341078734421	0.5365450831130919	0.5365450831130919	0.5365450831130919	0.4812112088513836	0.5365450831130918	0.48688369485367433	0.48807965080816096	0.485476766907596	0.5060625357282746	0.4868836948536744	0.5129846347336022	0.5100020832170036	0.5135262479906054	0.4892578973090277	0.49058246247504483	0.48634511296138533	0.4892578973090276	0.5513933335523419	0.5100020832170036	0.5129846347336023	0.5365450831130918	0.5100020832170035	0.5365450831130919	0.5024809460906416	0.5135262479906054	0.5365450831130919	0.5135262479906054	0.5365450831130919	0.5129846347336023	0.5100020832170037	0.5129846347336023	0.6202481688247692	0.49336566588865105	0.5365450831130919	0.5150274273280177	0.5057212377153234	0.49058246247504483	0.5135262479906054	0.5100020832170037	0.5129846347336026	0.2989527070721796	0.3039346919558112	0.29895270707217947	0.2989527070721796	0.4456963913508963	0.30057393178575076	0.4892578973090275	0.48925789730902747	0.48925789730902747	0.3005739317857508	0.2989527070721796	0.5129846347336026	0.8285305431456562
C_IL076_18	0.42891096637321013	0.4509978620621914	0.24088293309820374	0.08794616702313313	0.21349808495655218	0.17013769450699037	0.20207752989089872	0.2811739380959866	0.17013769450699034	1.235539015514925e-08	0.728580023069109	0.24281993705966798	0.17013769450699034	0.1701376945069906	0.17013769450699012	0.1761908415941079	0.3626177657660682	0.044595832142047154	0.10188711214107422	0.08794616702313163	1.2904784139758924e-08	0.28117393809598706	0.28117393809598695	0.18478471360451643	0.17013769450699034	0.17411729555916056	0.28117393809598684	0.1847847136045163	0.1701376945069908	0.17013769450699048	0.1847847136045167	0.17013769450699057	0.17013769450699057	0.47474054978542535	0.279950990428326	0.48782463306176566	0.1575119725836811	0.04459583214204622	9.125060374972142e-09	0.1701376945069905	0.21349808495655254	0.17013769450699057	0.18323862192475404	0.18323862192475415	0.28117393809598706	0.09235559928075658	0.044595832142045676	0.17013769450699082	8.736580162911545e-09	0.24062345927825823	8.33000234328132e-09	0.09235559928075687	0.19566550507295347	0.17013769450699084	0.17103767307850803	0.044595832142045363	8.736580162911545e-09	0.21697523111346728	0.2885942644916745	0.17013769450699096	0.37866135218575103	0.21349808495655093	0.1701376945069909	0.6120107482849352	7.450580596923828e-09	0.20876079906248202	7.676557346358228e-09	0.17013769450699104	6.969379981558661e-09	0.15628398218368206	0.2117167090494765	0.1956655050729536	0.17013769450699107	0.30057393178575054	0.0	0.17013769450699112	0.1701376945069912	0.23206188248862977	0.2820270763169948	0.6120107482849356	0.2913275509369602	0.08794616702313178	0.08794616702313171	0.35741073714257887	0.2811739380959876	0.28859426449167414	0.7218155492784513	0.20207752989089883	0.29157937122750943	6.969379981558661e-09	0.18478471360451904	0.3582472507573574	0.2915793712275095	0.46904797528640063	0.4289109663732086	0.4347455633986698	0.42891096637320864	0.45970266938011645	0.4347455633986696	0.47057557723936433	0.4289109663732086	0.42891096637320864	0.4289109663732087	0.4027561968025338	0.42891096637320864	0.36446913497688455	0.4421843028400468	0.44211458976113355	0.4492632066583092	0.3644691349768846	0.45970266938011645	0.4509978620621901	0.44431459524372774	0.45263317682573495	0.43447775516515835	0.4816521895910419	0.45263317682573495	0.48132131953150736	0.45099786206219006	0.4597026693801165	0.42891096637320864	0.45099786206219006	0.42891096637320875	0.4727844556773879	0.44431459524372774	0.4289109663732086	0.4443145952437277	0.42891096637320864	0.4597026693801166	0.45099786206219017	0.45970266938011656	0.5367540259354081	0.4187983424979479	0.42891096637320864	0.47695567657791765	0.47556481627263114	0.43447775516515824	0.44431459524372763	0.45099786206219017	0.45970266938011667	0.1701376945069913	0.21606734225543656	0.17013769450699132	0.17013769450699134	0.35824725075735664	1.1780402288468106e-08	0.45263317682573484	0.45263317682573484	0.45263317682573484	1.148211584048155e-08	0.17013769450699132	0.45970266938011667	0.8773628398644132
C_IL077_18	0.5587895464274307	0.5338509572994041	0.24623138929749888	0.17822563638993533	0.11910873118483131	1.235539015514925e-08	0.2150071569205311	0.23027127364895694	1.4901161193847656e-08	0.17013769450699115	0.797191917522632	0.12979150567987832	1.1175870895385742e-08	1.1780402288468106e-08	1.1175870895385742e-08	0.01324132202703429	0.32344710302321444	0.16953198141284442	0.17473165569360316	0.17822563638993444	0.1701376945069911	0.2302712736489569	0.23027127364895694	0.0772767754244241	1.1780402288468106e-08	0.03965255032562148	0.2302712736489567	0.07727677542442364	1.64490843164553e-08	1.2630087147454087e-08	0.07727677542442463	1.1780402288468106e-08	1.2904784139758924e-08	0.38393356223432545	0.2841057236072408	0.3964211596175416	0.21582184529077764	0.16953198141284415	0.17013769450699096	9.125060374972142e-09	0.1191087311848314	1.0536712127723509e-08	0.07145978065630876	0.07145978065630934	0.23027127364895666	0.17848828802582511	0.1695319814128441	9.85619169125181e-09	0.17013769450699104	0.281964038892723	0.17013769450699104	0.17848828802582528	0.14960994969166164	8.33000234328132e-09	0.25283030906608733	0.16953198141284406	0.17013769450699112	0.13023186830483166	0.2215523550715799	1.0536712127723509e-08	0.2570589084488539	0.11910873118482804	9.125060374972142e-09	0.49432985600872315	0.17013769450699118	0.235754907362691	0.1701376945069912	9.125060374972142e-09	0.17013769450699115	0.20295439126100448	0.23295040712789683	0.1496099496916616	9.125060374972142e-09	0.29895270707217936	0.17013769450699112	0.0	6.452392069879462e-09	0.13606239010116783	0.32068002580360205	0.4943298560087232	0.23945022579236	0.17822563638993466	0.17822563638993466	0.3246391036628372	0.23027127364895703	0.2215523550715792	0.5900669533088057	0.2150071569205312	0.23739458772747535	0.1701376945069911	0.07727677542442826	0.2883597348972435	0.23739458772747538	0.5933299036839795	0.5587895464274294	0.5414246022659576	0.5587895464274294	0.5363005004359687	0.5414246022659575	0.5684901775361532	0.5587895464274294	0.5587895464274294	0.5587895464274294	0.4294455316806347	0.5587895464274294	0.39083675338455104	0.47087358879353197	0.4703627790104895	0.531039911178229	0.39083675338455104	0.5363005004359687	0.5338509572994032	0.5350797314882322	0.4808325394168514	0.4612974834447817	0.5069820131821865	0.4808325394168514	0.5675656342974348	0.5338509572994032	0.5363005004359687	0.5587895464274294	0.5338509572994032	0.5587895464274295	0.558107754610143	0.5350797314882322	0.5587895464274294	0.5350797314882322	0.5587895464274294	0.5363005004359687	0.5338509572994032	0.5363005004359687	0.6627988662372838	0.44653294805196886	0.5587895464274294	0.5638159604188707	0.5607423279501365	0.4612974834447816	0.5350797314882321	0.5338509572994032	0.5363005004359687	9.85619169125181e-09	0.12698962740605624	1.0536712127723509e-08	1.1780402288468106e-08	0.2883597348972421	0.17013769450699107	0.4808325394168512	0.4808325394168512	0.4808325394168512	0.1701376945069911	1.235539015514925e-08	0.5363005004359687	0.9354065638401283
C_IL079_18	0.5587895464274307	0.5338509572994041	0.2462313892974989	0.17822563638993535	0.1191087311848311	1.2904784139758924e-08	0.21500715692053113	0.230271273648957	1.580506819158526e-08	0.1701376945069912	0.797191917522632	0.12979150567987835	1.1478136591926925e-08	1.235539015514925e-08	1.235539015514925e-08	0.013241322027032456	0.3234471030232145	0.16953198141284445	0.17473165569360322	0.1782256363899345	0.17013769450699112	0.23027127364895694	0.23027127364895697	0.07727677542442418	1.1780402288468106e-08	0.0396525503256213	0.23027127364895672	0.07727677542442382	1.580506819158526e-08	1.4427987285731051e-08	0.07727677542442468	1.3431725187092979e-08	1.1175870895385742e-08	0.3839335622343255	0.28410572360724085	0.3964211596175416	0.2158218452907777	0.16953198141284417	0.17013769450699098	9.85619169125181e-09	0.1191087311848314	1.1175870895385742e-08	0.07145978065630904	0.07145978065630958	0.2302712736489567	0.17848828802582514	0.16953198141284415	9.85619169125181e-09	0.1701376945069911	0.281964038892723	0.1701376945069911	0.17848828802582536	0.14960994969166172	9.125060374972142e-09	0.2528303090660874	0.1695319814128441	0.17013769450699115	0.1302318683048317	0.22155235507157992	1.1175870895385742e-08	0.2570589084488539	0.11910873118482804	9.85619169125181e-09	0.49432985600872315	0.17013769450699123	0.2357549073626911	0.1701376945069912	9.125060374972142e-09	0.17013769450699118	0.2029543912610045	0.23295040712789686	0.14960994969166164	8.33000234328132e-09	0.2989527070721793	0.1701376945069912	6.452392069879462e-09	0.0	0.13606239010116794	0.3206800258036021	0.49432985600872315	0.23945022579236003	0.17822563638993466	0.17822563638993463	0.3246391036628372	0.23027127364895708	0.22155235507157922	0.5900669533088057	0.21500715692053124	0.23739458772747538	0.17013769450699112	0.0772767754244284	0.2883597348972434	0.23739458772747543	0.5933299036839794	0.5587895464274294	0.5414246022659576	0.5587895464274294	0.5363005004359687	0.5414246022659575	0.5684901775361532	0.5587895464274294	0.5587895464274294	0.5587895464274295	0.4294455316806347	0.5587895464274294	0.39083675338455104	0.47087358879353197	0.4703627790104895	0.531039911178229	0.39083675338455104	0.5363005004359687	0.5338509572994032	0.5350797314882322	0.48083253941685145	0.4612974834447817	0.5069820131821865	0.48083253941685133	0.5675656342974348	0.5338509572994032	0.5363005004359687	0.5587895464274294	0.5338509572994032	0.5587895464274295	0.558107754610143	0.5350797314882322	0.5587895464274294	0.5350797314882322	0.5587895464274294	0.5363005004359687	0.5338509572994032	0.5363005004359686	0.6627988662372838	0.44653294805196886	0.5587895464274294	0.5638159604188707	0.5607423279501365	0.4612974834447816	0.5350797314882321	0.5338509572994031	0.5363005004359687	1.0536712127723509e-08	0.12698962740605624	1.0536712127723509e-08	1.2067896221808679e-08	0.2883597348972421	0.1701376945069911	0.4808325394168512	0.4808325394168512	0.4808325394168512	0.17013769450699112	1.235539015514925e-08	0.5363005004359687	0.9354065638401283
C_IL080_18	0.5866392857080268	0.563671845643845	0.3012108582399316	0.23954943509584212	0.08420325273602072	0.13606239010117605	0.2638673337933961	0.23008438373089704	0.13606239010117901	0.23206188248862777	0.8593365388705477	0.20082448945658388	0.136062390101178	0.136062390101177	0.13606239010117893	0.13517653069572388	0.3249747597167547	0.23139393543639628	0.23656908489434053	0.23954943509584006	0.2320618824886279	0.23008438373089277	0.2300843837308928	0.1626009344990644	0.13606239010117974	0.14807259897738914	0.23008438373089285	0.16260093449906418	0.13606239010117915	0.13606239010117738	0.16260093449906363	0.13606239010117613	0.13606239010117585	0.3650655163121648	0.3038341616863251	0.38269868211617786	0.2634956648040641	0.23139393543639694	0.2320618824886287	0.1360623901011745	0.08420325273602089	0.13606239010117438	0.13188447197575823	0.13188447197575812	0.2300843837308906	0.23966166384832435	0.23139393543639736	0.13606239010117166	0.2320618824886294	0.32065694227644814	0.23206188248862925	0.23966166384832516	0.19931004671250196	0.13606239010117072	0.3056771136057105	0.2313939354363977	0.23206188248862952	0.12471154870364434	0.22450223984964213	0.13606239010116986	0.3171972662510375	0.084203252736007	0.13606239010116988	0.49489609727688566	0.23206188248862994	0.2737473583237533	0.23206188248863	0.1360623901011694	0.23206188248862966	0.2526541748082273	0.2706692323975433	0.1993100467125011	0.13606239010116852	0.3618574433263293	0.23206188248862977	0.13606239010116783	0.13606239010116794	0.0	0.36138567999619936	0.4948960972768841	0.2478523444228638	0.23954943509584203	0.23954943509584203	0.301087380509143	0.2300843837308869	0.22450223984963963	0.6118328453528157	0.2638673337933972	0.2074307465342149	0.2320618824886305	0.1626009344990568	0.25835190455925805	0.207430746534215	0.6204101313894254	0.5866392857080267	0.5734906692305691	0.5866392857080267	0.5640953677990791	0.5734906692305692	0.5989934882942008	0.5866392857080267	0.5866392857080266	0.5866392857080267	0.438460377800612	0.5866392857080268	0.4275895734334552	0.4774021454592406	0.47667686687910354	0.5550166399476241	0.42758957343345516	0.5640953677990789	0.5636718456438484	0.5691814801151129	0.4931941184569424	0.4536783593822437	0.5221036297521473	0.4931941184569422	0.585254192200892	0.5636718456438479	0.5640953677990784	0.586639285708026	0.5636718456438476	0.5866392857080263	0.5965191105692442	0.569181480115112	0.5866392857080261	0.569181480115112	0.5866392857080263	0.564095367799078	0.5636718456438472	0.5640953677990781	0.6774088894945159	0.48067401891343275	0.586639285708026	0.6014976514609413	0.5994279597109079	0.4536783593822422	0.5691814801151122	0.5636718456438474	0.564095367799078	0.13606239010116503	0.18134858693520634	0.13606239010116505	0.13606239010116403	0.2583519045592475	0.23206188248862855	0.4931941184569414	0.49319411845694133	0.49319411845694133	0.2320618824886282	0.1360623901011653	0.5640953677990783	0.975085856019069
C_IL081_18	0.4490665376610329	0.4366385801254445	0.33015973750696703	0.330713132041176	0.3413665730950211	0.32068002580360133	0.34071588088507604	0.39892368580063764	0.3206800258036013	0.282027076316995	0.6805141914061658	0.37700439493867316	0.32068002580360133	0.32068002580360133	0.3206800258036011	0.3246826807352694	0.37102784504210073	0.29701016344683845	0.2869638197109352	0.33071313204117536	0.2820270763169949	0.3989236858006379	0.398923685800638	0.3530047268934041	0.3206800258036011	0.3279727199062228	0.39892368580063786	0.353004726893404	0.32068002580360144	0.3206800258036014	0.3530047268934043	0.3206800258036014	0.32068002580360144	0.5510300747472451	0.4709307653200924	0.6151613831297492	0.2494539272488771	0.2970101634468382	0.28202707631699486	0.32068002580360133	0.3413665730950213	0.3206800258036014	0.3317591026855104	0.33175910268551057	0.39892368580063803	0.2686733899438451	0.2970101634468381	0.3206800258036016	0.28202707631699475	0.18234133716023954	0.2820270763169948	0.2686733899438451	0.272718082470353	0.32068002580360166	0.26310786388440566	0.29701016344683806	0.2820270763169948	0.34527153851917286	0.4117285835497863	0.3206800258036018	0.45211395707023644	0.34136657309502044	0.3206800258036018	0.6485170697513116	0.28202707631699475	0.358182360494055	0.28202707631699475	0.32068002580360194	0.2820270763169948	0.27057084491063477	0.3778736939251471	0.27271808247035323	0.320680025803602	0.4217711278748472	0.2820270763169948	0.32068002580360205	0.3206800258036021	0.36138567999619936	0.0	0.6485170697513122	0.4186607864704493	0.3307131320411755	0.3307131320411755	0.39223164346737727	0.39892368580063886	0.41172858354978614	0.7624937089160015	0.34071588088507576	0.419139115232032	0.28202707631699475	0.3530047268934059	0.5099610800784593	0.41913911523203207	0.4904538205163171	0.44906653766103066	0.42022851479796236	0.44906653766103083	0.45492280720131706	0.4202285147979621	0.46072745733982456	0.44906653766103083	0.44906653766103083	0.44906653766103094	0.3593771624812521	0.4490665376610309	0.34420026343981985	0.4182017653346837	0.4171641036223959	0.4039382195350574	0.3442002634398199	0.45492280720131706	0.4366385801254418	0.41224588519117655	0.44499522219404064	0.38094348166458464	0.4414560528903197	0.4449952221940407	0.4533251690947804	0.4366385801254418	0.4549228072013171	0.449066537661031	0.4366385801254419	0.449066537661031	0.40368921807865643	0.4122458851911766	0.449066537661031	0.4122458851911766	0.449066537661031	0.45492280720131734	0.43663858012544204	0.4549228072013172	0.5416285077295209	0.4291585556436682	0.44906653766103116	0.4539775773082514	0.406504343895307	0.3809434816645847	0.41224588519117666	0.4366385801254421	0.4549228072013175	0.32068002580360255	0.35100191531784114	0.32068002580360255	0.3206800258036026	0.5099610800784593	0.28202707631699514	0.4449952221940406	0.4449952221940406	0.4449952221940406	0.2820270763169952	0.32068002580360255	0.45492280720131734	0.866355371252202
C_IL082_18	0.9341185876533116	0.9202596946382878	0.6058866082476598	0.6144364473113663	0.48494287743223846	0.4943298560087231	0.631451036006341	0.5010792725050532	0.49432985600872315	0.6120107482849357	1.0717851328416863	0.5049724767761035	0.49432985600872315	0.49432985600872326	0.49432985600872315	0.4923907355082768	0.553317190954283	0.611705759561822	0.6172396406526847	0.6144364473113658	0.6120107482849357	0.5010792725050531	0.5010792725050532	0.48862588459831696	0.49432985600872303	0.4917642522600758	0.5010792725050531	0.4886258845983169	0.49432985600872326	0.4943298560087231	0.4886258845983171	0.49432985600872315	0.4943298560087232	0.33623148075164144	0.7042124722238655	0.36610430588988707	0.635012606116144	0.611705759561822	0.6120107482849356	0.4943298560087231	0.4849428774322384	0.49432985600872315	0.4837919523358596	0.4837919523358597	0.5010792725050532	0.6186076301903336	0.6117057595618219	0.49432985600872315	0.6120107482849356	0.6600655535175529	0.6120107482849356	0.6186076301903336	0.5204188336498323	0.49432985600872315	0.6429307293996924	0.6117057595618219	0.6120107482849356	0.47690854057385	0.4707574472111067	0.49432985600872315	0.5126636676950077	0.48494287743223774	0.49432985600872315	1.657564097189597e-08	0.6120107482849356	0.6836864463163843	0.6120107482849356	0.4943298560087232	0.6120107482849356	0.6301754918986564	0.6828846823796475	0.5204188336498323	0.49432985600872315	0.6205059832753471	0.6120107482849356	0.4943298560087232	0.49432985600872315	0.4948960972768841	0.6485170697513122	0.0	0.5007556564530362	0.6144364473113658	0.6144364473113658	0.5756350608489577	0.5010792725050537	0.47075744721110635	0.6181337482519125	0.631451036006341	0.5118486109856943	0.6120107482849355	0.4886258845983179	0.5060128335359959	0.5118486109856945	0.9548874766564889	0.9341185876533107	0.9272108021118813	0.9341185876533106	0.9217704706859283	0.9272108021118811	0.938492225349194	0.9341185876533106	0.9341185876533106	0.9341185876533106	0.6989274866248316	0.9341185876533106	0.6939142060808332	0.7194903158388768	0.7154188434224009	0.9268322846038998	0.6939142060808333	0.9217704706859281	0.920259694638287	0.9226125026151488	0.7208994954556815	0.7131034527303176	0.7137704455361338	0.7208994954556815	0.960879170266468	0.920259694638287	0.9217704706859283	0.9341185876533107	0.920259694638287	0.9341185876533107	0.9110231428498121	0.9226125026151488	0.9341185876533106	0.9226125026151488	0.9341185876533107	0.9217704706859283	0.9202596946382872	0.9217704706859283	1.051726632911854	0.7137562064883916	0.9341185876533107	0.9404338052163221	0.9143090843523344	0.7131034527303176	0.9226125026151488	0.9202596946382872	0.9217704706859284	0.49432985600872337	0.4643819541986513	0.4943298560087234	0.49432985600872364	0.506012833535996	0.6120107482849356	0.7208994954556815	0.7208994954556815	0.7208994954556815	0.6120107482849356	0.4943298560087235	0.9217704706859284	1.2544938709102658
C_IL085_18	0.6135324963326185	0.5961032785855552	0.3755259911402049	0.28513619866302997	0.22733178182790498	0.23945022579236241	0.34599918110907624	0.1095923881222579	0.23945022579236303	0.29132755093695967	0.9180149139765963	0.26402322737631434	0.23945022579236266	0.23945022579236258	0.23945022579236308	0.23995469865613342	0.2571229090971757	0.289170127856626	0.2868687323654669	0.28513619866302925	0.29132755093695956	0.10959238812225441	0.10959238812225397	0.2233113618442545	0.23945022579236327	0.2334795134370102	0.1095923881222532	0.22331136184425426	0.23945022579236322	0.23945022579236266	0.22331136184425432	0.23945022579236244	0.23945022579236228	0.354968599484105	0.3876753841022928	0.36028433930592046	0.3067705002545479	0.28917012785662616	0.29132755093695983	0.23945022579236172	0.2273317818279046	0.2394502257923617	0.21883836032950948	0.2188383603295095	0.10959238812225182	0.2916821170535167	0.2891701278566263	0.23945022579236103	0.29132755093696017	0.3702190736714795	0.29132755093696006	0.2916821170535171	0.28962849773103544	0.23945022579236078	0.36314026821347617	0.28917012785662644	0.29132755093696017	0.19001084885213715	0.0993959965637979	0.23945022579236058	0.3653509123111982	0.2273317818279012	0.23945022579236047	0.5007556564530368	0.29132755093696033	0.32583663309402167	0.29132755093696033	0.2394502257923605	0.2913275509369602	0.2938104176953076	0.3167529709926614	0.2896284977310351	0.23945022579236028	0.40120029324970286	0.2913275509369602	0.23945022579236	0.23945022579236003	0.2478523444228638	0.4186607864704493	0.5007556564530362	0.0	0.28513619866302986	0.2851361986630299	0.24898487005933054	0.10959238812224864	0.09939599656379469	0.6554394938026472	0.3459991811090767	0.14697307171368684	0.29132755093696056	0.22331136184425268	0.2223224543235975	0.14697307171368704	0.6227714291521773	0.6135324963326177	0.601667731674225	0.6135324963326177	0.598838462257817	0.601667731674225	0.6256954637583128	0.6135324963326177	0.6135324963326176	0.6135324963326177	0.4779489952666521	0.6135324963326179	0.47303982906423897	0.4894402613094927	0.4887469472428243	0.5878685523653976	0.47303982906423897	0.5988384622578169	0.5961032785855565	0.5978848848680783	0.4924345641058737	0.4910470262925592	0.5250551805133511	0.4924345641058736	0.6305327979812734	0.5961032785855562	0.5988384622578168	0.6135324963326174	0.596103278585556	0.6135324963326175	0.6240110369569789	0.597884884868078	0.6135324963326175	0.5978848848680779	0.6135324963326175	0.5988384622578166	0.5961032785855558	0.5988384622578167	0.710561540712179	0.49265898050369983	0.6135324963326175	0.6051464956083983	0.6266959500955107	0.4910470262925586	0.5978848848680781	0.596103278585556	0.5988384622578167	0.23945022579235942	0.21377003992979893	0.23945022579235942	0.2394502257923592	0.22232245432359152	0.29132755093695983	0.4924345641058732	0.4924345641058732	0.4924345641058732	0.29132755093695967	0.23945022579235958	0.5988384622578169	1.102214971812604
C_IL086_18	0.42708753831448293	0.4375003931866302	0.2286714425246938	2.3413086477623387e-08	0.22155563807166062	0.1782256363899328	0.18133271391619374	0.2754658476657382	0.17822563638993222	0.08794616702313332	0.7236546760993402	0.2438990111757642	0.17822563638993244	0.17822563638993275	0.17822563638993208	0.1833654118392196	0.3587840228326401	0.07904185418124975	0.11921617489690393	1.8059014742882287e-08	0.08794616702313317	0.27546584766573917	0.27546584766573906	0.17096223813236078	0.17822563638993202	0.18037078455272282	0.2754658476657389	0.17096223813236058	0.17822563638993247	0.17822563638993263	0.17096223813236117	0.1782256363899331	0.17822563638993294	0.4748022485910049	0.2693031597643064	0.4835107547293506	0.19734513858657135	0.07904185418124883	0.0879461670231323	0.17822563638993305	0.22155563807166062	0.17822563638993313	0.1892492965808198	0.18924929658082001	0.27546584766573956	0.1304992380123655	0.07904185418124808	0.17822563638993383	0.0879461670231319	0.2728549028489222	0.08794616702313195	0.13049923801236543	0.20847157046661866	0.17822563638993405	0.18793955133326976	0.07904185418124789	0.08794616702313178	0.22310660282291708	0.28751445806189635	0.17822563638993427	0.37786382653589046	0.2215556380716599	0.17822563638993416	0.6144364473113653	0.08794616702313167	0.23930229879433335	0.08794616702313168	0.17822563638993444	0.08794616702313182	0.17818136397806025	0.23037231751216566	0.20847157046661904	0.17822563638993447	0.29621863341968346	0.08794616702313178	0.17822563638993466	0.17822563638993466	0.23954943509584203	0.3307131320411755	0.6144364473113658	0.28513619866302986	0.0	5.268356063861754e-09	0.35601279863475727	0.27546584766574084	0.28751445806189624	0.7199845849449923	0.18133271391619343	0.28915196989096703	0.08794616702313127	0.17096223813236558	0.3628603975911794	0.289151969890967	0.4679885419589785	0.4270875383144811	0.43378082096359866	0.4270875383144811	0.4398986438132913	0.4337808209635983	0.4687591018949764	0.4270875383144811	0.4270875383144811	0.4270875383144812	0.3969746044564181	0.42708753831448104	0.353335759464299	0.42768194195828707	0.42791904473858866	0.45030431875224397	0.3533357594642991	0.4398986438132913	0.43750039318662737	0.4430498999598886	0.43289284288300556	0.43144610704571257	0.46492507516944365	0.4328928428830056	0.48084109698457694	0.4375003931866274	0.4398986438132916	0.42708753831448126	0.4375003931866274	0.42708753831448126	0.472195387975045	0.44304989995988875	0.4270875383144811	0.44304989995988864	0.4270875383144812	0.4398986438132917	0.43750039318662765	0.43989864381329163	0.5340087748174578	0.38340364667795973	0.4270875383144813	0.47596979284346463	0.4746580239116279	0.43144610704571285	0.4430498999598885	0.4375003931866276	0.43989864381329186	0.17822563638993522	0.2098080274763811	0.17822563638993522	0.1782256363899356	0.36286039759118005	0.08794616702313297	0.4328928428830057	0.4328928428830057	0.4328928428830058	0.08794616702313317	0.17822563638993535	0.4398986438132917	0.873454925169734
C_IL087_18	0.42708753831448293	0.4375003931866302	0.22867144252469376	2.26600562419676e-08	0.2215556380716606	0.17822563638993283	0.1813327139161937	0.2754658476657382	0.17822563638993222	0.08794616702313332	0.7236546760993402	0.2438990111757642	0.17822563638993247	0.17822563638993275	0.17822563638993208	0.18336541183921967	0.3587840228326401	0.0790418541812497	0.11921617489690389	1.8059014742882287e-08	0.08794616702313313	0.2754658476657391	0.27546584766573906	0.17096223813236075	0.17822563638993202	0.18037078455272287	0.2754658476657389	0.17096223813236058	0.17822563638993244	0.17822563638993272	0.17096223813236117	0.17822563638993302	0.1782256363899329	0.47480224859100484	0.26930315976430647	0.4835107547293507	0.19734513858657132	0.07904185418124883	0.08794616702313227	0.178225636389933	0.2215556380716606	0.17822563638993316	0.1892492965808198	0.18924929658082001	0.2754658476657396	0.13049923801236546	0.07904185418124808	0.1782256363899338	0.0879461670231319	0.2728549028489222	0.08794616702313199	0.1304992380123654	0.2084715704666186	0.17822563638993402	0.18793955133326984	0.07904185418124793	0.08794616702313186	0.22310660282291708	0.28751445806189635	0.17822563638993422	0.3778638265358904	0.2215556380716599	0.17822563638993416	0.6144364473113653	0.08794616702313159	0.23930229879433335	0.08794616702313171	0.17822563638993438	0.08794616702313182	0.1781813639780602	0.2303723175121657	0.20847157046661902	0.17822563638993444	0.2962186334196835	0.08794616702313171	0.17822563638993466	0.17822563638993463	0.23954943509584203	0.3307131320411755	0.6144364473113658	0.2851361986630299	5.268356063861754e-09	0.0	0.35601279863475727	0.27546584766574084	0.28751445806189624	0.7199845849449923	0.18133271391619335	0.289151969890967	0.08794616702313135	0.1709622381323655	0.36286039759117933	0.289151969890967	0.46798854195897843	0.4270875383144811	0.43378082096359866	0.4270875383144811	0.4398986438132913	0.4337808209635983	0.4687591018949764	0.4270875383144811	0.42708753831448115	0.4270875383144812	0.3969746044564181	0.42708753831448104	0.353335759464299	0.42768194195828707	0.42791904473858866	0.45030431875224397	0.35333575946429907	0.4398986438132913	0.43750039318662737	0.4430498999598886	0.43289284288300556	0.43144610704571257	0.46492507516944365	0.4328928428830056	0.48084109698457694	0.4375003931866274	0.4398986438132916	0.42708753831448126	0.4375003931866275	0.42708753831448126	0.472195387975045	0.44304989995988875	0.4270875383144811	0.44304989995988864	0.4270875383144812	0.4398986438132917	0.43750039318662765	0.4398986438132916	0.5340087748174578	0.3834036466779597	0.4270875383144813	0.4759697928434647	0.4746580239116279	0.43144610704571285	0.4430498999598885	0.4375003931866276	0.43989864381329186	0.17822563638993522	0.20980802747638114	0.17822563638993516	0.1782256363899356	0.36286039759118005	0.0879461670231329	0.4328928428830057	0.4328928428830057	0.4328928428830058	0.08794616702313321	0.17822563638993533	0.4398986438132917	0.873454925169734
C_IL097_18	0.5773602530960115	0.5438868903583697	0.44405463971843234	0.35601279863475765	0.29805203284529586	0.3246391036628356	0.401832566234022	0.19913570610131073	0.32463910366283516	0.3574107371425795	0.9357092086900095	0.38845327718819717	0.3246391036628354	0.3246391036628355	0.32463910366283505	0.32618540510028515	0.1461965435704581	0.35555855520350754	0.34892493892023424	0.35601279863475754	0.3574107371425794	0.19913570610131226	0.19913570610131245	0.30988134002935225	0.3246391036628349	0.32181553817511216	0.1991357061013118	0.3098813400293521	0.3246391036628352	0.3246391036628353	0.3098813400293525	0.32463910366283555	0.32463910366283566	0.4191805310309814	0.4709805740635933	0.44576163258834345	0.3609924442808451	0.35555855520350726	0.3574107371425791	0.32463910366283577	0.29805203284529574	0.3246391036628358	0.305451400518927	0.30545140051892716	0.1991357061013129	0.3539065754414681	0.35555855520350704	0.3246391036628363	0.3574107371425789	0.33042773388650376	0.357410737142579	0.35390657544146803	0.30060030012944605	0.32463910366283655	0.34556639631576963	0.355558555203507	0.35741073714257887	0.27822205543028367	0.25197435349429165	0.32463910366283677	0.4379819472707497	0.29805203284529563	0.32463910366283666	0.5756350608489567	0.35741073714257887	0.417377174345483	0.3574107371425788	0.3246391036628369	0.3574107371425789	0.3472859132655788	0.41186103884454134	0.3006003001294465	0.32463910366283705	0.5213455090282627	0.35741073714257887	0.3246391036628372	0.3246391036628372	0.301087380509143	0.39223164346737727	0.5756350608489577	0.24898487005933054	0.35601279863475727	0.35601279863475727	0.0	0.19913570610131515	0.2519743534942917	0.7237244377025622	0.4018325662340217	0.19506591902549922	0.35741073714257865	0.3098813400293555	0.3267120843104081	0.19506591902549908	0.6057602577774643	0.5773602530960098	0.5575951564729716	0.5773602530960099	0.5451564369341467	0.5575951564729713	0.5811730694601619	0.5773602530960099	0.5773602530960099	0.57736025309601	0.4115314755750232	0.5773602530960099	0.398948636928155	0.4302088975026352	0.43077985378593786	0.552612411325766	0.3989486369281551	0.5451564369341467	0.5438868903583669	0.5481535012991055	0.436014275963052	0.4314488060263626	0.4616817117711735	0.43601427596305203	0.5611485657784381	0.543886890358367	0.5451564369341471	0.5773602530960102	0.5438868903583671	0.5773602530960102	0.5682090879032172	0.5481535012991057	0.5773602530960101	0.5481535012991056	0.5773602530960101	0.5451564369341472	0.5438868903583673	0.545156436934147	0.654211158365338	0.43748377405002414	0.5773602530960102	0.5751169614261018	0.570065364405972	0.43144880602636304	0.5481535012991056	0.5438868903583672	0.5451564369341473	0.32463910366283777	0.3075601744379231	0.32463910366283777	0.3246391036628381	0.32671208431041043	0.3574107371425795	0.43601427596305214	0.43601427596305214	0.43601427596305214	0.35741073714257965	0.3246391036628378	0.5451564369341471	1.0947745039702819
C_IL099_18	0.5920592541370917	0.5720400232451348	0.3607906579473395	0.27546584766574106	0.2087942576188464	0.23027127364895733	0.3300894437031458	1.580506819158526e-08	0.23027127364895736	0.28117393809598745	0.9090393294090977	0.28521670139111305	0.23027127364895722	0.23027127364895733	0.23027127364895725	0.23046085553494536	0.20825469362569687	0.2783932362077971	0.27498842647764193	0.27546584766574056	0.2811739380959875	1.8622724337799736e-08	1.5353114692716457e-08	0.20953716018298676	0.23027127364895747	0.2236054577967378	1.2342593214113514e-08	0.20953716018298668	0.23027127364895755	0.23027127364895722	0.2095371601829868	0.23027127364895725	0.2302712736489573	0.35408349100269176	0.3951891225614518	0.3650499303912052	0.2916614426293347	0.278393236207797	0.2811739380959875	0.23027127364895708	0.2087942576188461	0.2302712736489571	0.20310497142456457	0.20310497142456468	1.0536712127723509e-08	0.2807390408089285	0.27839323620779693	0.23027127364895697	0.28117393809598756	0.34414486262750743	0.2811739380959875	0.2807390408089287	0.27058373753522724	0.230271273648957	0.34100319878099056	0.278393236207797	0.28117393809598756	0.1703131736466919	0.09910569155565367	0.230271273648957	0.36958287093333064	0.20879425761884401	0.23027127364895694	0.5010792725050535	0.2811739380959877	0.33766904971753503	0.2811739380959877	0.23027127364895705	0.2811739380959876	0.27714639650704853	0.33005885851806255	0.2705837375352272	0.23027127364895705	0.41437047968349366	0.2811739380959876	0.23027127364895703	0.23027127364895708	0.2300843837308869	0.39892368580063886	0.5010792725050537	0.10959238812224864	0.27546584766574084	0.27546584766574084	0.19913570610131515	0.0	0.09910569155565158	0.6604141531364291	0.33008944370314597	0.08856555049640583	0.2811739380959876	0.2095371601829879	0.23852111212514254	0.08856555049640576	0.6229002383676564	0.5920592541370906	0.577812511340177	0.5920592541370906	0.5748579527395347	0.5778125113401767	0.6047066988623716	0.5920592541370906	0.5920592541370906	0.5920592541370906	0.45103911434332855	0.5920592541370906	0.444089567726478	0.46186391981593994	0.4613026283326655	0.5678677359379223	0.444089567726478	0.5748579527395347	0.5720400232451341	0.5736404218655714	0.4660316702253406	0.46349781393935985	0.49864876783306317	0.4660316702253406	0.6071704660919315	0.572040023245134	0.5748579527395347	0.5920592541370906	0.572040023245134	0.5920592541370906	0.6003190593706831	0.5736404218655713	0.5920592541370906	0.5736404218655713	0.5920592541370906	0.5748579527395347	0.572040023245134	0.5748579527395346	0.6872524151284484	0.46770629869153135	0.5920592541370906	0.6038017507927096	0.6030256362410366	0.4634978139393596	0.5736404218655713	0.5720400232451341	0.5748579527395348	0.2302712736489568	0.1905537139359206	0.23027127364895678	0.23027127364895683	0.23852111212514027	0.2811739380959877	0.4660316702253403	0.46603167022534026	0.46603167022534026	0.2811739380959877	0.23027127364895683	0.5748579527395347	1.094610470685739
C_IL113_18	0.625978452156208	0.6112233285597433	0.37216572045676044	0.28751445806189674	0.20509549986774028	0.22155235507157672	0.3406717214820213	0.0991056915556401	0.221552355071576	0.28859426449167475	0.9210088623515509	0.2539495655139059	0.2215523550715765	0.2215523550715768	0.22155235507157606	0.22138467652366356	0.23445346224318242	0.2863384951853552	0.2853626088932155	0.28751445806189657	0.2885942644916747	0.09910569155564541	0.09910569155564486	0.20251069483451195	0.22155235507157595	0.21452768867562974	0.09910569155564415	0.20251069483451176	0.22155235507157633	0.22155235507157658	0.20251069483451237	0.22155235507157692	0.22155235507157717	0.3208972308427658	0.39091380535292347	0.33911456677751506	0.30645780287702734	0.2863384951853548	0.2885942644916744	0.22155235507157717	0.2050954998677405	0.22155235507157728	0.19300554784841234	0.1930055478484127	0.09910569155564654	0.29038324441603286	0.28633849518535465	0.22155235507157794	0.2885942644916742	0.3615193059725052	0.28859426449167425	0.29038324441603275	0.268051653338468	0.22155235507157828	0.3524799408528497	0.28633849518535454	0.28859426449167414	0.16750806956700323	1.2904784139758924e-08	0.22155235507157844	0.36009439992922027	0.2050954998677402	0.2215523550715784	0.4707574472111054	0.2885942644916741	0.3288959121200825	0.288594264491674	0.2215523550715788	0.28859426449167414	0.293330912914658	0.3219092394565777	0.2680516533384684	0.22155235507157894	0.4060641880937728	0.28859426449167414	0.2215523550715792	0.22155235507157922	0.22450223984963963	0.41172858354978614	0.47075744721110635	0.09939599656379469	0.28751445806189624	0.28751445806189624	0.2519743534942917	0.09910569155565158	0.0	0.6362899844875366	0.34067172148202096	0.13041707654023524	0.28859426449167386	0.2025106948345168	0.2241162354057359	0.13041707654023524	0.6468380059596374	0.6259784521562066	0.613424456371486	0.6259784521562066	0.613904789408751	0.6134244563714857	0.6394932643169593	0.6259784521562066	0.6259784521562066	0.6259784521562067	0.48454151446987	0.6259784521562066	0.48072841334964694	0.4966450481847869	0.4953262446799997	0.586351445296074	0.48072841334964705	0.613904789408751	0.6112233285597409	0.6112867690561761	0.4994523002555006	0.49628172065826937	0.534330899165669	0.4994523002555006	0.6433147943102725	0.611223328559741	0.6139047894087513	0.625978452156207	0.611223328559741	0.6259784521562068	0.6397334892672412	0.6112867690561762	0.6259784521562067	0.6112867690561762	0.6259784521562067	0.6139047894087514	0.6112233285597413	0.6139047894087513	0.7269025755960641	0.5009757419052671	0.625978452156207	0.6301324214174484	0.6429003391893555	0.49628172065826964	0.6112867690561761	0.6112233285597412	0.6139047894087515	0.22155235507157978	0.1901526703226728	0.22155235507157983	0.2215523550715803	0.2241162354057389	0.28859426449167463	0.4994523002555007	0.4994523002555007	0.4994523002555007	0.2885942644916748	0.22155235507157986	0.6139047894087514	1.1064826796141118
C_IL119_18	1.074893574387496	0.9734279200423779	0.7036098499200721	0.7199845849449924	0.6167549665654484	0.5900669533088051	0.7018953725773907	0.6604141531364283	0.5900669533088051	0.7218155492784513	1.136695502894577	0.5719649492603844	0.5900669533088051	0.5900669533088052	0.5900669533088051	0.5855070195681726	0.7177393167469509	0.7218900966562226	0.7238379986698141	0.7199845849449924	0.7218155492784513	0.6604141531364287	0.6604141531364286	0.593077991226615	0.5900669533088051	0.5915679058498576	0.6604141531364286	0.593077991226615	0.5900669533088053	0.5900669533088051	0.5930779912266151	0.5900669533088052	0.5900669533088052	0.6294044994526283	0.7013829907746078	0.6348549281658888	0.7156474887926444	0.7218900966562225	0.7218155492784513	0.5900669533088053	0.6167549665654481	0.5900669533088053	0.5969282399813695	0.5969282399813695	0.6604141531364287	0.7244394539328748	0.7218900966562225	0.5900669533088054	0.7218155492784512	0.7501138126173356	0.7218155492784512	0.7244394539328748	0.6374664683699041	0.5900669533088055	0.7628162770978799	0.7218900966562225	0.7218155492784512	0.6203929094123377	0.6362899844875367	0.5900669533088055	0.5187167387611643	0.6167549665654479	0.5900669533088055	0.6181337482519123	0.7218155492784512	0.6931401623176086	0.7218155492784512	0.5900669533088055	0.7218155492784512	0.712382694063765	0.6918956083548208	0.637466468369904	0.5900669533088057	0.7049583191982708	0.7218155492784513	0.5900669533088057	0.5900669533088057	0.6118328453528157	0.7624937089160015	0.6181337482519125	0.6554394938026472	0.7199845849449923	0.7199845849449923	0.7237244377025622	0.6604141531364291	0.6362899844875366	0.0	0.7018953725773903	0.6568643781235045	0.7218155492784512	0.5930779912266161	0.6416665533031939	0.6568643781235045	1.090817294400018	1.0748935743874954	0.9719357856985176	1.0748935743874954	0.9758548589189262	0.9719357856985174	1.0844837624212738	1.0748935743874954	1.0748935743874954	1.0748935743874954	0.8706967875748929	1.0748935743874954	0.7868160315498843	0.8854760403207687	0.8856164688353105	0.9683651822830379	0.7868160315498844	0.9758548589189263	0.9734279200423767	0.9713339630246838	0.8896732227526821	0.8816748526941711	0.9064614597393843	0.8896732227526821	0.9878039873615451	0.9734279200423767	0.9758548589189264	1.0748935743874957	0.9734279200423767	1.0748935743874957	0.9873173940409865	0.9713339630246839	1.0748935743874954	0.9713339630246838	1.0748935743874957	0.9758548589189264	0.9734279200423768	0.9758548589189263	1.1217234908240605	0.8069405143978233	1.0748935743874957	0.9863186110079935	0.9886378071427614	0.8816748526941712	0.9713339630246838	0.9734279200423765	0.9758548589189264	0.5900669533088058	0.5896390691728657	0.5900669533088059	0.590066953308806	0.6416665533031942	0.7218155492784514	0.8896732227526821	0.8896732227526821	0.8896732227526821	0.7218155492784514	0.5900669533088058	0.9758548589189263	1.2362063241768222
C_IL120_18	0.4224550369748771	0.37430506439193295	0.1561145626152269	0.18133271391619432	0.24737658856600045	0.21500715692053032	1.580506819158526e-08	0.33008944370314436	0.21500715692053002	0.20207752989089933	0.6516256407695193	0.2609218318450314	0.2150071569205299	0.21500715692053024	0.2150071569205297	0.21762113873942293	0.3997168261496361	0.1944416040479182	0.1815334549746299	0.18133271391619357	0.20207752989089936	0.33008944370314497	0.3300894437031449	0.22131863246733635	0.21500715692052969	0.21582151954096476	0.3300894437031448	0.2213186324673362	0.21500715692053016	0.21500715692053018	0.2213186324673367	0.21500715692053035	0.21500715692053027	0.4966814276603727	0.2108050798367462	0.5114286778000778	0.2068373069159246	0.1944416040479176	0.20207752989089894	0.2150071569205304	0.2473765885660005	0.21500715692053038	0.2216918709614562	0.2216918709614564	0.3300894437031452	0.19563733114131798	0.19444160404791744	0.2150071569205308	0.20207752989089878	0.27977331054015026	0.20207752989089878	0.19563733114131804	0.27506417307063513	0.21500715692053096	0.2879450011801904	0.19444160404791735	0.20207752989089878	0.2529833534142715	0.34067172148202124	0.21500715692053102	0.3739498489163113	0.2473765885659996	0.21500715692053102	0.6314510360063404	0.2020775298908988	0.24971451900964572	0.20207752989089878	0.21500715692053107	0.20207752989089886	0.17649872865728458	0.23503804750369775	0.2750641730706353	0.21500715692053116	0.25381722086156805	0.20207752989089883	0.2150071569205312	0.21500715692053124	0.2638673337933972	0.34071588088507576	0.631451036006341	0.3459991811090767	0.18133271391619343	0.18133271391619335	0.4018325662340217	0.33008944370314597	0.34067172148202096	0.7018953725773903	0.0	0.34272516151301236	0.2020775298908987	0.22131863246733927	0.41235194756166	0.3427251615130124	0.46079563995000516	0.4224550369748752	0.39455197755491495	0.4224550369748752	0.3763582111488474	0.39455197755491467	0.4332676180513474	0.42245503697487524	0.4224550369748752	0.42245503697487524	0.3408361130037935	0.42245503697487513	0.3262639214267048	0.35387346607637754	0.3547989705923743	0.38251563340447853	0.32626392142670485	0.3763582111488473	0.3743050643919304	0.38439652543237973	0.36001926231534315	0.3625014663585312	0.39918654156007677	0.3600192623153432	0.4271915726711075	0.3743050643919304	0.37635821114884754	0.42245503697487524	0.3743050643919305	0.4224550369748753	0.4206483310255478	0.3843965254323799	0.42245503697487513	0.38439652543237984	0.42245503697487524	0.37635821114884765	0.37430506439193073	0.37635821114884765	0.5320572457920336	0.35733502356490277	0.4224550369748753	0.42053704245264817	0.4233338414688197	0.36250146635853137	0.3843965254323798	0.3743050643919305	0.37635821114884777	0.2150071569205316	0.2516708914299243	0.2150071569205316	0.2150071569205317	0.41235194756165977	0.20207752989089947	0.3600192623153431	0.36001926231534315	0.3600192623153431	0.20207752989089958	0.21500715692053168	0.37635821114884754	0.785455113385483
C_IL126_18	0.6095587364262331	0.5911881896111496	0.37390592409560164	0.2891519698909675	0.21587234655832457	0.2373945877274739	0.34272516151301247	0.08856555049639667	0.23739458772747307	0.29157937122750976	0.9375309611753888	0.2967063766459096	0.23739458772747357	0.2373945877274737	0.23739458772747316	0.23757503083327522	0.24143288221255876	0.2890330722526404	0.2868615893604706	0.2891519698909672	0.2915793712275099	0.08856555049640082	0.08856555049640073	0.21507462488307602	0.23739458772747313	0.23105661315129494	0.08856555049639972	0.21507462488307572	0.23739458772747363	0.23739458772747374	0.21507462488307638	0.23739458772747385	0.237394587727474	0.3615031839348043	0.38496714436491725	0.3710033151375959	0.3060942068328114	0.28903307225264013	0.2915793712275096	0.23739458772747393	0.21587234655832446	0.23739458772747396	0.21193536227143844	0.21193536227143878	0.08856555049640161	0.2921485914254616	0.28903307225263997	0.23739458772747452	0.29157937122750943	0.36486402428182063	0.2915793712275095	0.29214859142546157	0.2813740072107723	0.23739458772747465	0.35777375928781685	0.28903307225263986	0.2915793712275095	0.18447152404515899	0.1304170765402356	0.23739458772747485	0.38118797751874983	0.21587234655832377	0.2373945877274748	0.5118486109856936	0.29157937122750943	0.336599772284101	0.2915793712275094	0.23739458772747501	0.29157937122750943	0.29272787460731653	0.3289744945487554	0.2813740072107726	0.2373945877274752	0.4328549393220961	0.29157937122750943	0.23739458772747535	0.23739458772747538	0.2074307465342149	0.419139115232032	0.5118486109856943	0.14697307171368684	0.28915196989096703	0.289151969890967	0.19506591902549922	0.08856555049640583	0.13041707654023524	0.6568643781235045	0.34272516151301236	0.0	0.29157937122750927	0.21507462488307996	0.21009734002214508	7.450580596923828e-09	0.6424275797488272	0.6095587364262318	0.5969607907967254	0.6095587364262318	0.5939114929449352	0.5969607907967253	0.6219182867038058	0.6095587364262318	0.6095587364262318	0.6095587364262318	0.4747610827984391	0.6095587364262318	0.4657742928345986	0.48618506662171135	0.4853416611360257	0.5850550569030796	0.46577429283459865	0.5939114929449353	0.591188189611148	0.5929713952981441	0.4897546151303973	0.48707663719460365	0.5229611202167869	0.4897546151303973	0.6083156023435721	0.591188189611148	0.5939114929449354	0.609558736426232	0.591188189611148	0.6095587364262319	0.6198661142808849	0.5929713952981442	0.6095587364262318	0.5929713952981441	0.6095587364262319	0.5939114929449354	0.5911881896111482	0.5939114929449354	0.6956948821467305	0.49023883481201824	0.609558736426232	0.6238126587846833	0.6226303291575078	0.4870766371946038	0.592971395298144	0.5911881896111482	0.5939114929449355	0.2373945877274758	0.2015600049347261	0.2373945877274758	0.23739458772747607	0.21009734002214672	0.29157937122750993	0.4897546151303973	0.48975461513039725	0.4897546151303973	0.29157937122751	0.2373945877274758	0.5939114929449354	1.1018888202040475
C_MO003_18	0.42891096637321013	0.4509978620621915	0.24088293309820386	0.0879461670231327	0.21349808495655176	0.17013769450699046	0.2020775298908986	0.2811739380959867	0.1701376945069904	1.235539015514925e-08	0.728580023069109	0.24281993705966795	0.1701376945069904	0.17013769450699065	0.17013769450699023	0.17619084159410606	0.3626177657660684	0.04459583214204793	0.10188711214107449	0.0879461670231313	1.1631259064474828e-08	0.28117393809598706	0.281173938095987	0.1847847136045167	0.17013769450699037	0.1741172955591589	0.2811739380959869	0.18478471360451654	0.17013769450699073	0.17013769450699057	0.18478471360451693	0.1701376945069906	0.17013769450699068	0.47474054978542524	0.279950990428326	0.4878246330617656	0.15751197258368146	0.04459583214204684	9.125060374972142e-09	0.17013769450699057	0.21349808495655204	0.17013769450699057	0.18323862192475449	0.18323862192475468	0.28117393809598706	0.09235559928075623	0.04459583214204622	0.17013769450699084	8.33000234328132e-09	0.24062345927825798	6.710886025719062e-09	0.09235559928075643	0.1956655050729535	0.17013769450699087	0.17103767307850815	0.04459583214204598	7.90253409579263e-09	0.21697523111346728	0.2885942644916743	0.170137694506991	0.3786613521857509	0.21349808495655048	0.1701376945069909	0.6120107482849352	8.736580162911545e-09	0.20876079906248227	9.125060374972142e-09	0.17013769450699107	9.125060374972142e-09	0.15628398218368236	0.21171670904947598	0.19566550507295366	0.1701376945069911	0.30057393178575054	6.969379981558661e-09	0.1701376945069911	0.17013769450699112	0.2320618824886305	0.28202707631699475	0.6120107482849355	0.29132755093696056	0.08794616702313127	0.08794616702313135	0.35741073714257865	0.2811739380959876	0.28859426449167386	0.7218155492784512	0.2020775298908987	0.29157937122750927	0.0	0.18478471360451934	0.35824725075735736	0.29157937122750927	0.4690479752864007	0.42891096637320864	0.4347455633986701	0.42891096637320864	0.45970266938011645	0.4347455633986698	0.4705755772393646	0.42891096637320864	0.42891096637320864	0.42891096637320864	0.4027561968025338	0.4289109663732087	0.3644691349768846	0.4421843028400467	0.4421145897611337	0.44926320665830927	0.3644691349768847	0.45970266938011645	0.45099786206219017	0.4443145952437278	0.45263317682573484	0.4344777551651583	0.4816521895910421	0.45263317682573484	0.4813213195315075	0.4509978620621901	0.4597026693801165	0.42891096637320864	0.4509978620621901	0.42891096637320875	0.47278445567738736	0.44431459524372774	0.42891096637320864	0.44431459524372774	0.42891096637320864	0.4597026693801166	0.45099786206219017	0.4597026693801166	0.5367540259354083	0.4187983424979478	0.42891096637320875	0.4769556765779177	0.4755648162726315	0.43447775516515824	0.4443145952437277	0.45099786206219017	0.4597026693801167	0.17013769450699134	0.216067342255436	0.17013769450699143	0.17013769450699148	0.35824725075735664	1.148211584048155e-08	0.45263317682573484	0.4526331768257348	0.4526331768257348	1.0860994262332657e-08	0.17013769450699143	0.4597026693801167	0.8773628398644132
C_OH003_18	0.5602309927986012	0.5356903220338369	0.2544599250897067	0.17096223813236605	0.14647292802373818	0.07727677542443177	0.22131863246733882	0.20953716018299007	0.07727677542443258	0.18478471360451862	0.8080225737017634	0.15964703630923618	0.07727677542443244	0.07727677542443248	0.07727677542443268	0.07877860689698293	0.3092369026241023	0.18254366116454673	0.18372754317507983	0.17096223813236455	0.18478471360451862	0.2095371601829897	0.2095371601829895	1.1780402288468106e-08	0.0772767754244329	0.0753205185326344	0.20953716018298923	1.2904784139758924e-08	0.07727677542443348	0.07727677542443212	1.4427987285731051e-08	0.07727677542443168	0.07727677542443177	0.37132623969928624	0.28848186190732955	0.3794180697394879	0.2246345780432182	0.18254366116454673	0.1847847136045187	0.07727677542443069	0.14647292802373865	0.07727677542443065	0.09703463550493101	0.09703463550493108	0.20953716018298865	0.18860012512034763	0.18254366116454687	0.07727677542442948	0.18478471360451898	0.30432964670234214	0.18478471360451895	0.18860012512034804	0.1662323449840468	0.07727677542442912	0.261753716621529	0.18254366116454684	0.18478471360451904	0.14489051862258928	0.2025106948345182	0.0772767754244289	0.2757621562719507	0.14647292802373466	0.07727677542442876	0.48862588459831807	0.18478471360451915	0.26024613436441557	0.18478471360451912	0.07727677542442876	0.18478471360451898	0.21178219094600176	0.2534769044664017	0.16623234498404665	0.07727677542442858	0.308879006555963	0.18478471360451904	0.07727677542442826	0.0772767754244284	0.1626009344990568	0.3530047268934059	0.4886258845983179	0.22331136184425268	0.17096223813236558	0.1709622381323655	0.3098813400293555	0.2095371601829879	0.2025106948345168	0.5930779912266161	0.22131863246733927	0.21507462488307996	0.18478471360451934	0.0	0.27399309421319745	0.21507462488308	0.5946186975461252	0.5602309927986003	0.5433194061424966	0.5602309927986003	0.538080343601953	0.5433194061424965	0.570721467021122	0.5602309927986003	0.5602309927986003	0.5602309927986003	0.43256749085903196	0.5602309927986003	0.3911346086219978	0.46328498697164316	0.46263224379904183	0.5368890989814167	0.3911346086219978	0.538080343601953	0.5356903220338376	0.5377664583438693	0.46708753826601357	0.4645252042410848	0.4958799082600435	0.4670875382660135	0.5700464721203058	0.5356903220338375	0.5380803436019528	0.5602309927986	0.5356903220338374	0.5602309927986001	0.5606998449486182	0.537766458343869	0.5602309927986	0.537766458343869	0.5602309927986001	0.5380803436019527	0.5356903220338373	0.5380803436019528	0.6633481657355674	0.42055089967606923	0.5602309927986	0.5663776057996657	0.5632528474670637	0.46452520424108434	0.537766458343869	0.5356903220338373	0.5380803436019527	0.07727677542442715	0.11132560261073106	0.07727677542442715	0.07727677542442679	0.27399309421319407	0.18478471360451867	0.46708753826601324	0.4670875382660132	0.46708753826601324	0.1847847136045185	0.07727677542442733	0.5380803436019528	0.9530013379168786
C_OH006_18	0.7112069027441219	0.7012092174135738	0.4366468951797725	0.36286039759117955	0.261332237240829	0.2883597348972432	0.4123519475616597	0.23852111212514243	0.288359734897243	0.35824725075735764	1.0333634497431097	0.3068843711972683	0.28835973489724315	0.2883597348972434	0.288359734897243	0.2883508850905017	0.3647861867675429	0.35706526917162273	0.36026087968517223	0.36286039759117916	0.35824725075735747	0.2385211121251426	0.23852111212514288	0.2739930942131957	0.28835973489724287	0.2874808685901794	0.23852111212514238	0.2739930942131956	0.28835973489724315	0.288359734897243	0.27399309421319584	0.28835973489724315	0.28835973489724315	0.4013082706042166	0.3929845869411531	0.3945645500444056	0.38499918574049696	0.3570652691716225	0.3582472507573574	0.288359734897243	0.261332237240829	0.2883597348972431	0.274227900036311	0.2742279000363111	0.2385211121251423	0.36310856763890165	0.35706526917162246	0.2883597348972431	0.3582472507573574	0.47682390759942533	0.3582472507573574	0.36310856763890176	0.3538479487612004	0.2883597348972431	0.45104107740718064	0.35706526917162246	0.3582472507573574	0.26117887331383943	0.22411623540573705	0.2883597348972432	0.41930784248437947	0.2613322372408277	0.2883597348972431	0.5060128335359958	0.3582472507573575	0.37400135942710794	0.3582472507573574	0.2883597348972433	0.35824725075735747	0.3767537210433351	0.36952381565423825	0.3538479487612005	0.28835973489724337	0.4456963913508969	0.3582472507573574	0.2883597348972435	0.2883597348972434	0.25835190455925805	0.5099610800784593	0.5060128335359959	0.2223224543235975	0.3628603975911794	0.36286039759117933	0.3267120843104081	0.23852111212514254	0.2241162354057359	0.6416665533031939	0.41235194756166	0.21009734002214508	0.35824725075735736	0.27399309421319745	0.0	0.21009734002214486	0.7200588568326566	0.7112069027441213	0.705872642832587	0.7112069027441212	0.7037939966379998	0.7058726428325869	0.7218651607160773	0.7112069027441212	0.7112069027441212	0.7112069027441212	0.5914297591223882	0.7112069027441212	0.5791500833383133	0.6019681354568597	0.6018364760823569	0.6809224117669535	0.5791500833383134	0.7037939966379998	0.7012092174135736	0.7024434007600066	0.6062788972197105	0.602169548997145	0.6261860016018868	0.6062788972197104	0.723787444135723	0.7012092174135734	0.7037939966379999	0.7112069027441212	0.7012092174135734	0.7112069027441212	0.7186868102670848	0.7024434007600064	0.7112069027441211	0.7024434007600063	0.7112069027441212	0.7037939966379999	0.7012092174135736	0.7037939966379998	0.7794358693420472	0.6083251880566812	0.7112069027441212	0.7090087509311989	0.7205011698545866	0.602169548997145	0.7024434007600063	0.7012092174135734	0.7037939966379999	0.28835973489724354	0.261294330631141	0.28835973489724365	0.28835973489724387	1.971238338250362e-08	0.3582472507573575	0.6062788972197105	0.6062788972197105	0.6062788972197105	0.3582472507573577	0.28835973489724354	0.7037939966379998	1.1447774259016763
C_OH014_18	0.6095587364262331	0.5911881896111496	0.3739059240956017	0.2891519698909674	0.21587234655832443	0.23739458772747396	0.34272516151301247	0.08856555049639689	0.2373945877274731	0.2915793712275098	0.9375309611753888	0.29670637664590965	0.23739458772747354	0.23739458772747385	0.2373945877274732	0.23757503083327522	0.2414328822125587	0.28903307225264047	0.2868615893604707	0.28915196989096725	0.29157937122750993	0.0885655504964012	0.08856555049640097	0.21507462488307608	0.2373945877274732	0.2310566131512948	0.08856555049639972	0.21507462488307583	0.23739458772747354	0.23739458772747365	0.21507462488307644	0.23739458772747385	0.23739458772747404	0.36150318393480435	0.3849671443649172	0.3710033151375959	0.3060942068328115	0.2890330722526402	0.2915793712275096	0.23739458772747396	0.21587234655832435	0.23739458772747402	0.21193536227143855	0.21193536227143883	0.08856555049640191	0.29214859142546157	0.28903307225263997	0.23739458772747457	0.2915793712275095	0.3648640242818207	0.2915793712275095	0.29214859142546157	0.2813740072107723	0.2373945877274747	0.35777375928781685	0.28903307225263997	0.29157937122750954	0.18447152404515907	0.13041707654023565	0.2373945877274749	0.38118797751874983	0.2158723465583237	0.23739458772747482	0.5118486109856936	0.29157937122750943	0.33659977228410104	0.29157937122750943	0.2373945877274751	0.2915793712275095	0.2927278746073166	0.3289744945487555	0.28137400721077266	0.2373945877274753	0.4328549393220962	0.2915793712275095	0.23739458772747538	0.23739458772747543	0.207430746534215	0.41913911523203207	0.5118486109856945	0.14697307171368704	0.289151969890967	0.289151969890967	0.19506591902549908	0.08856555049640576	0.13041707654023524	0.6568643781235045	0.3427251615130124	7.450580596923828e-09	0.29157937122750927	0.21507462488308	0.21009734002214486	0.0	0.6424275797488274	0.6095587364262318	0.5969607907967254	0.6095587364262318	0.5939114929449352	0.5969607907967253	0.6219182867038058	0.6095587364262318	0.6095587364262318	0.6095587364262318	0.4747610827984391	0.6095587364262318	0.4657742928345986	0.48618506662171135	0.4853416611360258	0.5850550569030796	0.46577429283459865	0.5939114929449353	0.591188189611148	0.5929713952981441	0.4897546151303973	0.48707663719460365	0.5229611202167869	0.4897546151303973	0.6083156023435721	0.591188189611148	0.5939114929449354	0.609558736426232	0.5911881896111482	0.609558736426232	0.6198661142808848	0.5929713952981442	0.6095587364262319	0.5929713952981441	0.6095587364262319	0.5939114929449354	0.5911881896111482	0.5939114929449354	0.6956948821467305	0.49023883481201824	0.609558736426232	0.6238126587846832	0.6226303291575079	0.4870766371946038	0.5929713952981441	0.5911881896111482	0.5939114929449355	0.2373945877274758	0.20156000493472603	0.23739458772747576	0.23739458772747613	0.21009734002214664	0.29157937122750993	0.4897546151303973	0.4897546151303973	0.4897546151303973	0.29157937122751004	0.23739458772747585	0.5939114929449354	1.1018888202040473
C_WI008_18	0.16744853109157193	0.2678847605754847	0.5036386976343635	0.4679885419589785	0.6001417485220193	0.5933299036839796	0.4607956399500049	0.6229002383676564	0.5933299036839796	0.46904797528640074	0.5604080816812474	0.6267239535864982	0.5933299036839796	0.5933299036839796	0.5933299036839795	0.5985726542115525	0.6191559667274364	0.46771300003567445	0.4634211477416049	0.4679885419589781	0.46904797528640046	0.6229002383676566	0.6229002383676565	0.5946186975461247	0.5933299036839798	0.5935646176439782	0.6229002383676565	0.5946186975461247	0.5933299036839798	0.5933299036839796	0.5946186975461248	0.5933299036839796	0.5933299036839796	0.8039965927424336	0.5288580430944813	0.8036144261504113	0.46933398204055754	0.46771300003567445	0.4690479752864006	0.5933299036839795	0.6001417485220194	0.5933299036839795	0.5937077281332797	0.5937077281332797	0.6229002383676565	0.4665776529326261	0.46771300003567445	0.5933299036839795	0.46904797528640063	0.4468851718421881	0.46904797528640063	0.4665776529326262	0.5693739786932098	0.5933299036839794	0.45599467639128144	0.4677130000356744	0.46904797528640063	0.5997168808883483	0.6468380059596377	0.5933299036839794	0.7312660333940119	0.6001417485220185	0.5933299036839794	0.9548874766564887	0.46904797528640063	0.5180798082972389	0.46904797528640063	0.5933299036839795	0.46904797528640063	0.460796601389226	0.5128518005056178	0.5693739786932099	0.5933299036839794	0.5405097149694336	0.46904797528640063	0.5933299036839795	0.5933299036839794	0.6204101313894254	0.4904538205163171	0.9548874766564889	0.6227714291521773	0.4679885419589785	0.46798854195897843	0.6057602577774643	0.6229002383676564	0.6468380059596374	1.090817294400018	0.46079563995000516	0.6424275797488272	0.4690479752864007	0.5946186975461252	0.7200588568326566	0.6424275797488274	0.0	0.16744853109156926	0.24771007102276985	0.16744853109156935	0.2781332680756682	0.2477100710227697	0.24595129148253775	0.16744853109156943	0.16744853109156926	0.16744853109156926	0.3931037378457026	0.1674485310915696	0.42713662964539845	0.3892774391080508	0.3905458685552957	0.3265501895518141	0.42713662964539845	0.27813326807566807	0.26788476057548405	0.2614069850852806	0.3919136100807231	0.40048965461576885	0.4142431228492149	0.39191361008072306	0.30008241877016045	0.26788476057548405	0.27813326807566807	0.16744853109156896	0.2678847605754837	0.1674485310915688	0.28521089300458136	0.2614069850852803	0.1674485310915691	0.26140698508528015	0.16744853109156896	0.2781332680756684	0.26788476057548405	0.2781332680756684	0.304425433877491	0.43896293443531287	0.16744853109156926	0.22672376041911602	0.2873574615771899	0.4004896546157685	0.2614069850852802	0.2678847605754841	0.2781332680756684	0.5933299036839798	0.6165858510788353	0.5933299036839798	0.5933299036839796	0.7200588568326558	0.46904797528640074	0.39191361008072306	0.391913610080723	0.39191361008072306	0.4690479752864008	0.5933299036839798	0.2781332680756685	0.7144892910478668
C_WI011_18	4.407822924181533e-08	0.22225099744483293	0.46068867557198234	0.42708753831448126	0.5679961281365536	0.5587895464274292	0.4224550369748751	0.5920592541370902	0.5587895464274292	0.42891096637320864	0.5396490720431512	0.6163642821178188	0.5587895464274293	0.5587895464274292	0.5587895464274291	0.5638831678433042	0.5838289658683257	0.42750736903120823	0.4234644798746974	0.42708753831448104	0.42891096637320864	0.5920592541370904	0.5920592541370903	0.5602309927985994	0.5587895464274292	0.5590354024298582	0.5920592541370903	0.5602309927985994	0.5587895464274291	0.5587895464274293	0.5602309927985994	0.5587895464274293	0.5587895464274293	0.781223587307192	0.5209159421055103	0.7943933615276025	0.43127883767968445	0.4275073690312081	0.42891096637320864	0.5587895464274293	0.5679961281365539	0.5587895464274293	0.5597842210160796	0.5597842210160797	0.5920592541370904	0.4266468521336802	0.42750736903120806	0.5587895464274294	0.42891096637320864	0.4009763540794398	0.4289109663732086	0.42664685213368025	0.5299776430287965	0.5587895464274294	0.40619916912691	0.427507369031208	0.4289109663732087	0.5675746934385713	0.6259784521562068	0.5587895464274294	0.7095295637218881	0.5679961281365532	0.5587895464274294	0.9341185876533102	0.4289109663732086	0.5077808936358061	0.4289109663732086	0.5587895464274294	0.42891096637320864	0.42247823752145125	0.503423698656329	0.5299776430287967	0.5587895464274294	0.5365450831130919	0.4289109663732086	0.5587895464274294	0.5587895464274294	0.5866392857080267	0.44906653766103066	0.9341185876533107	0.6135324963326177	0.4270875383144811	0.4270875383144811	0.5773602530960098	0.5920592541370906	0.6259784521562066	1.0748935743874954	0.4224550369748752	0.6095587364262318	0.42891096637320864	0.5602309927986003	0.7112069027441213	0.6095587364262318	0.16744853109156926	0.0	0.20258746206914743	1.2904784139758924e-08	0.2340182299706653	0.20258746206914707	0.18134529978805708	1.0536712127723509e-08	1.0536712127723509e-08	1.4901161193847656e-08	0.36113594278049466	1.2904784139758924e-08	0.3895199947235371	0.3718827946872756	0.3734263532119803	0.2895059848872539	0.3895199947235372	0.23401822997066538	0.2222509974448292	0.2154689027550265	0.37763013863655337	0.3780151621410093	0.40465379599144946	0.3776301386365533	0.2687863712080669	0.2222509974448292	0.23401822997066546	1.578058294020515e-08	0.2222509974448293	1.666000468656264e-08	0.2526956809224534	0.21546890275502664	1.7455062718253462e-08	0.21546890275502664	1.4901161193847656e-08	0.23401822997066585	0.2222509974448296	0.23401822997066588	0.2529530743222995	0.41103263041917093	1.8250120749944284e-08	0.26773155014002115	0.25524026129690647	0.3780151621410092	0.2154689027550269	0.2222509974448298	0.23401822997066604	0.5587895464274295	0.5825614571823108	0.5587895464274295	0.5587895464274295	0.7112069027441208	0.4289109663732089	0.37763013863655337	0.37763013863655326	0.37763013863655337	0.42891096637320886	0.5587895464274295	0.2340182299706659	0.7071608057240846
C_WI020_18	0.20258746206914902	0.14474535978886802	0.438750100838353	0.43378082096359866	0.5533867336161773	0.5414246022659581	0.39455197755491445	0.5778125113401783	0.5414246022659585	0.43474556339866927	0.5089512133227605	0.5963869493835068	0.5414246022659585	0.5414246022659585	0.5414246022659586	0.5456726662456233	0.5639499134522066	0.43324093609762426	0.4280012286252123	0.433780820963598	0.43474556339866927	0.5778125113401779	0.5778125113401777	0.5433194061424971	0.5414246022659587	0.5415068936290526	0.5778125113401777	0.5433194061424971	0.5414246022659587	0.5414246022659586	0.5433194061424971	0.5414246022659583	0.5414246022659583	0.7697365325947061	0.494049410751029	0.7851434415425524	0.4058552015966018	0.4332409360976244	0.43474556339866954	0.5414246022659581	0.5533867336161776	0.5414246022659581	0.5421265020065318	0.5421265020065318	0.5778125113401775	0.4315067479689634	0.4332409360976245	0.5414246022659579	0.4347455633986698	0.36289477626165895	0.43474556339866965	0.43150674796896366	0.5170361638880858	0.5414246022659579	0.41235815681013005	0.43324093609762454	0.4347455633986698	0.552209932254376	0.6134244563714865	0.5414246022659578	0.6675614731060022	0.5533867336161764	0.5414246022659578	0.9272108021118814	0.4347455633986699	0.48304782878775177	0.4347455633986699	0.5414246022659578	0.4347455633986698	0.3954194169144103	0.47612094040452163	0.5170361638880857	0.5414246022659577	0.5185009019119059	0.4347455633986698	0.5414246022659576	0.5414246022659576	0.5734906692305691	0.42022851479796236	0.9272108021118813	0.601667731674225	0.43378082096359866	0.43378082096359866	0.5575951564729716	0.577812511340177	0.613424456371486	0.9719357856985176	0.39455197755491495	0.5969607907967254	0.4347455633986701	0.5433194061424966	0.705872642832587	0.5969607907967254	0.24771007102276985	0.20258746206914743	0.0	0.20258746206914768	0.16710292761887405	1.1780402288468106e-08	0.2847803308858005	0.20258746206914743	0.2025874620691473	0.20258746206914746	0.3365204779571842	0.20258746206914763	0.327952273561571	0.3334090182029441	0.3367071064357253	0.22968674751742385	0.32795227356157103	0.16710292761887371	0.14474535978887249	0.10465330634963008	0.3381436348757656	0.3400873650586039	0.3714372599250094	0.3381436348757654	0.1787549427403311	0.14474535978887132	0.16710292761887308	0.20258746206914657	0.14474535978887104	0.2025874620691469	0.18056690549239535	0.10465330634962795	0.20258746206914693	0.10465330634962783	0.2025874620691472	0.1671029276188728	0.14474535978887082	0.1671029276188732	0.27284888281218633	0.34303964715714746	0.20258746206914693	0.1845958458805456	0.18241374195654003	0.3400873650586029	0.10465330634962862	0.14474535978887088	0.16710292761887263	0.5414246022659575	0.5621557734023834	0.5414246022659575	0.5414246022659572	0.7058726428325847	0.43474556339866965	0.3381436348757649	0.3381436348757648	0.3381436348757649	0.4347455633986696	0.5414246022659575	0.16710292761887313	0.6791395945934089
C_WI024_18	4.407822924181533e-08	0.22225099744483284	0.46068867557198234	0.42708753831448115	0.5679961281365535	0.5587895464274293	0.42245503697487513	0.5920592541370902	0.5587895464274293	0.42891096637320875	0.5396490720431513	0.6163642821178189	0.5587895464274292	0.5587895464274293	0.5587895464274291	0.5638831678433043	0.5838289658683257	0.4275073690312083	0.4234644798746974	0.4270875383144811	0.4289109663732088	0.5920592541370903	0.5920592541370904	0.5602309927985994	0.5587895464274292	0.5590354024298583	0.5920592541370903	0.5602309927985994	0.5587895464274292	0.5587895464274292	0.5602309927985994	0.5587895464274293	0.5587895464274293	0.781223587307192	0.5209159421055102	0.7943933615276024	0.43127883767968445	0.4275073690312081	0.42891096637320864	0.5587895464274292	0.5679961281365539	0.5587895464274293	0.5597842210160796	0.5597842210160797	0.5920592541370903	0.4266468521336802	0.4275073690312081	0.5587895464274293	0.4289109663732087	0.40097635407944	0.4289109663732086	0.4266468521336803	0.5299776430287965	0.5587895464274294	0.40619916912691006	0.42750736903120806	0.42891096637320864	0.5675746934385713	0.6259784521562068	0.5587895464274294	0.7095295637218881	0.5679961281365532	0.5587895464274294	0.9341185876533102	0.42891096637320864	0.5077808936358061	0.42891096637320864	0.5587895464274294	0.4289109663732087	0.4224782375214513	0.503423698656329	0.5299776430287967	0.5587895464274294	0.5365450831130919	0.42891096637320864	0.5587895464274294	0.5587895464274294	0.5866392857080267	0.44906653766103083	0.9341185876533106	0.6135324963326177	0.4270875383144811	0.4270875383144811	0.5773602530960099	0.5920592541370906	0.6259784521562066	1.0748935743874954	0.4224550369748752	0.6095587364262318	0.42891096637320864	0.5602309927986003	0.7112069027441212	0.6095587364262318	0.16744853109156935	1.2904784139758924e-08	0.20258746206914768	0.0	0.2340182299706652	0.20258746206914702	0.18134529978805677	1.2904784139758924e-08	1.0536712127723509e-08	1.2904784139758924e-08	0.36113594278049455	1.2904784139758924e-08	0.3895199947235371	0.3718827946872756	0.3734263532119802	0.2895059848872539	0.38951999472353716	0.23401822997066532	0.22225099744482915	0.2154689027550267	0.37763013863655337	0.3780151621410093	0.40465379599144946	0.3776301386365533	0.26878637120806703	0.2222509974448292	0.23401822997066543	1.4901161193847656e-08	0.22225099744482923	1.666000468656264e-08	0.25269568092245365	0.2154689027550267	1.7455062718253462e-08	0.2154689027550267	1.578058294020515e-08	0.23401822997066582	0.2222509974448294	0.23401822997066585	0.25295307432229963	0.4110326304191709	1.666000468656264e-08	0.2677315501400211	0.25524026129690647	0.3780151621410092	0.21546890275502698	0.22225099744482965	0.23401822997066585	0.5587895464274295	0.5825614571823108	0.5587895464274295	0.5587895464274294	0.7112069027441208	0.42891096637320886	0.3776301386365533	0.3776301386365533	0.37763013863655337	0.4289109663732088	0.5587895464274295	0.23401822997066576	0.7071608057240846
C_WI026_18	0.23401822997066876	0.06921403890606086	0.42573301401785224	0.43989864381329147	0.5467752825997452	0.5363005004359686	0.3763582111488474	0.5748579527395346	0.5363005004359686	0.45970266938011634	0.5214669520808191	0.5840902295349495	0.5363005004359686	0.5363005004359686	0.5363005004359684	0.5395950113130152	0.5522382671598023	0.45207299260730016	0.4345400575460597	0.43989864381329113	0.45970266938011634	0.5748579527395347	0.5748579527395347	0.5380803436019522	0.5363005004359686	0.5369813830318434	0.5748579527395346	0.5380803436019522	0.5363005004359686	0.5363005004359686	0.5380803436019523	0.5363005004359687	0.5363005004359686	0.7736687027877381	0.47985691582631923	0.7826118410461416	0.43529643879825936	0.4520729926073001	0.4597026693801164	0.5363005004359686	0.5467752825997453	0.5363005004359686	0.5389726188803357	0.5389726188803358	0.5748579527395346	0.44705889828013073	0.45207299260730005	0.5363005004359686	0.45970266938011645	0.38461252590309336	0.4597026693801164	0.4470588982801308	0.5199287485609337	0.5363005004359686	0.43763231621608517	0.45207299260730005	0.45970266938011645	0.5479013710624444	0.6139047894087513	0.5363005004359686	0.6439681579258357	0.5467752825997445	0.5363005004359686	0.921770470685928	0.45970266938011645	0.49444557119233523	0.45970266938011645	0.5363005004359687	0.4597026693801165	0.41086637322943875	0.48111489159837223	0.5199287485609337	0.5363005004359687	0.5129846347336023	0.45970266938011645	0.5363005004359687	0.5363005004359687	0.5640953677990791	0.45492280720131706	0.9217704706859283	0.598838462257817	0.4398986438132913	0.4398986438132913	0.5451564369341467	0.5748579527395347	0.613904789408751	0.9758548589189262	0.3763582111488474	0.5939114929449352	0.45970266938011645	0.538080343601953	0.7037939966379998	0.5939114929449352	0.2781332680756682	0.2340182299706653	0.16710292761887405	0.2340182299706652	0.0	0.1671029276188733	0.2380782391767591	0.23401822997066551	0.23401822997066538	0.23401822997066551	0.30320622560026733	0.23401822997066538	0.3163216096483698	0.30059737256269753	0.3043752479357355	0.22715027012625807	0.31632160964836986	1.4901161193847656e-08	0.06921403890605153	0.12801339308445217	0.3039641541654812	0.31697939309254525	0.3378596776675314	0.3039641541654811	0.18230614413502388	0.06921403890605113	1.4419960578482488e-08	0.23401822997066546	0.06921403890605113	0.2340182299706656	0.1890568146059151	0.12801339308445217	0.23401822997066568	0.12801339308445212	0.23401822997066546	1.8250120749944284e-08	0.06921403890605153	1.747316032582309e-08	0.3215528459940275	0.3313660948131453	0.23401822997066557	0.19549219796929612	0.18985728237022562	0.31697939309254514	0.12801339308445217	0.06921403890605184	1.5353114692716457e-08	0.5363005004359688	0.5626519058586785	0.5363005004359687	0.5363005004359687	0.703793996637999	0.4597026693801167	0.303964154165481	0.30396415416548095	0.303964154165481	0.4597026693801167	0.5363005004359688	1.747316032582309e-08	0.6654806200002366
C_WI031_18	0.20258746206914874	0.1447453597888683	0.43875010083835275	0.4337808209635984	0.553386733616177	0.541424602265958	0.3945519775549142	0.5778125113401781	0.5414246022659583	0.43474556339866904	0.5089512133227604	0.5963869493835067	0.5414246022659582	0.5414246022659582	0.5414246022659583	0.5456726662456224	0.5639499134522065	0.4332409360976241	0.42800122862521206	0.4337808209635977	0.4347455633986691	0.5778125113401776	0.5778125113401775	0.543319406142497	0.5414246022659585	0.5415068936290519	0.5778125113401776	0.543319406142497	0.5414246022659586	0.5414246022659582	0.543319406142497	0.5414246022659582	0.5414246022659581	0.7697365325947059	0.4940494107510288	0.7851434415425523	0.40585520159660177	0.43324093609762415	0.43474556339866927	0.5414246022659581	0.5533867336161773	0.541424602265958	0.5421265020065318	0.5421265020065318	0.5778125113401773	0.4315067479689631	0.43324093609762426	0.5414246022659578	0.4347455633986695	0.3628947762616585	0.43474556339866943	0.4315067479689633	0.5170361638880856	0.5414246022659577	0.41235815681012983	0.4332409360976243	0.43474556339866954	0.5522099322543758	0.6134244563714861	0.5414246022659576	0.667561473106002	0.553386733616176	0.5414246022659576	0.9272108021118812	0.4347455633986696	0.4830478287877517	0.43474556339866965	0.5414246022659577	0.4347455633986696	0.3954194169144101	0.47612094040452124	0.5170361638880855	0.5414246022659575	0.5185009019119057	0.4347455633986696	0.5414246022659575	0.5414246022659575	0.5734906692305692	0.4202285147979621	0.9272108021118811	0.601667731674225	0.4337808209635983	0.4337808209635983	0.5575951564729713	0.5778125113401767	0.6134244563714857	0.9719357856985174	0.39455197755491467	0.5969607907967253	0.4347455633986698	0.5433194061424965	0.7058726428325869	0.5969607907967253	0.2477100710227697	0.20258746206914707	1.1780402288468106e-08	0.20258746206914702	0.1671029276188733	0.0	0.2847803308858005	0.2025874620691472	0.20258746206914693	0.20258746206914707	0.3365204779571839	0.20258746206914735	0.3279522735615707	0.33340901820294383	0.33670710643572516	0.22968674751742366	0.3279522735615707	0.16710292761887346	0.14474535978887187	0.10465330634962955	0.33814363487576526	0.34008736505860354	0.3714372599250093	0.3381436348757652	0.1787549427403311	0.1447453597888708	0.16710292761887272	0.2025874620691463	0.1447453597888704	0.20258746206914652	0.18056690549239376	0.1046533063496273	0.20258746206914666	0.10465330634962704	0.20258746206914674	0.16710292761887238	0.14474535978887001	0.16710292761887272	0.2728488828121862	0.3430396471571471	0.20258746206914646	0.1845958458805452	0.1824137419565404	0.34008736505860254	0.10465330634962776	0.14474535978887051	0.1671029276188723	0.5414246022659573	0.5621557734023831	0.5414246022659572	0.541424602265957	0.7058726428325846	0.43474556339866943	0.33814363487576454	0.33814363487576454	0.33814363487576454	0.4347455633986693	0.5414246022659573	0.16710292761887258	0.6791395945934088
C_WI033_18	0.18134529978805938	0.23096783279546976	0.474471239985212	0.4687591018949765	0.5807380132697914	0.5684901775361544	0.43326761805134684	0.6047066988623733	0.5684901775361546	0.47057557723936394	0.5579304301795227	0.6179754164032787	0.5684901775361545	0.5684901775361543	0.5684901775361544	0.5726477115591911	0.5878488879646826	0.4692870861050753	0.43697411457695395	0.4687591018949758	0.47057557723936405	0.6047066988623728	0.6047066988623728	0.5707214670211228	0.5684901775361546	0.5688700584005519	0.6047066988623728	0.5707214670211228	0.5684901775361545	0.5684901775361544	0.5707214670211228	0.5684901775361543	0.5684901775361542	0.7942337374060416	0.5327283032574948	0.8054097555173684	0.4430191191765074	0.46928708610507536	0.4705755772393641	0.5684901775361539	0.5807380132697916	0.5684901775361539	0.5734159938750477	0.5734159938750477	0.6047066988623724	0.44012822441638877	0.46928708610507547	0.5684901775361536	0.4705755772393644	0.41455409102452256	0.4705755772393643	0.44012822441638905	0.5462817837933862	0.5684901775361535	0.4525586019507455	0.4692870861050755	0.4705755772393644	0.5803214778836364	0.6394932643169599	0.5684901775361534	0.6890257382764725	0.5807380132697901	0.5684901775361534	0.9384922253491941	0.4705755772393644	0.5161946524888462	0.4705755772393644	0.5684901775361533	0.47057557723936433	0.43423337000832396	0.5120130701640397	0.5462817837933861	0.5684901775361532	0.5511341078734421	0.47057557723936433	0.5684901775361532	0.5684901775361532	0.5989934882942008	0.46072745733982456	0.938492225349194	0.6256954637583128	0.4687591018949764	0.4687591018949764	0.5811730694601619	0.6047066988623716	0.6394932643169593	1.0844837624212738	0.4332676180513474	0.6219182867038058	0.4705755772393646	0.570721467021122	0.7218651607160773	0.6219182867038058	0.24595129148253775	0.18134529978805708	0.2847803308858005	0.18134529978805677	0.2380782391767591	0.2847803308858005	0.0	0.181345299788057	0.1813452997880567	0.181345299788057	0.35827331292344006	0.1813452997880569	0.406958605426246	0.37145235542824956	0.3732558998405504	0.29268923232991073	0.40695860542624596	0.23807823917675888	0.23096783279547292	0.22565271041149024	0.3806551623511786	0.37144956391349054	0.4072373431475511	0.38065516235117836	0.2770900060709171	0.23096783279547203	0.23807823917675808	0.18134529978805555	0.23096783279547167	0.18134529978805586	0.26459854901812785	0.2256527104114889	0.18134529978805594	0.2256527104114889	0.18134529978805594	0.23807823917675786	0.2309678327954711	0.23807823917675822	0.3529634083393114	0.4398239209191217	0.18134529978805564	0.2733767928940002	0.2668729819393405	0.37144956391348966	0.22565271041148954	0.2309678327954716	0.23807823917675766	0.5684901775361529	0.596762440814208	0.5684901775361528	0.5684901775361527	0.7218651607160749	0.47057557723936416	0.3806551623511778	0.3806551623511778	0.38065516235117774	0.47057557723936405	0.568490177536153	0.23807823917675813	0.7126690807561337
C_WI036_18	4.407822924181533e-08	0.22225099744483284	0.4606886755719824	0.42708753831448126	0.5679961281365536	0.5587895464274293	0.4224550369748752	0.5920592541370902	0.5587895464274292	0.42891096637320864	0.5396490720431513	0.6163642821178188	0.5587895464274292	0.5587895464274292	0.5587895464274291	0.5638831678433044	0.5838289658683256	0.4275073690312082	0.4234644798746974	0.4270875383144811	0.42891096637320875	0.5920592541370903	0.5920592541370903	0.5602309927985994	0.5587895464274292	0.5590354024298584	0.5920592541370903	0.5602309927985993	0.5587895464274292	0.5587895464274293	0.5602309927985994	0.5587895464274293	0.5587895464274293	0.781223587307192	0.5209159421055102	0.7943933615276024	0.4312788376796844	0.4275073690312082	0.42891096637320864	0.5587895464274292	0.5679961281365539	0.5587895464274293	0.5597842210160796	0.5597842210160796	0.5920592541370903	0.4266468521336802	0.4275073690312081	0.5587895464274294	0.4289109663732087	0.40097635407944	0.42891096637320864	0.4266468521336803	0.5299776430287965	0.5587895464274294	0.4061991691269101	0.42750736903120806	0.42891096637320864	0.5675746934385713	0.6259784521562068	0.5587895464274294	0.7095295637218881	0.5679961281365532	0.5587895464274294	0.9341185876533102	0.42891096637320864	0.5077808936358061	0.42891096637320864	0.5587895464274294	0.42891096637320864	0.42247823752145125	0.5034236986563291	0.5299776430287966	0.5587895464274294	0.5365450831130919	0.4289109663732086	0.5587895464274294	0.5587895464274294	0.5866392857080267	0.44906653766103083	0.9341185876533106	0.6135324963326177	0.4270875383144811	0.4270875383144811	0.5773602530960099	0.5920592541370906	0.6259784521562066	1.0748935743874954	0.42245503697487524	0.6095587364262318	0.42891096637320864	0.5602309927986003	0.7112069027441212	0.6095587364262318	0.16744853109156943	1.0536712127723509e-08	0.20258746206914743	1.2904784139758924e-08	0.23401822997066551	0.2025874620691472	0.181345299788057	0.0	1.0536712127723509e-08	1.4901161193847656e-08	0.36113594278049455	1.0536712127723509e-08	0.38951999472353704	0.37188279468727553	0.3734263532119802	0.2895059848872538	0.3895199947235371	0.23401822997066526	0.2222509974448291	0.2154689027550265	0.37763013863655337	0.37801516214100916	0.4046537959914493	0.37763013863655326	0.26878637120806714	0.22225099744482915	0.23401822997066543	1.4901161193847656e-08	0.2222509974448292	1.666000468656264e-08	0.25269568092245376	0.2154689027550266	1.7455062718253462e-08	0.2154689027550266	1.4901161193847656e-08	0.23401822997066576	0.22225099744482954	0.23401822997066582	0.2529530743222997	0.4110326304191709	1.8250120749944284e-08	0.26773155014002115	0.2552402612969066	0.37801516214100916	0.21546890275502678	0.2222509974448296	0.2340182299706659	0.5587895464274295	0.5825614571823109	0.5587895464274295	0.5587895464274294	0.7112069027441208	0.4289109663732089	0.37763013863655337	0.3776301386365533	0.37763013863655337	0.42891096637320886	0.5587895464274295	0.2340182299706658	0.7071608057240846
C_WI037_18	4.407822924181533e-08	0.2222509974448326	0.4606886755719823	0.42708753831448126	0.5679961281365536	0.5587895464274292	0.4224550369748752	0.5920592541370902	0.5587895464274292	0.42891096637320875	0.5396490720431513	0.6163642821178188	0.5587895464274292	0.5587895464274292	0.5587895464274291	0.5638831678433047	0.5838289658683256	0.42750736903120823	0.4234644798746974	0.4270875383144811	0.42891096637320875	0.5920592541370903	0.5920592541370903	0.5602309927985993	0.5587895464274291	0.5590354024298585	0.5920592541370902	0.5602309927985993	0.5587895464274292	0.5587895464274293	0.5602309927985994	0.5587895464274293	0.5587895464274293	0.781223587307192	0.5209159421055102	0.7943933615276024	0.43127883767968433	0.42750736903120806	0.42891096637320864	0.5587895464274292	0.5679961281365539	0.5587895464274293	0.5597842210160795	0.5597842210160796	0.5920592541370903	0.42664685213368025	0.42750736903120806	0.5587895464274293	0.42891096637320864	0.40097635407944004	0.4289109663732086	0.42664685213368037	0.5299776430287965	0.5587895464274294	0.4061991691269101	0.427507369031208	0.42891096637320864	0.5675746934385711	0.6259784521562068	0.5587895464274294	0.7095295637218881	0.5679961281365532	0.5587895464274294	0.9341185876533102	0.4289109663732086	0.507780893635806	0.42891096637320864	0.5587895464274294	0.42891096637320864	0.4224782375214512	0.5034236986563292	0.5299776430287966	0.5587895464274294	0.5365450831130919	0.42891096637320864	0.5587895464274294	0.5587895464274294	0.5866392857080266	0.44906653766103083	0.9341185876533106	0.6135324963326176	0.4270875383144811	0.42708753831448115	0.5773602530960099	0.5920592541370906	0.6259784521562066	1.0748935743874954	0.4224550369748752	0.6095587364262318	0.42891096637320864	0.5602309927986003	0.7112069027441212	0.6095587364262318	0.16744853109156926	1.0536712127723509e-08	0.2025874620691473	1.0536712127723509e-08	0.23401822997066538	0.20258746206914693	0.1813452997880567	1.0536712127723509e-08	0.0	1.0536712127723509e-08	0.36113594278049443	1.0536712127723509e-08	0.3895199947235371	0.3718827946872756	0.37342635321198014	0.28950598488725376	0.3895199947235372	0.23401822997066526	0.22225099744482912	0.2154689027550266	0.37763013863655337	0.37801516214100916	0.40465379599144924	0.3776301386365533	0.26878637120806703	0.22225099744482915	0.23401822997066532	1.4901161193847656e-08	0.2222509974448292	1.4901161193847656e-08	0.2526956809224542	0.21546890275502656	1.666000468656264e-08	0.2154689027550266	1.4901161193847656e-08	0.23401822997066576	0.22225099744482946	0.23401822997066588	0.25295307432229963	0.411032630419171	1.666000468656264e-08	0.26773155014002126	0.2552402612969064	0.37801516214100916	0.2154689027550269	0.2222509974448296	0.23401822997066585	0.5587895464274295	0.582561457182311	0.5587895464274295	0.5587895464274294	0.7112069027441208	0.42891096637320886	0.37763013863655337	0.3776301386365533	0.37763013863655337	0.4289109663732088	0.5587895464274295	0.23401822997066574	0.7071608057240846
C_WI038_18	4.470348358154297e-08	0.22225099744483268	0.4606886755719823	0.42708753831448126	0.5679961281365536	0.5587895464274293	0.42245503697487524	0.5920592541370902	0.5587895464274293	0.4289109663732088	0.5396490720431513	0.6163642821178189	0.5587895464274292	0.5587895464274293	0.5587895464274291	0.5638831678433047	0.5838289658683256	0.4275073690312083	0.42346447987469754	0.4270875383144812	0.4289109663732088	0.5920592541370903	0.5920592541370903	0.5602309927985994	0.5587895464274292	0.5590354024298585	0.5920592541370902	0.5602309927985994	0.5587895464274293	0.5587895464274293	0.5602309927985994	0.5587895464274294	0.5587895464274293	0.781223587307192	0.5209159421055102	0.7943933615276025	0.4312788376796844	0.4275073690312082	0.42891096637320875	0.5587895464274293	0.5679961281365539	0.5587895464274293	0.5597842210160795	0.5597842210160796	0.5920592541370903	0.42664685213368037	0.4275073690312081	0.5587895464274294	0.4289109663732087	0.4009763540794401	0.42891096637320864	0.4266468521336804	0.5299776430287966	0.5587895464274294	0.4061991691269102	0.42750736903120806	0.4289109663732087	0.5675746934385711	0.625978452156207	0.5587895464274294	0.7095295637218882	0.5679961281365533	0.5587895464274294	0.9341185876533104	0.42891096637320875	0.5077808936358061	0.4289109663732087	0.5587895464274294	0.42891096637320875	0.4224782375214513	0.5034236986563292	0.5299776430287967	0.5587895464274294	0.5365450831130919	0.4289109663732087	0.5587895464274294	0.5587895464274295	0.5866392857080267	0.44906653766103094	0.9341185876533106	0.6135324963326177	0.4270875383144812	0.4270875383144812	0.57736025309601	0.5920592541370906	0.6259784521562067	1.0748935743874954	0.42245503697487524	0.6095587364262318	0.42891096637320864	0.5602309927986003	0.7112069027441212	0.6095587364262318	0.16744853109156926	1.4901161193847656e-08	0.20258746206914746	1.2904784139758924e-08	0.23401822997066551	0.20258746206914707	0.181345299788057	1.4901161193847656e-08	1.0536712127723509e-08	0.0	0.3611359427804945	1.390297266680329e-08	0.3895199947235372	0.37188279468727564	0.3734263532119803	0.2895059848872537	0.38951999472353727	0.23401822997066557	0.2222509974448293	0.21546890275502678	0.3776301386365535	0.3780151621410093	0.40465379599144924	0.3776301386365533	0.26878637120806714	0.2222509974448293	0.23401822997066554	1.578058294020515e-08	0.2222509974448293	1.666000468656264e-08	0.2526956809224542	0.21546890275502678	1.578058294020515e-08	0.21546890275502678	1.8250120749944284e-08	0.2340182299706659	0.22225099744482954	0.2340182299706659	0.2529530743222999	0.41103263041917104	1.8250120749944284e-08	0.26773155014002137	0.2552402612969066	0.3780151621410093	0.21546890275502684	0.22225099744482965	0.2340182299706659	0.5587895464274296	0.582561457182311	0.5587895464274295	0.5587895464274295	0.7112069027441208	0.4289109663732089	0.3776301386365535	0.37763013863655337	0.3776301386365535	0.4289109663732089	0.5587895464274296	0.234018229970666	0.7071608057240846
C_WI039_18	0.36113594278049704	0.3029712350776364	0.3885536310008498	0.39697460445641847	0.4140060894282226	0.42944553168063454	0.3408361130037936	0.45103911434332805	0.42944553168063454	0.40275619680253383	0.608894781009698	0.49091119911237846	0.42944553168063443	0.4294455316806345	0.4294455316806344	0.4322112016350015	0.4124007791971836	0.4002887686722964	0.3935153749308475	0.396974604456418	0.4027561968025339	0.4510391143433281	0.4510391143433281	0.4325674908590309	0.42944553168063443	0.43001305381763794	0.4510391143433281	0.43256749085903085	0.42944553168063454	0.42944553168063454	0.432567490859031	0.42944553168063454	0.42944553168063454	0.5666629057512135	0.4818247816549513	0.5839928644858356	0.36899076249409835	0.4002887686722963	0.4027561968025338	0.4294455316806345	0.4140060894282226	0.4294455316806345	0.4311118268276128	0.43111182682761284	0.45103911434332816	0.3985224388779657	0.4002887686722962	0.42944553168063454	0.4027561968025338	0.29832000774721146	0.4027561968025338	0.3985224388779658	0.39227685857015876	0.4294455316806346	0.36951903773111644	0.4002887686722962	0.4027561968025338	0.4139574684206827	0.4845415144698702	0.4294455316806346	0.5325336367122495	0.41400608942822176	0.4294455316806346	0.6989274866248313	0.4027561968025338	0.4688708156458564	0.4027561968025338	0.4294455316806347	0.4027561968025338	0.3558320887917799	0.4655643883585463	0.39227685857015887	0.42944553168063465	0.4812112088513836	0.4027561968025338	0.4294455316806347	0.4294455316806347	0.438460377800612	0.3593771624812521	0.6989274866248316	0.4779489952666521	0.3969746044564181	0.3969746044564181	0.4115314755750232	0.45103911434332855	0.48454151446987	0.8706967875748929	0.3408361130037935	0.4747610827984391	0.4027561968025338	0.43256749085903196	0.5914297591223882	0.4747610827984391	0.3931037378457026	0.36113594278049466	0.3365204779571842	0.36113594278049455	0.30320622560026733	0.3365204779571839	0.35827331292344006	0.36113594278049455	0.36113594278049443	0.3611359427804945	0.0	0.36113594278049443	0.22068843545315037	0.15973774343308567	0.16023886393283987	0.377388094289068	0.22068843545315037	0.3032062256002671	0.3029712350776336	0.3141795183581185	0.18684834373452922	0.14879845743757236	0.22576780165952853	0.18684834373452916	0.3606397626790086	0.3029712350776336	0.3032062256002671	0.3611359427804946	0.3029712350776337	0.36113594278049466	0.33511000311795724	0.3141795183581185	0.3611359427804945	0.3141795183581185	0.3611359427804945	0.30320622560026733	0.3029712350776338	0.3032062256002673	0.4989943323585527	0.2608531882446027	0.36113594278049466	0.3470883936771659	0.3381751006457028	0.14879845743757225	0.3141795183581185	0.3029712350776337	0.30320622560026744	0.4294455316806349	0.4590749950874979	0.4294455316806349	0.4294455316806349	0.5914297591223876	0.4027561968025339	0.186848343734529	0.18684834373452894	0.18684834373452894	0.4027561968025339	0.42944553168063493	0.3032062256002673	0.7885335845937083
C_WI040_18	4.407822924181533e-08	0.22225099744483318	0.46068867557198234	0.42708753831448143	0.5679961281365535	0.5587895464274292	0.4224550369748751	0.5920592541370902	0.5587895464274292	0.42891096637320875	0.5396490720431513	0.6163642821178188	0.5587895464274292	0.5587895464274292	0.5587895464274291	0.5638831678433044	0.5838289658683256	0.4275073690312083	0.42346447987469743	0.42708753831448104	0.42891096637320875	0.5920592541370903	0.5920592541370903	0.5602309927985994	0.5587895464274292	0.5590354024298583	0.5920592541370902	0.5602309927985993	0.5587895464274292	0.5587895464274293	0.5602309927985994	0.5587895464274293	0.5587895464274292	0.781223587307192	0.5209159421055101	0.7943933615276024	0.4312788376796844	0.4275073690312082	0.42891096637320864	0.5587895464274292	0.5679961281365538	0.5587895464274293	0.5597842210160796	0.5597842210160797	0.5920592541370903	0.4266468521336802	0.4275073690312081	0.5587895464274293	0.42891096637320875	0.40097635407944	0.42891096637320864	0.42664685213368025	0.5299776430287965	0.5587895464274294	0.4061991691269101	0.42750736903120806	0.4289109663732087	0.5675746934385711	0.6259784521562068	0.5587895464274294	0.7095295637218882	0.5679961281365532	0.5587895464274294	0.9341185876533102	0.42891096637320864	0.5077808936358061	0.42891096637320864	0.5587895464274294	0.42891096637320864	0.42247823752145125	0.5034236986563291	0.5299776430287967	0.5587895464274294	0.5365450831130918	0.42891096637320864	0.5587895464274294	0.5587895464274294	0.5866392857080268	0.4490665376610309	0.9341185876533106	0.6135324963326179	0.42708753831448104	0.42708753831448104	0.5773602530960099	0.5920592541370906	0.6259784521562066	1.0748935743874954	0.42245503697487513	0.6095587364262318	0.4289109663732087	0.5602309927986003	0.7112069027441212	0.6095587364262318	0.1674485310915696	1.2904784139758924e-08	0.20258746206914763	1.2904784139758924e-08	0.23401822997066538	0.20258746206914735	0.1813452997880569	1.0536712127723509e-08	1.0536712127723509e-08	1.390297266680329e-08	0.36113594278049443	0.0	0.3895199947235372	0.3718827946872755	0.3734263532119802	0.2895059848872537	0.38951999472353727	0.2340182299706652	0.222250997444829	0.2154689027550265	0.37763013863655337	0.37801516214100916	0.40465379599144935	0.37763013863655326	0.26878637120806725	0.22225099744482904	0.23401822997066535	1.4901161193847656e-08	0.22225099744482907	1.4901161193847656e-08	0.25269568092245365	0.2154689027550265	1.4901161193847656e-08	0.2154689027550265	1.4901161193847656e-08	0.23401822997066574	0.22225099744482935	0.23401822997066576	0.2529530743222997	0.41103263041917093	1.666000468656264e-08	0.2677315501400213	0.2552402612969068	0.3780151621410091	0.21546890275502664	0.22225099744482935	0.2340182299706659	0.5587895464274295	0.5825614571823109	0.5587895464274295	0.5587895464274295	0.7112069027441208	0.4289109663732089	0.37763013863655326	0.37763013863655326	0.3776301386365533	0.42891096637320886	0.5587895464274295	0.2340182299706658	0.7071608057240846
C_WI041_18	0.3895199947235391	0.31329966995943703	0.3830977891681626	0.3533357594642992	0.40404548407639823	0.39083675338455104	0.3262639214267047	0.44408956772647845	0.3908367533845513	0.36446913497688443	0.6132881994233217	0.4628078170149881	0.39083675338455126	0.3908367533845512	0.39083675338455115	0.3935219633155525	0.4013418954937127	0.3605896298656097	0.3539282171095872	0.3533357594642987	0.36446913497688443	0.44408956772647823	0.44408956772647823	0.3911346086219973	0.39083675338455126	0.39131648764280613	0.4440895677264781	0.3911346086219971	0.3908367533845514	0.3908367533845513	0.3911346086219973	0.3908367533845512	0.39083675338455115	0.55058487166269	0.4684022202694723	0.5766679091751955	0.3656180934736418	0.36058962986560966	0.36446913497688443	0.3908367533845511	0.40404548407639856	0.3908367533845511	0.39269645181018353	0.3926964518101836	0.44408956772647806	0.3607263532532982	0.36058962986560966	0.39083675338455104	0.3644691349768845	0.2678377124264068	0.36446913497688455	0.3607263532532984	0.334086017671445	0.39083675338455104	0.3042536353262203	0.36058962986560966	0.36446913497688455	0.4069044451748618	0.48072841334964744	0.39083675338455104	0.46251115735437826	0.4040454840763974	0.390836753384551	0.6939142060808331	0.36446913497688455	0.45831408124391565	0.36446913497688455	0.39083675338455104	0.3644691349768845	0.35088865475978176	0.4538137952290042	0.3340860176714451	0.39083675338455104	0.48688369485367433	0.36446913497688455	0.39083675338455104	0.39083675338455104	0.4275895734334552	0.34420026343981985	0.6939142060808332	0.47303982906423897	0.353335759464299	0.353335759464299	0.398948636928155	0.444089567726478	0.48072841334964694	0.7868160315498843	0.3262639214267048	0.4657742928345986	0.3644691349768846	0.3911346086219978	0.5791500833383133	0.4657742928345986	0.42713662964539845	0.3895199947235371	0.327952273561571	0.3895199947235371	0.3163216096483698	0.3279522735615707	0.406958605426246	0.38951999472353704	0.3895199947235371	0.3895199947235372	0.22068843545315037	0.3895199947235372	0.0	0.2512741514874382	0.2541432181618219	0.4179202989174273	8.287820485947985e-09	0.31632160964836986	0.31329966995943587	0.32272851287545296	0.2605701340777647	0.26322867905884695	0.292744593749166	0.2605701340777646	0.36882992711256024	0.3132996699594356	0.31632160964836964	0.38951999472353704	0.31329966995943553	0.3895199947235372	0.3442519995467148	0.32272851287545273	0.3895199947235371	0.3227285128754527	0.3895199947235372	0.31632160964836975	0.31329966995943553	0.31632160964836986	0.5073204542125213	0.19468142184483953	0.38951999472353716	0.3614696656169437	0.3456692315214594	0.2632286790588465	0.32272851287545273	0.31329966995943564	0.3163216096483698	0.39083675338455104	0.4207358314200833	0.39083675338455104	0.390836753384551	0.5791500833383123	0.36446913497688466	0.26057013407776447	0.26057013407776447	0.26057013407776447	0.3644691349768847	0.3908367533845511	0.3163216096483699	0.7663034337853608
C_WI092_18	0.37188279468727825	0.2947966693505452	0.40300432420065513	0.42768194195828746	0.45387961861311305	0.47087358879353175	0.35387346607637793	0.46186391981593916	0.4708735887935317	0.4421843028400468	0.6150894560119838	0.5269335484944054	0.47087358879353153	0.47087358879353164	0.4708735887935315	0.4735424049947089	0.432563752293557	0.4402062062442023	0.42131503032174883	0.42768194195828707	0.44218430284004695	0.4618639198159394	0.46186391981593955	0.4632849869716419	0.4708735887935315	0.47137836930194815	0.46186391981593933	0.4632849869716419	0.4708735887935316	0.4708735887935316	0.46328498697164205	0.4708735887935317	0.47087358879353164	0.5826503575013703	0.487672723459131	0.5970095582836092	0.4067506239779709	0.4402062062442022	0.44218430284004673	0.47087358879353164	0.453879618613113	0.4708735887935317	0.4620190401669343	0.4620190401669344	0.46186391981593955	0.4257016703399932	0.44020620624420215	0.4708735887935318	0.4421843028400468	0.3644383391822869	0.44218430284004673	0.4257016703399932	0.4498120727110231	0.47087358879353186	0.4283437442687131	0.44020620624420215	0.4421843028400467	0.4536660216469901	0.4966450481847871	0.47087358879353186	0.5800161348572157	0.4538796186131123	0.47087358879353186	0.7194903158388763	0.44218430284004673	0.501245372544548	0.4421843028400468	0.47087358879353197	0.44218430284004673	0.39503692691742903	0.4968668132017397	0.44981207271102325	0.4708735887935319	0.48807965080816096	0.4421843028400468	0.47087358879353197	0.47087358879353197	0.4774021454592406	0.4182017653346837	0.7194903158388768	0.4894402613094927	0.42768194195828707	0.42768194195828707	0.4302088975026352	0.46186391981593994	0.4966450481847869	0.8854760403207687	0.35387346607637754	0.48618506662171135	0.4421843028400467	0.46328498697164316	0.6019681354568597	0.48618506662171135	0.3892774391080508	0.3718827946872756	0.3334090182029441	0.3718827946872756	0.30059737256269753	0.33340901820294383	0.37145235542824956	0.37188279468727553	0.3718827946872756	0.37188279468727564	0.15973774343308567	0.3718827946872755	0.2512741514874382	0.0	0.016177142684314926	0.37378526095022163	0.2512741514874382	0.30059737256269736	0.2947966693505413	0.3115222391429128	0.09166739797096565	0.13780020764026463	0.15289140232480777	0.09166739797096543	0.35820205906455443	0.2947966693505412	0.30059737256269753	0.37188279468727564	0.2947966693505414	0.3718827946872757	0.3296598396021839	0.3115222391429129	0.37188279468727564	0.31152223914291277	0.37188279468727575	0.3005973725626976	0.2947966693505415	0.30059737256269753	0.48981516870414	0.2299172281923615	0.37188279468727575	0.33479222694023625	0.3330140943649875	0.13780020764026474	0.31152223914291277	0.29479666935054144	0.30059737256269775	0.4708735887935322	0.47326772954842905	0.47087358879353214	0.47087358879353214	0.6019681354568596	0.44218430284004717	0.09166739797096551	0.09166739797096558	0.09166739797096543	0.4421843028400473	0.47087358879353225	0.30059737256269753	0.8070696883913908
C_WI093_18	0.37342635321198203	0.2987731756867127	0.40078628412092926	0.42791904473858866	0.4531906944159281	0.47036277901049006	0.354798970592374	0.4613026283326667	0.4703627790104903	0.44211458976113327	0.6139864240153421	0.5261796404708133	0.4703627790104903	0.47036277901049023	0.47036277901049034	0.47312738253452213	0.43262266793106574	0.4401397086419679	0.42132381625785126	0.4279190447385883	0.4421145897611332	0.46130262833266616	0.46130262833266616	0.462632243799042	0.47036277901049034	0.4708644561190172	0.46130262833266616	0.462632243799042	0.4703627790104904	0.4703627790104904	0.4626322437990419	0.47036277901049006	0.4703627790104901	0.5816290763831591	0.4882521965916317	0.5955562601051266	0.40666227802575183	0.4401397086419679	0.4421145897611334	0.47036277901049	0.45319069441592813	0.47036277901048995	0.46126781316112947	0.4612678131611295	0.4613026283326659	0.4256757614994707	0.44013970864196794	0.47036277901048984	0.4421145897611335	0.36491488277231215	0.4421145897611335	0.42567576149947084	0.45025682999796485	0.4703627790104897	0.4289287163236964	0.44013970864196805	0.44211458976113355	0.4531036797995025	0.49532624468000025	0.4703627790104896	0.5797648912083878	0.45319069441592674	0.4703627790104896	0.7154188434224008	0.4421145897611335	0.5020505615449363	0.44211458976113355	0.4703627790104896	0.44211458976113355	0.3950750587088544	0.4974851801136272	0.45025682999796485	0.4703627790104895	0.485476766907596	0.44211458976113355	0.4703627790104895	0.4703627790104895	0.47667686687910354	0.4171641036223959	0.7154188434224009	0.4887469472428243	0.42791904473858866	0.42791904473858866	0.43077985378593786	0.4613026283326655	0.4953262446799997	0.8856164688353105	0.3547989705923743	0.4853416611360257	0.4421145897611337	0.46263224379904183	0.6018364760823569	0.4853416611360258	0.3905458685552957	0.3734263532119803	0.3367071064357253	0.3734263532119802	0.3043752479357355	0.33670710643572516	0.3732558998405504	0.3734263532119802	0.37342635321198014	0.3734263532119803	0.16023886393283987	0.3734263532119802	0.2541432181618219	0.016177142684314926	0.0	0.376000289154913	0.2541432181618219	0.3043752479357354	0.29877317568671286	0.31520797632188063	0.0913785033100563	0.13660187087219638	0.1502544194549679	0.09137850331005584	0.36085292606921904	0.29877317568671263	0.30437524793573506	0.37342635321198003	0.29877317568671247	0.3734263532119801	0.33035341890789005	0.31520797632188025	0.37342635321198014	0.31520797632188025	0.3734263532119802	0.304375247935735	0.29877317568671236	0.304375247935735	0.4932030786783341	0.23218462882838553	0.37342635321198014	0.3386534957182169	0.3340002559127503	0.13660187087219508	0.3152079763218804	0.29877317568671247	0.304375247935735	0.4703627790104894	0.4727610163452719	0.4703627790104894	0.4703627790104893	0.6018364760823551	0.4421145897611337	0.09137850331005426	0.09137850331005418	0.09137850331005418	0.4421145897611337	0.47036277901048945	0.3043752479357351	0.8085989067190088
C_WI094_18	0.28950598488725604	0.2150850376123824	0.4238518656982122	0.4503043187522441	0.5381895447491127	0.5310399111782289	0.38251563340447864	0.5678677359379223	0.5310399111782291	0.4492632066583092	0.5760138719729244	0.5690465064723484	0.531039911178229	0.531039911178229	0.531039911178229	0.5346308208600045	0.533309574843805	0.4476414163963539	0.4228099201645448	0.45030431875224375	0.4492632066583091	0.5678677359379223	0.5678677359379223	0.5368890989814161	0.531039911178229	0.5314247638941281	0.5678677359379222	0.536889098981416	0.531039911178229	0.531039911178229	0.5368890989814161	0.531039911178229	0.531039911178229	0.7714665095714478	0.47792390628756265	0.8089191167139391	0.3970968143804101	0.44764141639635385	0.4492632066583092	0.5310399111782289	0.538189544749113	0.5310399111782289	0.5299035887379258	0.5299035887379259	0.5678677359379222	0.42669285984710614	0.44764141639635385	0.5310399111782289	0.4492632066583092	0.361295583164129	0.4492632066583092	0.4266928598471062	0.5129099493191683	0.531039911178229	0.4430845076094561	0.44764141639635385	0.44926320665830927	0.5375611873272662	0.5863514452960743	0.531039911178229	0.6676180093378522	0.5381895447491122	0.531039911178229	0.9268322846038994	0.4492632066583092	0.4560229083417409	0.44926320665830927	0.531039911178229	0.4492632066583092	0.3862959527076254	0.45348427581048045	0.5129099493191683	0.531039911178229	0.5060625357282746	0.4492632066583092	0.531039911178229	0.531039911178229	0.5550166399476241	0.4039382195350574	0.9268322846038998	0.5878685523653976	0.45030431875224397	0.45030431875224397	0.552612411325766	0.5678677359379223	0.586351445296074	0.9683651822830379	0.38251563340447853	0.5850550569030796	0.44926320665830927	0.5368890989814167	0.6809224117669535	0.5850550569030796	0.3265501895518141	0.2895059848872539	0.22968674751742385	0.2895059848872539	0.22715027012625807	0.22968674751742366	0.29268923232991073	0.2895059848872538	0.28950598488725376	0.2895059848872537	0.377388094289068	0.2895059848872537	0.4179202989174273	0.37378526095022163	0.376000289154913	0.0	0.41792029891742744	0.22715027012625794	0.21508503761238118	0.20035466901222856	0.3827179292826081	0.36921652173528885	0.41547766744346337	0.38271792928260806	0.24725832894240515	0.215085037612381	0.22715027012625785	0.28950598488725365	0.21508503761238082	0.2895059848872535	0.25314912238979864	0.20035466901222806	0.2895059848872535	0.200354669012228	0.2895059848872535	0.22715027012625758	0.2150850376123806	0.22715027012625771	0.3334892433278084	0.4279966616799595	0.2895059848872535	0.24796932970784194	0.25499189339761175	0.36921652173528857	0.20035466901222804	0.21508503761238054	0.22715027012625758	0.5310399111782291	0.5529707570613516	0.531039911178229	0.531039911178229	0.6809224117669523	0.44926320665830943	0.3827179292826077	0.38271792928260767	0.38271792928260767	0.44926320665830943	0.5310399111782291	0.22715027012625758	0.7303772489788551
C_WI095_18	0.38951999472353915	0.31329966995943703	0.38309778916816273	0.35333575946429924	0.4040454840763983	0.3908367533845511	0.3262639214267048	0.4440895677264785	0.3908367533845514	0.36446913497688443	0.6132881994233218	0.46280781701498813	0.3908367533845513	0.39083675338455126	0.3908367533845512	0.3935219633155527	0.40134189549371274	0.36058962986560966	0.35392821710958733	0.35333575946429874	0.3644691349768845	0.4440895677264783	0.44408956772647823	0.3911346086219973	0.39083675338455137	0.3913164876428063	0.4440895677264782	0.39113460862199717	0.3908367533845515	0.39083675338455137	0.3911346086219973	0.39083675338455126	0.39083675338455126	0.55058487166269	0.4684022202694724	0.5766679091751955	0.3656180934736418	0.3605896298656097	0.3644691349768845	0.39083675338455115	0.4040454840763986	0.39083675338455115	0.3926964518101836	0.3926964518101836	0.44408956772647806	0.36072635325329827	0.3605896298656097	0.3908367533845511	0.36446913497688455	0.26783771242640697	0.36446913497688455	0.36072635325329844	0.334086017671445	0.3908367533845511	0.3042536353262204	0.3605896298656097	0.36446913497688455	0.4069044451748619	0.4807284133496476	0.39083675338455104	0.46251115735437826	0.4040454840763974	0.39083675338455104	0.6939142060808332	0.3644691349768846	0.4583140812439157	0.3644691349768846	0.3908367533845511	0.36446913497688455	0.3508886547597819	0.45381379522900434	0.3340860176714451	0.39083675338455104	0.4868836948536744	0.3644691349768846	0.39083675338455104	0.39083675338455104	0.42758957343345516	0.3442002634398199	0.6939142060808333	0.47303982906423897	0.3533357594642991	0.35333575946429907	0.3989486369281551	0.444089567726478	0.48072841334964705	0.7868160315498844	0.32626392142670485	0.46577429283459865	0.3644691349768847	0.3911346086219978	0.5791500833383134	0.46577429283459865	0.42713662964539845	0.3895199947235372	0.32795227356157103	0.38951999472353716	0.31632160964836986	0.3279522735615707	0.40695860542624596	0.3895199947235371	0.3895199947235372	0.38951999472353727	0.22068843545315037	0.38951999472353727	8.287820485947985e-09	0.2512741514874382	0.2541432181618219	0.41792029891742744	0.0	0.3163216096483699	0.31329966995943603	0.3227285128754531	0.2605701340777648	0.26322867905884706	0.29274459374916606	0.26057013407776475	0.3688299271125603	0.3132996699594357	0.31632160964836975	0.3895199947235371	0.31329966995943564	0.38951999472353727	0.34425199954671504	0.3227285128754528	0.3895199947235372	0.3227285128754528	0.38951999472353727	0.31632160964836986	0.3132996699594356	0.3163216096483699	0.5073204542125213	0.19468142184483958	0.38951999472353727	0.3614696656169438	0.34566923152145934	0.2632286790588466	0.3227285128754528	0.31329966995943576	0.31632160964836986	0.3908367533845511	0.4207358314200834	0.39083675338455104	0.390836753384551	0.5791500833383123	0.3644691349768847	0.2605701340777646	0.26057013407776447	0.2605701340777646	0.3644691349768847	0.3908367533845511	0.3163216096483699	0.7663034337853608
C_WI096_18	0.23401822997066882	0.06921403890606216	0.42573301401785213	0.4398986438132915	0.5467752825997452	0.5363005004359684	0.37635821114884743	0.5748579527395344	0.5363005004359686	0.45970266938011645	0.5214669520808191	0.5840902295349494	0.5363005004359684	0.5363005004359684	0.5363005004359683	0.5395950113130156	0.5522382671598022	0.4520729926073001	0.4345400575460597	0.43989864381329125	0.4597026693801164	0.5748579527395346	0.5748579527395346	0.5380803436019522	0.5363005004359684	0.5369813830318437	0.5748579527395344	0.5380803436019521	0.5363005004359686	0.5363005004359686	0.5380803436019522	0.5363005004359686	0.5363005004359684	0.7736687027877382	0.47985691582631934	0.7826118410461415	0.43529643879825936	0.45207299260730005	0.4597026693801164	0.5363005004359684	0.5467752825997453	0.5363005004359684	0.5389726188803355	0.5389726188803355	0.5748579527395346	0.44705889828013085	0.45207299260730005	0.5363005004359686	0.45970266938011645	0.38461252590309336	0.4597026693801164	0.4470588982801309	0.5199287485609336	0.5363005004359686	0.4376323162160851	0.4520729926073	0.45970266938011645	0.5479013710624444	0.6139047894087513	0.5363005004359686	0.6439681579258358	0.5467752825997445	0.5363005004359686	0.9217704706859279	0.45970266938011645	0.4944455711923351	0.45970266938011645	0.5363005004359687	0.45970266938011645	0.4108663732294387	0.48111489159837234	0.5199287485609337	0.5363005004359686	0.5129846347336022	0.45970266938011645	0.5363005004359687	0.5363005004359687	0.5640953677990789	0.45492280720131706	0.9217704706859281	0.5988384622578169	0.4398986438132913	0.4398986438132913	0.5451564369341467	0.5748579527395347	0.613904789408751	0.9758548589189263	0.3763582111488473	0.5939114929449353	0.45970266938011645	0.538080343601953	0.7037939966379998	0.5939114929449353	0.27813326807566807	0.23401822997066538	0.16710292761887371	0.23401822997066532	1.4901161193847656e-08	0.16710292761887346	0.23807823917675888	0.23401822997066526	0.23401822997066526	0.23401822997066557	0.3032062256002671	0.2340182299706652	0.31632160964836986	0.30059737256269736	0.3043752479357354	0.22715027012625794	0.3163216096483699	0.0	0.06921403890605174	0.1280133930844526	0.30396415416548117	0.3169793930925453	0.33785967766753117	0.30396415416548117	0.18230614413502388	0.06921403890605134	1.4419960578482488e-08	0.23401822997066546	0.06921403890605134	0.2340182299706657	0.1890568146059159	0.12801339308445236	0.23401822997066563	0.12801339308445217	0.23401822997066568	1.3938759963117321e-08	0.06921403890605103	1.580506819158526e-08	0.32155284599402756	0.3313660948131454	0.2340182299706658	0.19549219796929634	0.18985728237022514	0.3169793930925452	0.12801339308445236	0.06921403890605163	1.666000468656264e-08	0.5363005004359688	0.5626519058586785	0.5363005004359687	0.5363005004359687	0.703793996637999	0.4597026693801167	0.30396415416548095	0.30396415416548095	0.30396415416548095	0.4597026693801167	0.5363005004359688	1.7066582506192867e-08	0.6654806200002367
C_WI097_18	0.2222509974448329	4.857184294762201e-08	0.4232318699840137	0.4375003931866276	0.5453296818653526	0.5338509572994032	0.37430506439193034	0.5720400232451337	0.5338509572994031	0.45099786206219006	0.5146574154295069	0.583630211315609	0.5338509572994031	0.533850957299403	0.5338509572994029	0.5373816594714722	0.5509016253143879	0.44935967761062334	0.43186765777678454	0.43750039318662715	0.45099786206219017	0.5720400232451338	0.5720400232451339	0.5356903220338367	0.533850957299403	0.5342808925356848	0.5720400232451338	0.5356903220338367	0.5338509572994032	0.5338509572994031	0.5356903220338367	0.5338509572994031	0.5338509572994031	0.7708619928975996	0.4784325239545887	0.7817817393836088	0.41876363114452786	0.44935967761062334	0.4509978620621901	0.5338509572994031	0.5453296818653527	0.5338509572994031	0.5361922893189276	0.5361922893189277	0.5720400232451338	0.43558353437475505	0.4493596776106233	0.5338509572994032	0.4509978620621901	0.38130141034129184	0.4509978620621901	0.43558353437475505	0.5154861443480778	0.5338509572994032	0.4345126212136707	0.4493596776106233	0.4509978620621901	0.5449464580187745	0.6112233285597412	0.5338509572994032	0.6443824534966801	0.545329681865352	0.5338509572994032	0.9202596946382867	0.4509978620621901	0.4842245925437994	0.4509978620621901	0.5338509572994032	0.4509978620621901	0.408519487915572	0.4793838826558086	0.5154861443480778	0.5338509572994032	0.5100020832170036	0.4509978620621901	0.5338509572994032	0.5338509572994032	0.5636718456438484	0.4366385801254418	0.920259694638287	0.5961032785855565	0.43750039318662737	0.43750039318662737	0.5438868903583669	0.5720400232451341	0.6112233285597409	0.9734279200423767	0.3743050643919304	0.591188189611148	0.45099786206219017	0.5356903220338376	0.7012092174135736	0.591188189611148	0.26788476057548405	0.2222509974448292	0.14474535978887249	0.22225099744482915	0.06921403890605153	0.14474535978887187	0.23096783279547292	0.2222509974448291	0.22225099744482912	0.2222509974448293	0.3029712350776336	0.222250997444829	0.31329966995943587	0.2947966693505413	0.29877317568671286	0.21508503761238118	0.31329966995943603	0.06921403890605174	0.0	0.10194782644254337	0.30556365690014603	0.31308384561524166	0.3384232392676677	0.30556365690014603	0.16651280047097544	1.1158557208095807e-08	0.06921403890605103	0.22225099744482915	1.1780402288468106e-08	0.2222509974448293	0.172411505684882	0.10194782644254316	0.22225099744482923	0.10194782644254309	0.22225099744482937	0.06921403890605174	1.4901161193847656e-08	0.06921403890605134	0.3097952676673411	0.3278550395060893	0.22225099744482943	0.17898831908435214	0.17322793638616835	0.3130838456152417	0.10194782644254309	1.3421772051438123e-08	0.06921403890605184	0.5338509572994034	0.5592908971717957	0.5338509572994034	0.5338509572994034	0.7012092174135729	0.45099786206219045	0.3055636569001459	0.3055636569001459	0.305563656900146	0.45099786206219045	0.5338509572994035	0.06921403890605143	0.6656359764634043
C_WI098_18	0.21546890275503064	0.10194782644255317	0.4318558591119297	0.44304989995988864	0.5492455162580328	0.5350797314882321	0.38439652543238	0.573640421865571	0.535079731488232	0.44431459524372774	0.5072986096296117	0.5863165619932681	0.535079731488232	0.535079731488232	0.5350797314882318	0.5388346863261079	0.5551034925123843	0.44286458198832623	0.42047642554267717	0.4430498999598885	0.4443145952437278	0.5736404218655713	0.5736404218655712	0.5377664583438685	0.5350797314882318	0.5353739098069465	0.5736404218655711	0.5377664583438685	0.535079731488232	0.535079731488232	0.5377664583438685	0.535079731488232	0.5350797314882321	0.7690153341222576	0.48674132268571557	0.7831812889556903	0.39678254473301694	0.44286458198832607	0.44431459524372774	0.535079731488232	0.5492455162580328	0.535079731488232	0.5380050503944668	0.5380050503944668	0.5736404218655712	0.424006605640079	0.44286458198832607	0.5350797314882321	0.4443145952437278	0.35294459480347123	0.44431459524372774	0.4240066056400791	0.5139006489050317	0.5350797314882322	0.4252977340253002	0.44286458198832607	0.44431459524372774	0.548435959586587	0.6112867690561762	0.5350797314882322	0.6506737889946053	0.5492455162580321	0.5350797314882321	0.9226125026151485	0.44431459524372774	0.47419079848945894	0.4443145952437278	0.5350797314882322	0.4443145952437278	0.386342249955982	0.4686309441122251	0.513900648905032	0.5350797314882322	0.5135262479906054	0.44431459524372774	0.5350797314882322	0.5350797314882322	0.5691814801151129	0.41224588519117655	0.9226125026151488	0.5978848848680783	0.4430498999598886	0.4430498999598886	0.5481535012991055	0.5736404218655714	0.6112867690561761	0.9713339630246838	0.38439652543237973	0.5929713952981441	0.4443145952437278	0.5377664583438693	0.7024434007600066	0.5929713952981441	0.2614069850852806	0.2154689027550265	0.10465330634963008	0.2154689027550267	0.12801339308445217	0.10465330634962955	0.22565271041149024	0.2154689027550265	0.2154689027550266	0.21546890275502678	0.3141795183581185	0.2154689027550265	0.32272851287545296	0.3115222391429128	0.31520797632188063	0.20035466901222856	0.3227285128754531	0.1280133930844526	0.10194782644254337	0.0	0.3192864005889828	0.31562551578451165	0.35621984625516245	0.3192864005889827	0.1470323161337488	0.10194782644254337	0.12801339308445228	0.21546890275502667	0.1019478264425437	0.21546890275502684	0.15295443471622738	1.4419960578482488e-08	0.21546890275502706	1.2904784139758924e-08	0.21546890275502698	0.1280133930844527	0.10194782644254398	0.1280133930844528	0.3012259203443262	0.3438564526151751	0.2154689027550271	0.15082731353559703	0.15481192625443174	0.3156255157845117	1.580506819158526e-08	0.10194782644254419	0.1280133930844527	0.5350797314882324	0.5600837754788213	0.5350797314882324	0.5350797314882324	0.7024434007600059	0.44431459524372807	0.3192864005889826	0.3192864005889826	0.3192864005889826	0.44431459524372807	0.5350797314882325	0.1280133930844527	0.672854290937068
C_WI099_18	0.3776301386365557	0.30556365690014886	0.4055236236351666	0.4328928428830058	0.47136587336925106	0.4808325394168511	0.36001926231534326	0.46603167022533976	0.4808325394168509	0.45263317682573506	0.6145090711295343	0.5341780086215712	0.4808325394168509	0.480832539416851	0.48083253941685083	0.48364291559255773	0.43812141647680647	0.44497642222078626	0.42614649533030696	0.43289284288300556	0.45263317682573506	0.4660316702253401	0.46603167022534	0.4670875382660123	0.48083253941685083	0.475425956246589	0.4660316702253399	0.46708753826601224	0.48083253941685095	0.480832539416851	0.46708753826601246	0.480832539416851	0.480832539416851	0.586531194536944	0.49277060144047197	0.5975919607472172	0.42369569058911327	0.44497642222078615	0.45263317682573495	0.480832539416851	0.4713658733692511	0.480832539416851	0.4659146512052002	0.46591465120520026	0.4660316702253401	0.4387243876768966	0.44497642222078604	0.4808325394168511	0.45263317682573495	0.3736086455902009	0.45263317682573495	0.4387243876768966	0.46424354498495346	0.4808325394168512	0.43458580322464613	0.44497642222078604	0.45263317682573495	0.4579687549391356	0.49945230025550086	0.4808325394168512	0.590011156654231	0.4713658733692505	0.4808325394168512	0.7208994954556811	0.45263317682573495	0.5164729736528035	0.45263317682573495	0.48083253941685133	0.45263317682573495	0.3989124240259909	0.5022966576794383	0.4642435449849536	0.48083253941685133	0.4892578973090277	0.45263317682573495	0.4808325394168514	0.48083253941685145	0.4931941184569424	0.44499522219404064	0.7208994954556815	0.4924345641058737	0.43289284288300556	0.43289284288300556	0.436014275963052	0.4660316702253406	0.4994523002555006	0.8896732227526821	0.36001926231534315	0.4897546151303973	0.45263317682573484	0.46708753826601357	0.6062788972197105	0.4897546151303973	0.3919136100807231	0.37763013863655337	0.3381436348757656	0.37763013863655337	0.3039641541654812	0.33814363487576526	0.3806551623511786	0.37763013863655337	0.37763013863655337	0.3776301386365535	0.18684834373452922	0.37763013863655337	0.2605701340777647	0.09166739797096565	0.0913785033100563	0.3827179292826081	0.2605701340777648	0.30396415416548117	0.30556365690014603	0.3192864005889828	0.0	0.16739868327798899	0.12920007605472741	1.0536712127723509e-08	0.3652434617659421	0.30556365690014614	0.3039641541654812	0.3776301386365536	0.30556365690014614	0.3776301386365536	0.3345522709926866	0.31928640058898283	0.3776301386365535	0.31928640058898283	0.3776301386365536	0.3039641541654815	0.3055636569001464	0.30396415416548145	0.49486410929867963	0.2274387749293638	0.37763013863655376	0.33896908696745026	0.3377769192901469	0.16739868327798924	0.3192864005889829	0.30556365690014653	0.30396415416548167	0.48083253941685167	0.47765987047830205	0.48083253941685167	0.4808325394168516	0.6062788972197104	0.45263317682573545	1.4901161193847656e-08	1.3421772051438123e-08	1.3938759963117321e-08	0.4526331768257355	0.48083253941685167	0.3039641541654814	0.8151825089198983
C_WI100_18	0.37801516214101183	0.31308384561524594	0.4051936017750418	0.43144610704571273	0.4286469734803678	0.4612974834447814	0.3625014663585314	0.46349781393935924	0.4612974834447813	0.43447775516515824	0.6193769717559512	0.5181665996334502	0.46129748344478133	0.4612974834447813	0.4612974834447812	0.4637872910067583	0.4337995756455412	0.4326678161686892	0.4090610719591725	0.4314461070457125	0.4344777551651583	0.46349781393935946	0.46349781393935935	0.4645252042410835	0.4612974834447813	0.4619543154951154	0.4634978139393592	0.4645252042410835	0.4612974834447814	0.4612974834447814	0.46452520424108373	0.4612974834447814	0.4612974834447814	0.5794565807619606	0.4936668548788336	0.5963874771644156	0.3845633111729222	0.4326678161686892	0.4344777551651583	0.4612974834447814	0.4286469734803675	0.46129748344478144	0.4470069355220677	0.4470069355220678	0.4634978139393595	0.41332810821048643	0.43266781616868916	0.4612974834447815	0.4344777551651583	0.32557163452354915	0.4344777551651583	0.4133281082104865	0.4344567641116905	0.46129748344478155	0.41493620376272017	0.43266781616868916	0.4344777551651583	0.4287083965381125	0.49628172065826953	0.4612974834447816	0.5687895150295743	0.4286469734803668	0.46129748344478155	0.7131034527303172	0.4344777551651583	0.48603475067491186	0.4344777551651583	0.4612974834447817	0.43447775516515835	0.3724495193552133	0.48028601488372774	0.4344567641116907	0.46129748344478166	0.49058246247504483	0.43447775516515835	0.4612974834447817	0.4612974834447817	0.4536783593822437	0.38094348166458464	0.7131034527303176	0.4910470262925592	0.43144610704571257	0.43144610704571257	0.4314488060263626	0.46349781393935985	0.49628172065826937	0.8816748526941711	0.3625014663585312	0.48707663719460365	0.4344777551651583	0.4645252042410848	0.602169548997145	0.48707663719460365	0.40048965461576885	0.3780151621410093	0.3400873650586039	0.3780151621410093	0.31697939309254525	0.34008736505860354	0.37144956391349054	0.37801516214100916	0.37801516214100916	0.3780151621410093	0.14879845743757236	0.37801516214100916	0.26322867905884695	0.13780020764026463	0.13660187087219638	0.36921652173528885	0.26322867905884706	0.3169793930925453	0.31308384561524166	0.31562551578451165	0.16739868327798899	0.0	0.20918952198040272	0.1673986832779889	0.36477588396449984	0.3130838456152418	0.3169793930925454	0.3780151621410095	0.3130838456152418	0.3780151621410095	0.3383995290546066	0.3156255157845119	0.3780151621410095	0.3156255157845118	0.3780151621410096	0.3169793930925457	0.31308384561524205	0.3169793930925456	0.49780156564320355	0.2901469558105104	0.3780151621410096	0.35122051961376205	0.34259999724966744	1.1780402288468106e-08	0.315625515784512	0.31308384561524205	0.3169793930925457	0.46129748344478194	0.4736888840151084	0.46129748344478183	0.46129748344478194	0.6021695489971449	0.4344777551651586	0.16739868327798899	0.16739868327798899	0.16739868327798899	0.43447775516515863	0.46129748344478205	0.31697939309254547	0.804749860277418
C_WI101_18	0.40465379599145057	0.33842323926766543	0.404785845185342	0.4649250751694436	0.5000600804171711	0.5069820131821875	0.39918654156007655	0.4986487678330659	0.5069820131821883	0.48165218959104134	0.6104449545666938	0.5599516418809043	0.5069820131821878	0.5069820131821878	0.506982013182188	0.5100627085879874	0.46621312620599487	0.475402470628785	0.4592206550431131	0.46492507516944304	0.48165218959104145	0.4986487678330645	0.4986487678330646	0.49587990826004447	0.5069820131821882	0.5033209402986956	0.49864876783306455	0.4958799082600444	0.506982013182188	0.5069820131821878	0.4958799082600443	0.5069820131821875	0.5069820131821875	0.6298065599592834	0.5379505011362082	0.6408255687298817	0.45719647985601974	0.47540247062878505	0.4816521895910416	0.5069820131821873	0.5000600804171713	0.5069820131821873	0.49470779077505483	0.49470779077505483	0.4986487678330639	0.4701817590269573	0.47540247062878516	0.5069820131821869	0.48165218959104183	0.411171445212697	0.4816521895910417	0.4701817590269576	0.49058788047659585	0.5069820131821868	0.4655901566172977	0.4754024706287852	0.48165218959104183	0.48964171473071916	0.5343308991656697	0.5069820131821867	0.6159193919982967	0.5000600804171697	0.5069820131821867	0.713770445536134	0.4816521895910419	0.5539023711587503	0.48165218959104195	0.5069820131821867	0.4816521895910419	0.4344922222460951	0.543085106312752	0.4905878804765958	0.5069820131821866	0.48634511296138533	0.4816521895910419	0.5069820131821865	0.5069820131821865	0.5221036297521473	0.4414560528903197	0.7137704455361338	0.5250551805133511	0.46492507516944365	0.46492507516944365	0.4616817117711735	0.49864876783306317	0.534330899165669	0.9064614597393843	0.39918654156007677	0.5229611202167869	0.4816521895910421	0.4958799082600435	0.6261860016018868	0.5229611202167869	0.4142431228492149	0.40465379599144946	0.3714372599250094	0.40465379599144946	0.3378596776675314	0.3714372599250093	0.4072373431475511	0.4046537959914493	0.40465379599144924	0.40465379599144924	0.22576780165952853	0.40465379599144935	0.292744593749166	0.15289140232480777	0.1502544194549679	0.41547766744346337	0.29274459374916606	0.33785967766753117	0.3384232392676677	0.35621984625516245	0.12920007605472741	0.20918952198040272	0.0	0.129200076054727	0.3981310714358297	0.33842323926766743	0.3378596776675308	0.40465379599144896	0.33842323926766726	0.40465379599144913	0.3163840072759062	0.35621984625516184	0.40465379599144913	0.35621984625516184	0.4046537959914493	0.3378596776675306	0.3384232392676671	0.33785967766753083	0.5041323257207602	0.2623863280486927	0.4046537959914491	0.3689926918133426	0.3191356424137911	0.20918952198040094	0.3562198462551622	0.33842323926766743	0.33785967766753067	0.5069820131821863	0.490917097945253	0.5069820131821863	0.506982013182186	0.6261860016018842	0.481652189591042	0.12920007605472505	0.12920007605472483	0.12920007605472483	0.4816521895910419	0.5069820131821863	0.33785967766753083	0.814423095943403
C_WI102_18	0.3776301386365557	0.3055636569001488	0.40552362363516653	0.4328928428830057	0.4713658733692511	0.4808325394168511	0.3600192623153432	0.46603167022533964	0.48083253941685083	0.45263317682573506	0.6145090711295343	0.5341780086215712	0.4808325394168509	0.480832539416851	0.4808325394168508	0.4836429155925581	0.4381214164768063	0.4449764222207862	0.42614649533030696	0.43289284288300556	0.45263317682573506	0.4660316702253401	0.46603167022534	0.4670875382660123	0.4808325394168508	0.47542595624658934	0.46603167022533987	0.46708753826601224	0.4808325394168509	0.48083253941685095	0.4670875382660124	0.48083253941685095	0.4808325394168509	0.5865311945369441	0.4927706014404719	0.5975919607472171	0.42369569058911316	0.44497642222078604	0.45263317682573495	0.48083253941685095	0.4713658733692511	0.48083253941685095	0.4659146512052001	0.46591465120520015	0.4660316702253401	0.4387243876768966	0.44497642222078604	0.4808325394168511	0.45263317682573495	0.373608645590201	0.4526331768257349	0.43872438767689664	0.4642435449849534	0.4808325394168512	0.4345858032246461	0.444976422220786	0.4526331768257349	0.4579687549391356	0.49945230025550086	0.4808325394168513	0.590011156654231	0.4713658733692505	0.48083253941685117	0.7208994954556811	0.4526331768257349	0.5164729736528034	0.45263317682573484	0.48083253941685133	0.45263317682573495	0.3989124240259908	0.5022966576794383	0.46424354498495357	0.48083253941685133	0.4892578973090276	0.45263317682573495	0.4808325394168514	0.48083253941685133	0.4931941184569422	0.4449952221940407	0.7208994954556815	0.4924345641058736	0.4328928428830056	0.4328928428830056	0.43601427596305203	0.4660316702253406	0.4994523002555006	0.8896732227526821	0.3600192623153432	0.4897546151303973	0.45263317682573484	0.4670875382660135	0.6062788972197104	0.4897546151303973	0.39191361008072306	0.3776301386365533	0.3381436348757654	0.3776301386365533	0.3039641541654811	0.3381436348757652	0.38065516235117836	0.37763013863655326	0.3776301386365533	0.3776301386365533	0.18684834373452916	0.37763013863655326	0.2605701340777646	0.09166739797096543	0.09137850331005584	0.38271792928260806	0.26057013407776475	0.30396415416548117	0.30556365690014603	0.3192864005889827	1.0536712127723509e-08	0.1673986832779889	0.129200076054727	0.0	0.36524346176594213	0.30556365690014603	0.3039641541654812	0.37763013863655354	0.3055636569001462	0.3776301386365536	0.3345522709926869	0.31928640058898294	0.3776301386365536	0.31928640058898283	0.3776301386365536	0.30396415416548145	0.3055636569001464	0.30396415416548145	0.49486410929867963	0.22743877492936396	0.3776301386365537	0.3389690869674502	0.33777691929014664	0.16739868327798915	0.3192864005889829	0.3055636569001464	0.30396415416548156	0.4808325394168516	0.47765987047830216	0.48083253941685156	0.4808325394168516	0.6062788972197104	0.45263317682573534	1.3938759963117321e-08	1.3938759963117321e-08	1.3421772051438123e-08	0.45263317682573545	0.48083253941685167	0.3039641541654814	0.8151825089198983
C_WI103_18	0.26878637120806936	0.16651280047097627	0.47224543558953586	0.480841096984577	0.5839643597305245	0.567565634297435	0.42719157267110747	0.6071704660919317	0.5675656342974349	0.48132131953150714	0.5521676630888317	0.6168898215260383	0.5675656342974349	0.5675656342974349	0.5675656342974348	0.5712344394580273	0.5923850954444569	0.4802768861116846	0.4611557405799079	0.4808410969845766	0.4813213195315072	0.6071704660919316	0.6071704660919316	0.5700464721203055	0.5675656342974349	0.5680036739913626	0.6071704660919315	0.5700464721203053	0.567565634297435	0.5675656342974349	0.5700464721203053	0.5675656342974348	0.5675656342974348	0.8067341941988908	0.4987596999897954	0.8112255435655895	0.4408354529252729	0.4802768861116847	0.48132131953150725	0.5675656342974347	0.5839643597305247	0.5675656342974347	0.5710648085687403	0.5710648085687404	0.6071704660919315	0.46426820470759095	0.4802768861116847	0.5675656342974347	0.48132131953150736	0.39805920760099867	0.4813213195315073	0.46426820470759106	0.5474514095125015	0.5675656342974347	0.463623372812575	0.4802768861116847	0.48132131953150736	0.5829453471603855	0.6433147943102727	0.5675656342974347	0.6810188931655343	0.583964359730524	0.5675656342974347	0.9608791702664676	0.48132131953150736	0.48717939936906474	0.48132131953150736	0.5675656342974348	0.48132131953150736	0.43126324029746343	0.48258485913971977	0.5474514095125016	0.5675656342974348	0.5513933335523419	0.48132131953150736	0.5675656342974348	0.5675656342974348	0.585254192200892	0.4533251690947804	0.960879170266468	0.6305327979812734	0.48084109698457694	0.48084109698457694	0.5611485657784381	0.6071704660919315	0.6433147943102725	0.9878039873615451	0.4271915726711075	0.6083156023435721	0.4813213195315075	0.5700464721203058	0.723787444135723	0.6083156023435721	0.30008241877016045	0.2687863712080669	0.1787549427403311	0.26878637120806703	0.18230614413502388	0.1787549427403311	0.2770900060709171	0.26878637120806714	0.26878637120806703	0.26878637120806714	0.3606397626790086	0.26878637120806725	0.36882992711256024	0.35820205906455443	0.36085292606921904	0.24725832894240515	0.3688299271125603	0.18230614413502388	0.16651280047097544	0.1470323161337488	0.3652434617659421	0.36477588396449984	0.3981310714358297	0.36524346176594213	0.0	0.16651280047097486	0.18230614413502344	0.2687863712080669	0.16651280047097478	0.2687863712080669	0.21267947129785644	0.14703231613374781	0.26878637120806703	0.14703231613374781	0.268786371208067	0.18230614413502313	0.16651280047097433	0.18230614413502313	0.31456689334070037	0.3834150802755812	0.268786371208067	0.19761804322207566	0.21460701734354182	0.3647758839644994	0.14703231613374787	0.16651280047097453	0.18230614413502294	0.5675656342974348	0.5930885684617356	0.5675656342974348	0.5675656342974347	0.723787444135722	0.4813213195315076	0.36524346176594163	0.36524346176594163	0.3652434617659416	0.48132131953150753	0.5675656342974348	0.18230614413502313	0.682604625332234
C_WI107_18	0.2222509974448329	4.81411444461734e-08	0.4232318699840136	0.4375003931866277	0.5453296818653528	0.5338509572994031	0.3743050643919304	0.5720400232451337	0.533850957299403	0.45099786206219006	0.5146574154295069	0.583630211315609	0.533850957299403	0.5338509572994029	0.5338509572994029	0.5373816594714731	0.5509016253143877	0.44935967761062323	0.4318676577767844	0.43750039318662737	0.4509978620621901	0.5720400232451337	0.5720400232451337	0.5356903220338366	0.533850957299403	0.5342808925356853	0.5720400232451337	0.5356903220338365	0.533850957299403	0.533850957299403	0.5356903220338365	0.533850957299403	0.533850957299403	0.7708619928975997	0.47843252395458863	0.7817817393836088	0.4187636311445276	0.4493596776106231	0.4509978620621901	0.533850957299403	0.5453296818653528	0.533850957299403	0.5361922893189274	0.5361922893189274	0.5720400232451338	0.435583534374755	0.44935967761062307	0.533850957299403	0.45099786206219006	0.3813014103412919	0.45099786206219006	0.43558353437475505	0.5154861443480777	0.5338509572994031	0.43451262121367057	0.44935967761062307	0.45099786206219006	0.5449464580187745	0.6112233285597413	0.5338509572994032	0.6443824534966801	0.5453296818653521	0.5338509572994031	0.9202596946382867	0.45099786206219006	0.4842245925437992	0.4509978620621901	0.5338509572994032	0.4509978620621901	0.4085194879155718	0.4793838826558087	0.5154861443480778	0.5338509572994032	0.5100020832170036	0.45099786206219006	0.5338509572994032	0.5338509572994032	0.5636718456438479	0.4366385801254418	0.920259694638287	0.5961032785855562	0.4375003931866274	0.4375003931866274	0.543886890358367	0.572040023245134	0.611223328559741	0.9734279200423767	0.3743050643919304	0.591188189611148	0.4509978620621901	0.5356903220338375	0.7012092174135734	0.591188189611148	0.26788476057548405	0.2222509974448292	0.14474535978887132	0.2222509974448292	0.06921403890605113	0.1447453597888708	0.23096783279547203	0.22225099744482915	0.22225099744482915	0.2222509974448293	0.3029712350776336	0.22225099744482904	0.3132996699594356	0.2947966693505412	0.29877317568671263	0.215085037612381	0.3132996699594357	0.06921403890605134	1.1158557208095807e-08	0.10194782644254337	0.30556365690014614	0.3130838456152418	0.33842323926766743	0.30556365690014603	0.16651280047097486	0.0	0.06921403890605084	0.22225099744482915	7.450580596923828e-09	0.22225099744482923	0.17241150568488395	0.10194782644254288	0.22225099744482923	0.10194782644254269	0.22225099744482932	0.06921403890605093	1.1780402288468106e-08	0.06921403890605103	0.3097952676673409	0.3278550395060896	0.22225099744482943	0.178988319084352	0.17322793638616707	0.31308384561524155	0.10194782644254283	1.2342593214113514e-08	0.06921403890605103	0.5338509572994032	0.5592908971717959	0.5338509572994032	0.5338509572994032	0.7012092174135729	0.45099786206219034	0.3055636569001459	0.3055636569001459	0.30556365690014586	0.4509978620621904	0.5338509572994034	0.06921403890605103	0.6656359764634043
C_WI109_18	0.23401822997066893	0.06921403890606036	0.4257330140178521	0.43989864381329175	0.5467752825997455	0.5363005004359686	0.3763582111488476	0.5748579527395346	0.5363005004359686	0.45970266938011645	0.5214669520808188	0.5840902295349494	0.5363005004359684	0.5363005004359684	0.5363005004359684	0.5395950113130165	0.552238267159802	0.45207299260730005	0.4345400575460596	0.43989864381329147	0.45970266938011645	0.5748579527395346	0.5748579527395346	0.5380803436019521	0.5363005004359686	0.5369813830318445	0.5748579527395344	0.5380803436019521	0.5363005004359686	0.5363005004359686	0.5380803436019521	0.5363005004359686	0.5363005004359686	0.7736687027877384	0.4798569158263193	0.7826118410461415	0.4352964387982592	0.45207299260730005	0.45970266938011645	0.5363005004359686	0.5467752825997456	0.5363005004359686	0.5389726188803353	0.5389726188803354	0.5748579527395346	0.44705889828013096	0.45207299260730005	0.5363005004359686	0.4597026693801165	0.3846125259030937	0.4597026693801165	0.44705889828013107	0.5199287485609336	0.5363005004359687	0.4376323162160851	0.45207299260730005	0.4597026693801165	0.5479013710624445	0.6139047894087515	0.5363005004359687	0.6439681579258358	0.546775282599745	0.5363005004359686	0.921770470685928	0.4597026693801165	0.49444557119233495	0.45970266938011656	0.5363005004359687	0.4597026693801165	0.4108663732294387	0.4811148915983728	0.5199287485609336	0.5363005004359687	0.5129846347336023	0.4597026693801165	0.5363005004359687	0.5363005004359687	0.5640953677990784	0.4549228072013171	0.9217704706859283	0.5988384622578168	0.4398986438132916	0.4398986438132916	0.5451564369341471	0.5748579527395347	0.6139047894087513	0.9758548589189264	0.37635821114884754	0.5939114929449354	0.4597026693801165	0.5380803436019528	0.7037939966379999	0.5939114929449354	0.27813326807566807	0.23401822997066546	0.16710292761887308	0.23401822997066543	1.4419960578482488e-08	0.16710292761887272	0.23807823917675808	0.23401822997066543	0.23401822997066532	0.23401822997066554	0.3032062256002671	0.23401822997066535	0.31632160964836964	0.30059737256269753	0.30437524793573506	0.22715027012625785	0.31632160964836975	1.4419960578482488e-08	0.06921403890605103	0.12801339308445228	0.3039641541654812	0.3169793930925454	0.3378596776675308	0.3039641541654812	0.18230614413502344	0.06921403890605084	0.0	0.23401822997066557	0.06921403890605143	0.2340182299706657	0.18905681460591808	0.12801339308445228	0.23401822997066576	0.12801339308445212	0.23401822997066568	1.4419960578482488e-08	0.06921403890605124	1.623253643907395e-08	0.3215528459940275	0.33136609481314566	0.23401822997066574	0.19549219796929646	0.18985728237022412	0.31697939309254536	0.12801339308445236	0.06921403890605153	1.4901161193847656e-08	0.5363005004359688	0.562651905858679	0.5363005004359687	0.5363005004359687	0.7037939966379992	0.4597026693801168	0.30396415416548117	0.3039641541654811	0.30396415416548117	0.45970266938011684	0.5363005004359688	1.580506819158526e-08	0.6654806200002366
C_WI111_18	4.407822924181533e-08	0.22225099744483212	0.46068867557198223	0.4270875383144814	0.567996128136554	0.5587895464274292	0.4224550369748752	0.5920592541370902	0.5587895464274292	0.42891096637320864	0.5396490720431512	0.6163642821178187	0.5587895464274291	0.5587895464274292	0.5587895464274291	0.5638831678433058	0.5838289658683253	0.427507369031208	0.4234644798746973	0.4270875383144812	0.42891096637320864	0.5920592541370903	0.5920592541370903	0.5602309927985992	0.5587895464274292	0.5590354024298594	0.5920592541370902	0.5602309927985991	0.5587895464274293	0.5587895464274293	0.5602309927985992	0.5587895464274292	0.5587895464274292	0.7812235873071922	0.5209159421055101	0.7943933615276024	0.43127883767968395	0.427507369031208	0.42891096637320864	0.5587895464274292	0.5679961281365542	0.5587895464274292	0.5597842210160792	0.5597842210160793	0.5920592541370903	0.4266468521336803	0.427507369031208	0.5587895464274293	0.42891096637320864	0.40097635407944043	0.42891096637320864	0.42664685213368037	0.5299776430287965	0.5587895464274293	0.40619916912691	0.4275073690312079	0.42891096637320864	0.5675746934385713	0.6259784521562072	0.5587895464274294	0.7095295637218882	0.5679961281365535	0.5587895464274293	0.9341185876533102	0.4289109663732087	0.5077808936358058	0.42891096637320864	0.5587895464274294	0.42891096637320864	0.4224782375214511	0.5034236986563295	0.5299776430287966	0.5587895464274294	0.5365450831130918	0.42891096637320864	0.5587895464274294	0.5587895464274294	0.586639285708026	0.449066537661031	0.9341185876533107	0.6135324963326174	0.42708753831448126	0.42708753831448126	0.5773602530960102	0.5920592541370906	0.625978452156207	1.0748935743874957	0.42245503697487524	0.609558736426232	0.42891096637320864	0.5602309927986	0.7112069027441212	0.609558736426232	0.16744853109156896	1.578058294020515e-08	0.20258746206914657	1.4901161193847656e-08	0.23401822997066546	0.2025874620691463	0.18134529978805555	1.4901161193847656e-08	1.4901161193847656e-08	1.578058294020515e-08	0.3611359427804946	1.4901161193847656e-08	0.38951999472353704	0.37188279468727564	0.37342635321198003	0.28950598488725365	0.3895199947235371	0.23401822997066546	0.22225099744482915	0.21546890275502667	0.3776301386365536	0.3780151621410095	0.40465379599144896	0.37763013863655354	0.2687863712080669	0.22225099744482915	0.23401822997066557	0.0	0.2222509974448291	1.0536712127723509e-08	0.252695680922456	0.21546890275502656	1.390297266680329e-08	0.2154689027550266	8.993646362323668e-09	0.23401822997066565	0.22225099744482935	0.23401822997066576	0.2529530743222993	0.4110326304191712	1.390297266680329e-08	0.26773155014002137	0.25524026129690536	0.3780151621410093	0.21546890275502673	0.2222509974448295	0.23401822997066568	0.5587895464274294	0.5825614571823113	0.5587895464274294	0.5587895464274294	0.7112069027441209	0.42891096637320886	0.3776301386365534	0.3776301386365535	0.3776301386365535	0.4289109663732088	0.5587895464274295	0.23401822997066568	0.7071608057240846
C_WI114_18	0.2222509974448329	4.81411444461734e-08	0.4232318699840135	0.43750039318662776	0.5453296818653529	0.5338509572994031	0.37430506439193045	0.5720400232451337	0.533850957299403	0.45099786206219006	0.5146574154295069	0.5836302113156089	0.533850957299403	0.533850957299403	0.5338509572994028	0.5373816594714735	0.5509016253143876	0.4493596776106232	0.43186765777678426	0.4375003931866273	0.4509978620621901	0.5720400232451337	0.5720400232451337	0.5356903220338365	0.5338509572994029	0.5342808925356858	0.5720400232451337	0.5356903220338364	0.533850957299403	0.533850957299403	0.5356903220338365	0.533850957299403	0.533850957299403	0.7708619928975997	0.4784325239545886	0.7817817393836088	0.4187636311445274	0.4493596776106231	0.4509978620621901	0.5338509572994029	0.5453296818653529	0.5338509572994029	0.5361922893189272	0.5361922893189273	0.5720400232451338	0.43558353437475505	0.449359677610623	0.533850957299403	0.45099786206219006	0.3813014103412921	0.45099786206219006	0.43558353437475505	0.5154861443480776	0.5338509572994031	0.43451262121367046	0.449359677610623	0.45099786206219006	0.5449464580187745	0.6112233285597413	0.5338509572994031	0.6443824534966801	0.5453296818653522	0.5338509572994031	0.9202596946382867	0.45099786206219006	0.48422459254379907	0.45099786206219006	0.5338509572994032	0.4509978620621901	0.40851948791557174	0.4793838826558089	0.5154861443480777	0.5338509572994032	0.5100020832170035	0.45099786206219006	0.5338509572994032	0.5338509572994032	0.5636718456438476	0.4366385801254419	0.920259694638287	0.596103278585556	0.4375003931866274	0.4375003931866275	0.5438868903583671	0.572040023245134	0.611223328559741	0.9734279200423767	0.3743050643919305	0.591188189611148	0.4509978620621901	0.5356903220338374	0.7012092174135734	0.5911881896111482	0.2678847605754837	0.2222509974448293	0.14474535978887104	0.22225099744482923	0.06921403890605113	0.1447453597888704	0.23096783279547167	0.2222509974448292	0.2222509974448292	0.2222509974448293	0.3029712350776337	0.22225099744482907	0.31329966995943553	0.2947966693505414	0.29877317568671247	0.21508503761238082	0.31329966995943564	0.06921403890605134	1.1780402288468106e-08	0.1019478264425437	0.30556365690014614	0.3130838456152418	0.33842323926766726	0.3055636569001462	0.16651280047097478	7.450580596923828e-09	0.06921403890605143	0.2222509974448291	0.0	0.2222509974448292	0.17241150568488517	0.10194782644254302	0.22225099744482918	0.10194782644254288	0.2222509974448293	0.06921403890605093	1.2904784139758924e-08	0.06921403890605103	0.30979526766734083	0.3278550395060896	0.22225099744482943	0.17898831908435198	0.17322793638616657	0.3130838456152416	0.10194782644254302	1.2342593214113514e-08	0.06921403890605103	0.5338509572994032	0.559290897171796	0.5338509572994032	0.5338509572994032	0.7012092174135729	0.45099786206219034	0.3055636569001459	0.305563656900146	0.3055636569001459	0.4509978620621904	0.5338509572994032	0.06921403890605124	0.6656359764634043
C_WI118_18	4.407822924181533e-08	0.22225099744483243	0.4606886755719823	0.42708753831448143	0.567996128136554	0.5587895464274292	0.42245503697487524	0.5920592541370902	0.5587895464274292	0.4289109663732087	0.5396490720431512	0.6163642821178188	0.5587895464274293	0.5587895464274293	0.5587895464274291	0.5638831678433055	0.5838289658683253	0.4275073690312082	0.4234644798746974	0.4270875383144811	0.42891096637320864	0.5920592541370903	0.5920592541370903	0.5602309927985993	0.5587895464274292	0.5590354024298593	0.5920592541370903	0.5602309927985992	0.5587895464274294	0.5587895464274293	0.5602309927985993	0.5587895464274293	0.5587895464274293	0.781223587307192	0.5209159421055102	0.7943933615276025	0.43127883767968406	0.42750736903120806	0.4289109663732087	0.5587895464274293	0.5679961281365542	0.5587895464274293	0.5597842210160793	0.5597842210160794	0.5920592541370903	0.42664685213368037	0.42750736903120806	0.5587895464274293	0.42891096637320875	0.40097635407944043	0.4289109663732087	0.42664685213368037	0.5299776430287965	0.5587895464274294	0.4061991691269101	0.427507369031208	0.4289109663732087	0.5675746934385713	0.6259784521562071	0.5587895464274294	0.7095295637218884	0.5679961281365535	0.5587895464274294	0.9341185876533104	0.4289109663732087	0.5077808936358059	0.42891096637320875	0.5587895464274294	0.4289109663732087	0.4224782375214512	0.5034236986563295	0.5299776430287966	0.5587895464274294	0.5365450831130919	0.42891096637320875	0.5587895464274295	0.5587895464274295	0.5866392857080263	0.449066537661031	0.9341185876533107	0.6135324963326175	0.42708753831448126	0.42708753831448126	0.5773602530960102	0.5920592541370906	0.6259784521562068	1.0748935743874957	0.4224550369748753	0.6095587364262319	0.42891096637320875	0.5602309927986001	0.7112069027441212	0.609558736426232	0.1674485310915688	1.666000468656264e-08	0.2025874620691469	1.666000468656264e-08	0.2340182299706656	0.20258746206914652	0.18134529978805586	1.666000468656264e-08	1.4901161193847656e-08	1.666000468656264e-08	0.36113594278049466	1.4901161193847656e-08	0.3895199947235372	0.3718827946872757	0.3734263532119801	0.2895059848872535	0.38951999472353727	0.2340182299706657	0.2222509974448293	0.21546890275502684	0.3776301386365536	0.3780151621410095	0.40465379599144913	0.3776301386365536	0.2687863712080669	0.22225099744482923	0.2340182299706657	1.0536712127723509e-08	0.2222509974448292	0.0	0.25269568092245576	0.21546890275502667	8.993646362323668e-09	0.21546890275502667	1.2904784139758924e-08	0.23401822997066574	0.22225099744482935	0.23401822997066576	0.25295307432229946	0.4110326304191711	1.4901161193847656e-08	0.26773155014002137	0.2552402612969058	0.3780151621410093	0.21546890275502684	0.22225099744482957	0.234018229970666	0.5587895464274295	0.5825614571823113	0.5587895464274295	0.5587895464274294	0.7112069027441208	0.4289109663732089	0.3776301386365535	0.37763013863655337	0.3776301386365535	0.4289109663732089	0.5587895464274295	0.234018229970666	0.7071608057240846
C_WI121_18	0.25269568092246	0.1724115056849067	0.420714851196274	0.47219538797504557	0.5758878193663359	0.5581077546101396	0.4206483310255489	0.600319059370677	0.5581077546101386	0.4727844556773892	0.49218536383233824	0.6094339602322645	0.5581077546101391	0.5581077546101394	0.5581077546101385	0.5623522888419009	0.5751421426254747	0.47140459363998105	0.45263699858078754	0.4721953879750461	0.4727844556773892	0.6003190593706794	0.6003190593706794	0.5606998449486131	0.5581077546101383	0.5588176016805361	0.6003190593706792	0.560699844948613	0.5581077546101387	0.5581077546101393	0.5606998449486136	0.5581077546101397	0.5581077546101398	0.8040743434924765	0.5340002574008219	0.8201423151832451	0.4314909865354795	0.47140459363998055	0.4727844556773886	0.5581077546101402	0.5758878193663362	0.5581077546101403	0.5625688073284318	0.5625688073284321	0.6003190593706805	0.45605814824714475	0.4714045936399801	0.5581077546101413	0.47278445567738814	0.39154526500488324	0.4727844556773882	0.4560581482471443	0.5378114695942529	0.5581077546101416	0.45603491595552764	0.4714045936399799	0.4727844556773881	0.5765196807496584	0.6397334892672406	0.5581077546101421	0.6759112269183939	0.5758878193663375	0.558107754610142	0.9110231428498105	0.4727844556773878	0.521161513224614	0.47278445567738775	0.5581077546101424	0.472784455677388	0.42152268965165846	0.5170135437046183	0.5378114695942535	0.5581077546101426	0.5024809460906416	0.4727844556773879	0.558107754610143	0.558107754610143	0.5965191105692442	0.40368921807865643	0.9110231428498121	0.6240110369569789	0.472195387975045	0.472195387975045	0.5682090879032172	0.6003190593706831	0.6397334892672412	0.9873173940409865	0.4206483310255478	0.6198661142808849	0.47278445567738736	0.5606998449486182	0.7186868102670848	0.6198661142808848	0.28521089300458136	0.2526956809224534	0.18056690549239535	0.25269568092245365	0.1890568146059151	0.18056690549239376	0.26459854901812785	0.25269568092245376	0.2526956809224542	0.2526956809224542	0.33511000311795724	0.25269568092245365	0.3442519995467148	0.3296598396021839	0.33035341890789005	0.25314912238979864	0.34425199954671504	0.1890568146059159	0.172411505684882	0.15295443471622738	0.3345522709926866	0.3383995290546066	0.3163840072759062	0.3345522709926869	0.21267947129785644	0.17241150568488395	0.18905681460591808	0.252695680922456	0.17241150568488517	0.25269568092245576	0.0	0.15295443471623152	0.25269568092245565	0.1529544347162315	0.2526956809224554	0.18905681460592016	0.172411505684888	0.1890568146059193	0.3086492255732216	0.35929549967878627	0.2526956809224564	0.20355561365306635	0.013105326210563543	0.3383995290546091	0.15295443471623082	0.1724115056848869	0.18905681460592072	0.5581077546101442	0.5697958353948798	0.5581077546101442	0.5581077546101445	0.7186868102670894	0.47278445567738925	0.33455227099268836	0.33455227099268836	0.33455227099268847	0.4727844556773895	0.5581077546101441	0.18905681460591875	0.6673953234053378
C_WI122_18	0.21546890275503058	0.1019478264425535	0.43185585911192953	0.44304989995988875	0.5492455162580331	0.535079731488232	0.38439652543238	0.5736404218655708	0.535079731488232	0.4443145952437277	0.5072986096296117	0.586316561993268	0.5350797314882318	0.5350797314882318	0.5350797314882317	0.5388346863261092	0.5551034925123839	0.442864581988326	0.420476425542677	0.44304989995988875	0.44431459524372774	0.5736404218655711	0.5736404218655711	0.5377664583438682	0.5350797314882318	0.5353739098069478	0.573640421865571	0.5377664583438682	0.5350797314882318	0.535079731488232	0.5377664583438683	0.5350797314882318	0.535079731488232	0.7690153341222578	0.4867413226857154	0.7831812889556903	0.39678254473301655	0.4428645819883259	0.4443145952437277	0.5350797314882318	0.549245516258033	0.5350797314882318	0.5380050503944663	0.5380050503944664	0.5736404218655711	0.4240066056400791	0.4428645819883258	0.535079731488232	0.44431459524372774	0.3529445948034716	0.4443145952437277	0.4240066056400792	0.5139006489050316	0.535079731488232	0.42529773402529997	0.4428645819883258	0.4443145952437277	0.548435959586587	0.6112867690561764	0.5350797314882321	0.6506737889946053	0.5492455162580324	0.5350797314882321	0.9226125026151485	0.44431459524372774	0.4741907984894585	0.44431459524372774	0.5350797314882321	0.44431459524372774	0.3863422499559817	0.46863094411222556	0.5139006489050317	0.5350797314882322	0.5135262479906054	0.44431459524372774	0.5350797314882322	0.5350797314882322	0.569181480115112	0.4122458851911766	0.9226125026151488	0.597884884868078	0.44304989995988875	0.44304989995988875	0.5481535012991057	0.5736404218655713	0.6112867690561762	0.9713339630246839	0.3843965254323799	0.5929713952981442	0.44431459524372774	0.537766458343869	0.7024434007600064	0.5929713952981442	0.2614069850852803	0.21546890275502664	0.10465330634962795	0.2154689027550267	0.12801339308445217	0.1046533063496273	0.2256527104114889	0.2154689027550266	0.21546890275502656	0.21546890275502678	0.3141795183581185	0.2154689027550265	0.32272851287545273	0.3115222391429129	0.31520797632188025	0.20035466901222806	0.3227285128754528	0.12801339308445236	0.10194782644254316	1.4419960578482488e-08	0.31928640058898283	0.3156255157845119	0.35621984625516184	0.31928640058898294	0.14703231613374781	0.10194782644254288	0.12801339308445228	0.21546890275502656	0.10194782644254302	0.21546890275502667	0.15295443471623152	0.0	0.21546890275502686	9.125060374972142e-09	0.21546890275502703	0.12801339308445236	0.10194782644254363	0.12801339308445242	0.3012259203443258	0.34385645261517545	0.21546890275502703	0.15082731353559703	0.1548119262544299	0.3156255157845118	1.4901161193847656e-08	0.10194782644254384	0.12801339308445248	0.5350797314882323	0.5600837754788216	0.5350797314882323	0.5350797314882322	0.702443400760006	0.44431459524372796	0.3192864005889827	0.3192864005889827	0.3192864005889827	0.444314595243728	0.5350797314882323	0.12801339308445223	0.672854290937068
C_WI123_18	4.4390856411679146e-08	0.2222509974448333	0.4606886755719822	0.42708753831448143	0.5679961281365539	0.5587895464274291	0.4224550369748751	0.5920592541370902	0.5587895464274291	0.4289109663732086	0.5396490720431512	0.6163642821178188	0.5587895464274292	0.5587895464274292	0.558789546427429	0.5638831678433053	0.5838289658683253	0.42750736903120806	0.42346447987469726	0.4270875383144811	0.4289109663732086	0.5920592541370903	0.5920592541370902	0.5602309927985992	0.5587895464274291	0.5590354024298589	0.5920592541370902	0.5602309927985991	0.5587895464274292	0.5587895464274292	0.5602309927985991	0.5587895464274291	0.5587895464274291	0.781223587307192	0.5209159421055101	0.7943933615276024	0.431278837679684	0.42750736903120795	0.42891096637320864	0.5587895464274291	0.567996128136554	0.5587895464274291	0.5597842210160793	0.5597842210160793	0.5920592541370903	0.42664685213368025	0.4275073690312079	0.5587895464274293	0.4289109663732086	0.40097635407944027	0.42891096637320864	0.4266468521336803	0.5299776430287964	0.5587895464274293	0.40619916912690995	0.4275073690312079	0.4289109663732086	0.5675746934385711	0.6259784521562071	0.5587895464274293	0.7095295637218881	0.5679961281365534	0.5587895464274293	0.9341185876533102	0.4289109663732086	0.5077808936358059	0.4289109663732086	0.5587895464274294	0.4289109663732086	0.4224782375214511	0.5034236986563293	0.5299776430287965	0.5587895464274294	0.5365450831130919	0.4289109663732086	0.5587895464274294	0.5587895464274294	0.5866392857080261	0.449066537661031	0.9341185876533106	0.6135324963326175	0.4270875383144811	0.4270875383144811	0.5773602530960101	0.5920592541370906	0.6259784521562067	1.0748935743874954	0.42245503697487513	0.6095587364262318	0.42891096637320864	0.5602309927986	0.7112069027441211	0.6095587364262319	0.1674485310915691	1.7455062718253462e-08	0.20258746206914693	1.7455062718253462e-08	0.23401822997066568	0.20258746206914666	0.18134529978805594	1.7455062718253462e-08	1.666000468656264e-08	1.578058294020515e-08	0.3611359427804945	1.4901161193847656e-08	0.3895199947235371	0.37188279468727564	0.37342635321198014	0.2895059848872535	0.3895199947235372	0.23401822997066563	0.22225099744482923	0.21546890275502706	0.3776301386365535	0.3780151621410095	0.40465379599144913	0.3776301386365536	0.26878637120806703	0.22225099744482923	0.23401822997066576	1.390297266680329e-08	0.22225099744482918	8.993646362323668e-09	0.25269568092245565	0.21546890275502686	0.0	0.2154689027550267	1.1720748133741217e-08	0.23401822997066574	0.22225099744482932	0.23401822997066574	0.2529530743222996	0.411032630419171	1.390297266680329e-08	0.2677315501400214	0.255240261296906	0.37801516214100933	0.21546890275502686	0.22225099744482946	0.23401822997066601	0.5587895464274294	0.5825614571823111	0.5587895464274294	0.5587895464274294	0.7112069027441208	0.42891096637320875	0.3776301386365533	0.3776301386365533	0.37763013863655337	0.4289109663732088	0.5587895464274294	0.2340182299706659	0.7071608057240846
C_WI125_18	0.21546890275503058	0.10194782644255324	0.43185585911192953	0.44304989995988875	0.549245516258033	0.535079731488232	0.38439652543238	0.5736404218655708	0.535079731488232	0.4443145952437277	0.5072986096296117	0.586316561993268	0.5350797314882318	0.5350797314882318	0.5350797314882316	0.5388346863261092	0.555103492512384	0.442864581988326	0.42047642554267695	0.4430498999598887	0.4443145952437277	0.5736404218655711	0.5736404218655711	0.5377664583438682	0.5350797314882318	0.5353739098069477	0.573640421865571	0.5377664583438682	0.535079731488232	0.535079731488232	0.5377664583438683	0.535079731488232	0.535079731488232	0.7690153341222576	0.48674132268571535	0.7831812889556903	0.39678254473301655	0.4428645819883258	0.4443145952437277	0.5350797314882318	0.549245516258033	0.5350797314882318	0.5380050503944663	0.5380050503944664	0.5736404218655711	0.424006605640079	0.4428645819883258	0.535079731488232	0.44431459524372774	0.3529445948034716	0.4443145952437277	0.42400660564007914	0.5139006489050316	0.535079731488232	0.42529773402529997	0.4428645819883258	0.4443145952437277	0.5484359595865869	0.6112867690561764	0.5350797314882321	0.6506737889946053	0.5492455162580324	0.5350797314882321	0.9226125026151485	0.4443145952437277	0.4741907984894585	0.44431459524372774	0.5350797314882321	0.44431459524372774	0.38634224995598165	0.46863094411222544	0.5139006489050317	0.5350797314882322	0.5135262479906054	0.4443145952437277	0.5350797314882322	0.5350797314882322	0.569181480115112	0.4122458851911766	0.9226125026151488	0.5978848848680779	0.44304989995988864	0.44304989995988864	0.5481535012991056	0.5736404218655713	0.6112867690561762	0.9713339630246838	0.38439652543237984	0.5929713952981441	0.44431459524372774	0.537766458343869	0.7024434007600063	0.5929713952981441	0.26140698508528015	0.21546890275502664	0.10465330634962783	0.2154689027550267	0.12801339308445212	0.10465330634962704	0.2256527104114889	0.2154689027550266	0.2154689027550266	0.21546890275502678	0.3141795183581185	0.2154689027550265	0.3227285128754527	0.31152223914291277	0.31520797632188025	0.200354669012228	0.3227285128754528	0.12801339308445217	0.10194782644254309	1.2904784139758924e-08	0.31928640058898283	0.3156255157845118	0.35621984625516184	0.31928640058898283	0.14703231613374781	0.10194782644254269	0.12801339308445212	0.2154689027550266	0.10194782644254288	0.21546890275502667	0.1529544347162315	9.125060374972142e-09	0.2154689027550267	0.0	0.21546890275502684	0.1280133930844523	0.10194782644254377	0.12801339308445228	0.30122592034432566	0.34385645261517545	0.21546890275502695	0.15082731353559703	0.15481192625443	0.3156255157845117	1.3421772051438123e-08	0.1019478264425437	0.1280133930844523	0.5350797314882323	0.5600837754788216	0.5350797314882323	0.5350797314882322	0.7024434007600059	0.44431459524372796	0.3192864005889827	0.3192864005889826	0.31928640058898267	0.44431459524372796	0.5350797314882323	0.12801339308445212	0.672854290937068
C_WI128_18	4.407822924181533e-08	0.22225099744483218	0.46068867557198223	0.4270875383144813	0.5679961281365539	0.5587895464274292	0.4224550369748752	0.5920592541370902	0.5587895464274292	0.42891096637320864	0.5396490720431513	0.6163642821178188	0.5587895464274292	0.5587895464274292	0.5587895464274291	0.5638831678433052	0.5838289658683253	0.4275073690312081	0.42346447987469743	0.4270875383144811	0.42891096637320864	0.5920592541370903	0.5920592541370903	0.5602309927985992	0.5587895464274292	0.5590354024298589	0.5920592541370903	0.5602309927985992	0.5587895464274294	0.5587895464274293	0.5602309927985992	0.5587895464274292	0.5587895464274292	0.781223587307192	0.5209159421055101	0.7943933615276024	0.4312788376796841	0.42750736903120806	0.42891096637320864	0.5587895464274292	0.5679961281365541	0.5587895464274292	0.5597842210160794	0.5597842210160794	0.5920592541370904	0.4266468521336803	0.42750736903120806	0.5587895464274293	0.4289109663732087	0.4009763540794403	0.42891096637320864	0.42664685213368037	0.5299776430287964	0.5587895464274294	0.40619916912691	0.427507369031208	0.4289109663732087	0.5675746934385711	0.6259784521562071	0.5587895464274294	0.7095295637218882	0.5679961281365534	0.5587895464274294	0.9341185876533102	0.42891096637320864	0.5077808936358059	0.42891096637320864	0.5587895464274294	0.42891096637320864	0.42247823752145125	0.5034236986563293	0.5299776430287965	0.5587895464274294	0.5365450831130919	0.42891096637320864	0.5587895464274294	0.5587895464274294	0.5866392857080263	0.449066537661031	0.9341185876533107	0.6135324963326175	0.4270875383144812	0.4270875383144812	0.5773602530960101	0.5920592541370906	0.6259784521562067	1.0748935743874957	0.42245503697487524	0.6095587364262319	0.42891096637320864	0.5602309927986001	0.7112069027441212	0.6095587364262319	0.16744853109156896	1.4901161193847656e-08	0.2025874620691472	1.578058294020515e-08	0.23401822997066546	0.20258746206914674	0.18134529978805594	1.4901161193847656e-08	1.4901161193847656e-08	1.8250120749944284e-08	0.3611359427804945	1.4901161193847656e-08	0.3895199947235372	0.37188279468727575	0.3734263532119802	0.2895059848872535	0.38951999472353727	0.23401822997066568	0.22225099744482937	0.21546890275502698	0.3776301386365536	0.3780151621410096	0.4046537959914493	0.3776301386365536	0.268786371208067	0.22225099744482932	0.23401822997066568	8.993646362323668e-09	0.2222509974448293	1.2904784139758924e-08	0.2526956809224554	0.21546890275502703	1.1720748133741217e-08	0.21546890275502684	0.0	0.2340182299706657	0.22225099744482935	0.23401822997066588	0.2529530743222995	0.411032630419171	1.2904784139758924e-08	0.2677315501400213	0.255240261296906	0.3780151621410093	0.21546890275502684	0.2222509974448296	0.2340182299706659	0.5587895464274295	0.5825614571823112	0.5587895464274294	0.5587895464274294	0.7112069027441208	0.4289109663732088	0.37763013863655337	0.37763013863655337	0.37763013863655337	0.4289109663732088	0.5587895464274295	0.23401822997066585	0.7071608057240846
C_WI129_18	0.2340182299706692	0.06921403890606347	0.42573301401785213	0.43989864381329186	0.5467752825997458	0.5363005004359684	0.3763582111488477	0.5748579527395343	0.5363005004359684	0.45970266938011656	0.521466952080819	0.5840902295349493	0.5363005004359684	0.5363005004359684	0.5363005004359683	0.5395950113130171	0.5522382671598017	0.4520729926073	0.43454005754605957	0.4398986438132916	0.4597026693801165	0.5748579527395343	0.5748579527395344	0.538080343601952	0.5363005004359684	0.5369813830318452	0.5748579527395344	0.5380803436019519	0.5363005004359686	0.5363005004359686	0.5380803436019519	0.5363005004359684	0.5363005004359686	0.7736687027877385	0.4798569158263192	0.7826118410461415	0.435296438798259	0.4520729926073	0.45970266938011656	0.5363005004359684	0.5467752825997458	0.5363005004359684	0.5389726188803351	0.5389726188803352	0.5748579527395344	0.4470588982801311	0.45207299260729994	0.5363005004359686	0.4597026693801166	0.38461252590309386	0.45970266938011656	0.44705889828013123	0.5199287485609335	0.5363005004359686	0.4376323162160851	0.4520729926073	0.4597026693801166	0.5479013710624446	0.6139047894087516	0.5363005004359686	0.643968157925836	0.5467752825997452	0.5363005004359686	0.921770470685928	0.4597026693801166	0.4944455711923348	0.45970266938011656	0.5363005004359687	0.45970266938011656	0.41086637322943853	0.481114891598373	0.5199287485609336	0.5363005004359686	0.5129846347336023	0.4597026693801166	0.5363005004359687	0.5363005004359687	0.564095367799078	0.45492280720131734	0.9217704706859283	0.5988384622578166	0.4398986438132917	0.4398986438132917	0.5451564369341472	0.5748579527395347	0.6139047894087514	0.9758548589189264	0.37635821114884765	0.5939114929449354	0.4597026693801166	0.5380803436019527	0.7037939966379999	0.5939114929449354	0.2781332680756684	0.23401822997066585	0.1671029276188728	0.23401822997066582	1.8250120749944284e-08	0.16710292761887238	0.23807823917675786	0.23401822997066576	0.23401822997066576	0.2340182299706659	0.30320622560026733	0.23401822997066574	0.31632160964836975	0.3005973725626976	0.304375247935735	0.22715027012625758	0.31632160964836986	1.3938759963117321e-08	0.06921403890605174	0.1280133930844527	0.3039641541654815	0.3169793930925457	0.3378596776675306	0.30396415416548145	0.18230614413502313	0.06921403890605093	1.4419960578482488e-08	0.23401822997066565	0.06921403890605093	0.23401822997066574	0.18905681460592016	0.12801339308445236	0.23401822997066574	0.1280133930844523	0.2340182299706657	0.0	0.06921403890605113	1.1780402288468106e-08	0.32155284599402745	0.33136609481314594	0.23401822997066618	0.1954921979692967	0.18985728237022365	0.31697939309254547	0.12801339308445264	0.06921403890605163	1.3421772051438123e-08	0.5363005004359687	0.5626519058586792	0.5363005004359687	0.5363005004359687	0.7037939966379992	0.4597026693801169	0.3039641541654813	0.3039641541654812	0.3039641541654812	0.45970266938011684	0.5363005004359688	1.580506819158526e-08	0.6654806200002368
C_WI131_18	0.2222509974448332	4.842856192443709e-08	0.4232318699840135	0.43750039318662787	0.5453296818653531	0.5338509572994031	0.37430506439193056	0.5720400232451336	0.5338509572994029	0.4509978620621902	0.514657415429507	0.583630211315609	0.5338509572994029	0.5338509572994029	0.5338509572994028	0.5373816594714745	0.5509016253143872	0.44935967761062307	0.4318676577767842	0.4375003931866276	0.4509978620621902	0.5720400232451336	0.5720400232451338	0.5356903220338363	0.5338509572994029	0.5342808925356866	0.5720400232451337	0.5356903220338363	0.533850957299403	0.533850957299403	0.5356903220338364	0.5338509572994029	0.533850957299403	0.7708619928975998	0.47843252395458863	0.7817817393836088	0.4187636311445274	0.44935967761062307	0.45099786206219017	0.5338509572994029	0.5453296818653531	0.5338509572994029	0.536192289318927	0.536192289318927	0.5720400232451338	0.4355835343747552	0.44935967761062295	0.533850957299403	0.45099786206219017	0.3813014103412924	0.45099786206219017	0.43558353437475533	0.5154861443480775	0.5338509572994031	0.43451262121367046	0.449359677610623	0.45099786206219017	0.5449464580187745	0.6112233285597415	0.5338509572994031	0.6443824534966802	0.5453296818653526	0.5338509572994031	0.9202596946382868	0.4509978620621902	0.48422459254379896	0.45099786206219017	0.5338509572994031	0.45099786206219017	0.40851948791557163	0.4793838826558093	0.5154861443480776	0.5338509572994031	0.5100020832170037	0.45099786206219017	0.5338509572994032	0.5338509572994032	0.5636718456438472	0.43663858012544204	0.9202596946382872	0.5961032785855558	0.43750039318662765	0.43750039318662765	0.5438868903583673	0.572040023245134	0.6112233285597413	0.9734279200423768	0.37430506439193073	0.5911881896111482	0.45099786206219017	0.5356903220338373	0.7012092174135736	0.5911881896111482	0.26788476057548405	0.2222509974448296	0.14474535978887082	0.2222509974448294	0.06921403890605153	0.14474535978887001	0.2309678327954711	0.22225099744482954	0.22225099744482946	0.22225099744482954	0.3029712350776338	0.22225099744482935	0.31329966995943553	0.2947966693505415	0.29877317568671236	0.2150850376123806	0.3132996699594356	0.06921403890605103	1.4901161193847656e-08	0.10194782644254398	0.3055636569001464	0.31308384561524205	0.3384232392676671	0.3055636569001464	0.16651280047097433	1.1780402288468106e-08	0.06921403890605124	0.22225099744482935	1.2904784139758924e-08	0.22225099744482935	0.172411505684888	0.10194782644254363	0.22225099744482932	0.10194782644254377	0.22225099744482935	0.06921403890605113	0.0	0.06921403890605053	0.30979526766734067	0.32785503950609	0.22225099744482965	0.1789883190843525	0.17322793638616601	0.31308384561524194	0.10194782644254356	1.4419960578482488e-08	0.06921403890605103	0.5338509572994032	0.5592908971717964	0.5338509572994032	0.5338509572994032	0.701209217413573	0.4509978620621904	0.30556365690014614	0.30556365690014603	0.30556365690014614	0.45099786206219045	0.5338509572994034	0.06921403890605084	0.6656359764634046
C_WI133_18	0.23401822997066926	0.06921403890606406	0.42573301401785213	0.4398986438132918	0.5467752825997456	0.5363005004359684	0.37635821114884754	0.5748579527395343	0.5363005004359686	0.4597026693801165	0.5214669520808191	0.5840902295349494	0.5363005004359684	0.5363005004359684	0.5363005004359684	0.5395950113130168	0.5522382671598018	0.45207299260730005	0.43454005754605957	0.43989864381329147	0.4597026693801165	0.5748579527395344	0.5748579527395344	0.5380803436019521	0.5363005004359684	0.5369813830318448	0.5748579527395344	0.538080343601952	0.5363005004359684	0.5363005004359686	0.538080343601952	0.5363005004359684	0.5363005004359686	0.7736687027877384	0.47985691582631923	0.7826118410461415	0.4352964387982592	0.45207299260730005	0.4597026693801165	0.5363005004359684	0.5467752825997456	0.5363005004359684	0.5389726188803352	0.5389726188803353	0.5748579527395346	0.44705889828013107	0.45207299260730005	0.5363005004359686	0.45970266938011656	0.3846125259030938	0.45970266938011656	0.4470588982801311	0.5199287485609335	0.5363005004359686	0.4376323162160852	0.45207299260730005	0.45970266938011656	0.5479013710624445	0.6139047894087515	0.5363005004359686	0.643968157925836	0.546775282599745	0.5363005004359686	0.921770470685928	0.4597026693801166	0.4944455711923348	0.45970266938011656	0.5363005004359686	0.45970266938011656	0.41086637322943853	0.48111489159837273	0.5199287485609336	0.5363005004359686	0.5129846347336023	0.45970266938011656	0.5363005004359687	0.5363005004359686	0.5640953677990781	0.4549228072013172	0.9217704706859283	0.5988384622578167	0.43989864381329163	0.4398986438132916	0.545156436934147	0.5748579527395346	0.6139047894087513	0.9758548589189263	0.37635821114884765	0.5939114929449354	0.4597026693801166	0.5380803436019528	0.7037939966379998	0.5939114929449354	0.2781332680756684	0.23401822997066588	0.1671029276188732	0.23401822997066585	1.747316032582309e-08	0.16710292761887272	0.23807823917675822	0.23401822997066582	0.23401822997066588	0.2340182299706659	0.3032062256002673	0.23401822997066576	0.31632160964836986	0.30059737256269753	0.304375247935735	0.22715027012625771	0.3163216096483699	1.580506819158526e-08	0.06921403890605134	0.1280133930844528	0.30396415416548145	0.3169793930925456	0.33785967766753083	0.30396415416548145	0.18230614413502313	0.06921403890605103	1.623253643907395e-08	0.23401822997066576	0.06921403890605103	0.23401822997066576	0.1890568146059193	0.12801339308445242	0.23401822997066574	0.12801339308445228	0.23401822997066588	1.1780402288468106e-08	0.06921403890605053	0.0	0.3215528459940275	0.3313660948131458	0.2340182299706661	0.19549219796929662	0.18985728237022426	0.3169793930925454	0.1280133930844526	0.06921403890605163	1.580506819158526e-08	0.5363005004359687	0.5626519058586791	0.5363005004359687	0.5363005004359687	0.7037939966379992	0.4597026693801168	0.30396415416548117	0.30396415416548117	0.3039641541654812	0.45970266938011684	0.5363005004359687	1.3421772051438123e-08	0.6654806200002368
C_WI134_18	0.2529530743223012	0.3097952676673428	0.5511637557127096	0.5340087748174577	0.6681126843853569	0.662798866237284	0.5320572457920334	0.6872524151284485	0.6627988662372839	0.5367540259354079	0.6305586919411978	0.721356141326331	0.662798866237284	0.6627988662372839	0.6627988662372839	0.6676649990426582	0.6734596167999377	0.5356187477273969	0.5318814386641917	0.5340087748174575	0.5367540259354081	0.6872524151284486	0.6872524151284486	0.6633481657355672	0.662798866237284	0.6632589427074996	0.6872524151284485	0.6633481657355671	0.662798866237284	0.662798866237284	0.6633481657355671	0.662798866237284	0.6627988662372839	0.9079578613523926	0.5960581553430692	0.9206916313658099	0.5377266768727258	0.5356187477273969	0.536754025935408	0.6627988662372838	0.668112684385357	0.6627988662372838	0.6637941482010278	0.6637941482010278	0.6872524151284485	0.5344245527634683	0.5356187477273969	0.6627988662372838	0.5367540259354081	0.5121456127976043	0.5367540259354081	0.5344245527634685	0.6346179056160035	0.6627988662372838	0.5172210612484409	0.5356187477273969	0.5367540259354081	0.6683975726596347	0.7269025755960644	0.6627988662372838	0.84168555408477	0.6681126843853562	0.6627988662372838	1.0517266329118538	0.5367540259354082	0.5924642948788429	0.5367540259354082	0.6627988662372839	0.5367540259354082	0.5308275540941922	0.589209804822114	0.6346179056160035	0.6627988662372838	0.6202481688247692	0.5367540259354081	0.6627988662372838	0.6627988662372838	0.6774088894945159	0.5416285077295209	1.051726632911854	0.710561540712179	0.5340087748174578	0.5340087748174578	0.654211158365338	0.6872524151284484	0.7269025755960641	1.1217234908240605	0.5320572457920336	0.6956948821467305	0.5367540259354083	0.6633481657355674	0.7794358693420472	0.6956948821467305	0.304425433877491	0.2529530743222995	0.27284888281218633	0.25295307432229963	0.3215528459940275	0.2728488828121862	0.3529634083393114	0.2529530743222997	0.25295307432229963	0.2529530743222999	0.4989943323585527	0.2529530743222997	0.5073204542125213	0.48981516870414	0.4932030786783341	0.3334892433278084	0.5073204542125213	0.32155284599402756	0.3097952676673411	0.3012259203443262	0.49486410929867963	0.49780156564320355	0.5041323257207602	0.49486410929867963	0.31456689334070037	0.3097952676673409	0.3215528459940275	0.2529530743222993	0.30979526766734083	0.25295307432229946	0.3086492255732216	0.3012259203443258	0.2529530743222996	0.30122592034432566	0.2529530743222995	0.32155284599402745	0.30979526766734067	0.3215528459940275	0.0	0.5031228108147914	0.2529530743222997	0.33992081181519834	0.30684406980353124	0.4978015656432032	0.30122592034432594	0.30979526766734106	0.3215528459940275	0.6627988662372838	0.6740592424461043	0.6627988662372838	0.6627988662372837	0.7794358693420465	0.5367540259354082	0.4948641092986794	0.4948641092986794	0.49486410929867947	0.5367540259354083	0.6627988662372838	0.3215528459940276	0.7365105397267759
C_WI135_18	0.41103263041917326	0.3278550395060941	0.40153406470327413	0.38340364667796006	0.45999877974807224	0.44653294805196814	0.3573350235649032	0.4677062986915295	0.4465329480519679	0.41879834249794823	0.604029831443748	0.5063228410107355	0.4465329480519679	0.446532948051968	0.44653294805196775	0.44923803316817784	0.4369901962738338	0.41626672907006107	0.4079414176297765	0.38340364667795995	0.4187983424979482	0.4677062986915303	0.4677062986915303	0.4205508996760671	0.44653294805196775	0.446201949561789	0.46770629869153013	0.4205508996760671	0.4465329480519679	0.44653294805196797	0.42055089967606735	0.446532948051968	0.44653294805196814	0.5772871815725898	0.49018925753033327	0.5951148962232814	0.4091482754620666	0.416266729070061	0.418798342497948	0.4465329480519681	0.4599987797480722	0.4465329480519682	0.447644401647875	0.4476444016478751	0.4677062986915305	0.4125891673039032	0.4162667290700609	0.4465329480519684	0.41879834249794795	0.3666775171464827	0.41879834249794795	0.4125891673039032	0.4060389219070615	0.4465329480519685	0.3755310930972402	0.41626672907006085	0.4187983424979479	0.45843515647750444	0.5009757419052671	0.44653294805196864	0.5418398963899217	0.4599987797480719	0.4465329480519685	0.7137562064883909	0.41879834249794784	0.5046514812565641	0.41879834249794784	0.44653294805196875	0.4187983424979479	0.3981251847908542	0.49863684550002957	0.4060389219070617	0.44653294805196875	0.49336566588865105	0.4187983424979479	0.44653294805196886	0.44653294805196886	0.48067401891343275	0.4291585556436682	0.7137562064883916	0.49265898050369983	0.38340364667795973	0.3834036466779597	0.43748377405002414	0.46770629869153135	0.5009757419052671	0.8069405143978233	0.35733502356490277	0.49023883481201824	0.4187983424979478	0.42055089967606923	0.6083251880566812	0.49023883481201824	0.43896293443531287	0.41103263041917093	0.34303964715714746	0.4110326304191709	0.3313660948131453	0.3430396471571471	0.4398239209191217	0.4110326304191709	0.411032630419171	0.41103263041917104	0.2608531882446027	0.41103263041917093	0.19468142184483953	0.2299172281923615	0.23218462882838553	0.4279966616799595	0.19468142184483958	0.3313660948131454	0.3278550395060893	0.3438564526151751	0.2274387749293638	0.2901469558105104	0.2623863280486927	0.22743877492936396	0.3834150802755812	0.3278550395060896	0.33136609481314566	0.4110326304191712	0.3278550395060896	0.4110326304191711	0.35929549967878627	0.34385645261517545	0.411032630419171	0.34385645261517545	0.411032630419171	0.33136609481314594	0.32785503950609	0.3313660948131458	0.5031228108147914	0.0	0.41103263041917126	0.37280007001330834	0.3608498352838087	0.29014695581051086	0.3438564526151753	0.3278550395060898	0.3313660948131458	0.4465329480519692	0.446595658989428	0.4465329480519692	0.4465329480519693	0.608325188056682	0.4187983424979483	0.2274387749293642	0.22743877492936418	0.22743877492936423	0.41879834249794834	0.44653294805196925	0.33136609481314555	0.7929099248491175
C_WI138_18	4.470348358154297e-08	0.2222509974448322	0.4606886755719823	0.42708753831448143	0.5679961281365539	0.5587895464274292	0.42245503697487524	0.5920592541370903	0.5587895464274292	0.42891096637320864	0.5396490720431513	0.6163642821178188	0.5587895464274292	0.5587895464274292	0.558789546427429	0.5638831678433058	0.5838289658683253	0.4275073690312081	0.4234644798746974	0.4270875383144812	0.4289109663732087	0.5920592541370903	0.5920592541370903	0.5602309927985991	0.5587895464274292	0.5590354024298594	0.5920592541370903	0.5602309927985991	0.5587895464274294	0.5587895464274293	0.5602309927985992	0.5587895464274293	0.5587895464274292	0.781223587307192	0.5209159421055101	0.7943933615276024	0.43127883767968406	0.427507369031208	0.4289109663732087	0.5587895464274292	0.5679961281365543	0.5587895464274293	0.5597842210160793	0.5597842210160793	0.5920592541370903	0.42664685213368037	0.427507369031208	0.5587895464274293	0.42891096637320875	0.40097635407944054	0.4289109663732087	0.4266468521336804	0.5299776430287965	0.5587895464274293	0.40619916912691	0.42750736903120795	0.42891096637320875	0.5675746934385713	0.6259784521562071	0.5587895464274294	0.7095295637218884	0.5679961281365535	0.5587895464274294	0.9341185876533104	0.42891096637320864	0.5077808936358059	0.4289109663732087	0.5587895464274294	0.4289109663732087	0.4224782375214512	0.5034236986563295	0.5299776430287966	0.5587895464274294	0.5365450831130919	0.42891096637320864	0.5587895464274294	0.5587895464274294	0.586639285708026	0.44906653766103116	0.9341185876533107	0.6135324963326175	0.4270875383144813	0.4270875383144813	0.5773602530960102	0.5920592541370906	0.625978452156207	1.0748935743874957	0.4224550369748753	0.609558736426232	0.42891096637320875	0.5602309927986	0.7112069027441212	0.609558736426232	0.16744853109156926	1.8250120749944284e-08	0.20258746206914693	1.666000468656264e-08	0.23401822997066557	0.20258746206914646	0.18134529978805564	1.8250120749944284e-08	1.666000468656264e-08	1.8250120749944284e-08	0.36113594278049466	1.666000468656264e-08	0.38951999472353716	0.37188279468727575	0.37342635321198014	0.2895059848872535	0.38951999472353727	0.2340182299706658	0.22225099744482943	0.2154689027550271	0.37763013863655376	0.3780151621410096	0.4046537959914491	0.3776301386365537	0.268786371208067	0.22225099744482943	0.23401822997066574	1.390297266680329e-08	0.22225099744482943	1.4901161193847656e-08	0.2526956809224564	0.21546890275502703	1.390297266680329e-08	0.21546890275502695	1.2904784139758924e-08	0.23401822997066618	0.22225099744482965	0.2340182299706661	0.2529530743222997	0.41103263041917126	0.0	0.26773155014002153	0.2552402612969059	0.3780151621410094	0.21546890275502673	0.22225099744482954	0.23401822997066585	0.5587895464274294	0.5825614571823114	0.5587895464274294	0.5587895464274294	0.7112069027441209	0.42891096637320886	0.3776301386365536	0.37763013863655354	0.37763013863655354	0.4289109663732088	0.5587895464274295	0.23401822997066582	0.7071608057240846
C_WI150_18	0.2677315501400243	0.17898831908435728	0.4708656516236193	0.47596979284346475	0.5802853055914827	0.5638159604188704	0.4205370424526484	0.603801750792709	0.5638159604188704	0.4769556765779178	0.5265051545509984	0.5998477544065993	0.5638159604188703	0.5638159604188703	0.5638159604188703	0.5678885279163908	0.5871944874785673	0.47569984572184704	0.4555653750521372	0.4759697928434647	0.47695567657791765	0.6038017507927091	0.6038017507927091	0.5663776057996647	0.5638159604188703	0.5643192888025017	0.6038017507927089	0.5663776057996646	0.5638159604188703	0.5638159604188703	0.5663776057996647	0.5638159604188704	0.5638159604188703	0.7912613291929821	0.4919906331002387	0.7903066860312025	0.43483693315871774	0.4756998457218469	0.4769556765779177	0.5638159604188703	0.5802853055914827	0.5638159604188704	0.5679526061632632	0.5679526061632632	0.6038017507927091	0.4589484025375135	0.4756998457218469	0.5638159604188705	0.4769556765779177	0.3992800962856378	0.4769556765779177	0.4589484025375135	0.5455961291817223	0.5638159604188705	0.4658512432222002	0.47569984572184687	0.4769556765779177	0.5796301252534888	0.6301324214174486	0.5638159604188706	0.6713053176239118	0.5802853055914822	0.5638159604188705	0.9404338052163218	0.47695567657791765	0.48059863791045065	0.47695567657791765	0.5638159604188707	0.4769556765779177	0.4247123180436999	0.47572680710308823	0.5455961291817224	0.5638159604188707	0.5150274273280177	0.47695567657791765	0.5638159604188707	0.5638159604188707	0.6014976514609413	0.4539775773082514	0.9404338052163221	0.6051464956083983	0.47596979284346463	0.4759697928434647	0.5751169614261018	0.6038017507927096	0.6301324214174484	0.9863186110079935	0.42053704245264817	0.6238126587846833	0.4769556765779177	0.5663776057996657	0.7090087509311989	0.6238126587846832	0.22672376041911602	0.26773155014002115	0.1845958458805456	0.2677315501400211	0.19549219796929612	0.1845958458805452	0.2733767928940002	0.26773155014002115	0.26773155014002126	0.26773155014002137	0.3470883936771659	0.2677315501400213	0.3614696656169437	0.33479222694023625	0.3386534957182169	0.24796932970784194	0.3614696656169438	0.19549219796929634	0.17898831908435214	0.15082731353559703	0.33896908696745026	0.35122051961376205	0.3689926918133426	0.3389690869674502	0.19761804322207566	0.178988319084352	0.19549219796929646	0.26773155014002137	0.17898831908435198	0.26773155014002137	0.20355561365306635	0.15082731353559703	0.2677315501400214	0.15082731353559703	0.2677315501400213	0.1954921979692967	0.1789883190843525	0.19549219796929662	0.33992081181519834	0.37280007001330834	0.26773155014002153	0.0	0.2041695641809625	0.35122051961376227	0.1508273135355975	0.17898831908435278	0.19549219796929687	0.563815960418871	0.5908814554320828	0.563815960418871	0.563815960418871	0.7090087509311989	0.47695567657791804	0.33896908696745043	0.3389690869674504	0.3389690869674504	0.47695567657791804	0.563815960418871	0.1954921979692965	0.6748865315765531
C_WI159_18	0.25524026129690747	0.17322793638615946	0.4236212552576261	0.47465802391162804	0.5788151666819668	0.5607423279501377	0.42333384146881897	0.6030256362410387	0.5607423279501381	0.47556481627263064	0.4946019540023399	0.6121111105928885	0.560742327950138	0.5607423279501379	0.5607423279501381	0.5649824985614802	0.5771852388557112	0.474112735205841	0.455536924733277	0.47465802391162704	0.4755648162726305	0.6030256362410379	0.6030256362410379	0.5632528474670647	0.5607423279501382	0.5614586868409756	0.6030256362410379	0.5632528474670647	0.5607423279501381	0.5607423279501378	0.5632528474670647	0.5607423279501377	0.5607423279501376	0.8072902552871377	0.5366545852561462	0.8237741901590385	0.43460026787129413	0.4741127352058414	0.4755648162726308	0.5607423279501373	0.578815166681967	0.5607423279501373	0.5653962123546593	0.5653962123546593	0.6030256362410373	0.4590178889047825	0.4741127352058416	0.5607423279501369	0.4755648162726311	0.3944140162142716	0.47556481627263103	0.45901788890478284	0.5397898839492299	0.5607423279501368	0.4586311319356217	0.47411273520584163	0.47556481627263114	0.5794578051545571	0.6429003391893561	0.5607423279501367	0.6782159439673496	0.5788151666819654	0.5607423279501367	0.9143090843523346	0.47556481627263125	0.5239091535220828	0.47556481627263125	0.5607423279501367	0.47556481627263114	0.4247486663470816	0.5199529372753382	0.5397898839492297	0.5607423279501366	0.5057212377153234	0.47556481627263114	0.5607423279501365	0.5607423279501365	0.5994279597109079	0.406504343895307	0.9143090843523344	0.6266959500955107	0.4746580239116279	0.4746580239116279	0.570065364405972	0.6030256362410366	0.6429003391893555	0.9886378071427614	0.4233338414688197	0.6226303291575078	0.4755648162726315	0.5632528474670637	0.7205011698545866	0.6226303291575079	0.2873574615771899	0.25524026129690647	0.18241374195654003	0.25524026129690647	0.18985728237022562	0.1824137419565404	0.2668729819393405	0.2552402612969066	0.2552402612969064	0.2552402612969066	0.3381751006457028	0.2552402612969068	0.3456692315214594	0.3330140943649875	0.3340002559127503	0.25499189339761175	0.34566923152145934	0.18985728237022514	0.17322793638616835	0.15481192625443174	0.3377769192901469	0.34259999724966744	0.3191356424137911	0.33777691929014664	0.21460701734354182	0.17322793638616707	0.18985728237022412	0.25524026129690536	0.17322793638616657	0.2552402612969058	0.013105326210563543	0.1548119262544299	0.255240261296906	0.15481192625443	0.255240261296906	0.18985728237022365	0.17322793638616601	0.18985728237022426	0.30684406980353124	0.3608498352838087	0.2552402612969059	0.2041695641809625	0.0	0.3425999972496662	0.15481192625443072	0.17322793638616663	0.18985728237022367	0.5607423279501363	0.572489941741103	0.5607423279501362	0.560742327950136	0.7205011698545838	0.4755648162726309	0.3377769192901459	0.33777691929014586	0.33777691929014586	0.47556481627263086	0.5607423279501363	0.18985728237022448	0.6668101324115087
C_WI172_18	0.3780151621410117	0.31308384561524555	0.4051936017750414	0.43144610704571296	0.42864697348036834	0.46129748344478116	0.3625014663585316	0.46349781393935896	0.4612974834447811	0.43447775516515813	0.6193769717559511	0.5181665996334501	0.4612974834447812	0.4612974834447811	0.46129748344478105	0.4637872910067607	0.4337995756455406	0.4326678161686888	0.4090610719591723	0.43144610704571273	0.43447775516515813	0.4634978139393592	0.46349781393935907	0.4645252042410831	0.46129748344478116	0.46195431549511745	0.46349781393935896	0.46452520424108307	0.46129748344478133	0.4612974834447813	0.4645252042410833	0.4612974834447813	0.4612974834447813	0.5794565807619607	0.4936668548788335	0.5963874771644156	0.3845633111729217	0.43266781616868893	0.4344777551651582	0.46129748344478133	0.428646973480368	0.46129748344478133	0.447006935522067	0.44700693552206705	0.4634978139393593	0.4133281082104866	0.4326678161686889	0.4612974834447814	0.43447775516515824	0.32557163452354965	0.43447775516515824	0.4133281082104867	0.4344567641116903	0.46129748344478144	0.41493620376272	0.4326678161686888	0.43447775516515824	0.42870839653811244	0.4962817206582699	0.4612974834447815	0.5687895150295744	0.4286469734803673	0.4612974834447815	0.7131034527303173	0.43447775516515824	0.4860347506749115	0.43447775516515824	0.4612974834447816	0.43447775516515824	0.372449519355213	0.48028601488372846	0.4344567641116905	0.46129748344478155	0.49058246247504483	0.43447775516515824	0.4612974834447816	0.4612974834447816	0.4536783593822422	0.3809434816645847	0.7131034527303176	0.4910470262925586	0.43144610704571285	0.43144610704571285	0.43144880602636304	0.4634978139393596	0.49628172065826964	0.8816748526941712	0.36250146635853137	0.4870766371946038	0.43447775516515824	0.46452520424108434	0.602169548997145	0.4870766371946038	0.4004896546157685	0.3780151621410092	0.3400873650586029	0.3780151621410092	0.31697939309254514	0.34008736505860254	0.37144956391348966	0.37801516214100916	0.37801516214100916	0.3780151621410093	0.14879845743757225	0.3780151621410091	0.2632286790588465	0.13780020764026474	0.13660187087219508	0.36921652173528857	0.2632286790588466	0.3169793930925452	0.3130838456152417	0.3156255157845117	0.16739868327798924	1.1780402288468106e-08	0.20918952198040094	0.16739868327798915	0.3647758839644994	0.31308384561524155	0.31697939309254536	0.3780151621410093	0.3130838456152416	0.3780151621410093	0.3383995290546091	0.3156255157845118	0.37801516214100933	0.3156255157845117	0.3780151621410093	0.31697939309254547	0.31308384561524194	0.3169793930925454	0.4978015656432032	0.29014695581051086	0.3780151621410094	0.35122051961376227	0.3425999972496662	0.0	0.31562551578451187	0.31308384561524194	0.31697939309254547	0.4612974834447818	0.4736888840151092	0.4612974834447817	0.4612974834447817	0.6021695489971449	0.4344777551651585	0.16739868327798899	0.16739868327798907	0.16739868327798899	0.4344777551651586	0.46129748344478183	0.3169793930925453	0.804749860277418
C_WI173_18	0.21546890275503078	0.10194782644255507	0.43185585911192964	0.44304989995988875	0.5492455162580329	0.5350797314882318	0.38439652543238	0.5736404218655707	0.5350797314882318	0.4443145952437276	0.5072986096296118	0.5863165619932679	0.5350797314882318	0.5350797314882318	0.5350797314882316	0.5388346863261088	0.5551034925123839	0.44286458198832596	0.42047642554267695	0.4430498999598885	0.44431459524372774	0.573640421865571	0.573640421865571	0.5377664583438682	0.5350797314882317	0.5353739098069473	0.573640421865571	0.5377664583438682	0.535079731488232	0.5350797314882318	0.5377664583438682	0.5350797314882318	0.5350797314882317	0.7690153341222576	0.4867413226857153	0.7831812889556902	0.3967825447330166	0.4428645819883258	0.44431459524372763	0.5350797314882318	0.549245516258033	0.5350797314882318	0.5380050503944664	0.5380050503944666	0.5736404218655711	0.424006605640079	0.4428645819883258	0.535079731488232	0.4443145952437276	0.3529445948034715	0.44431459524372763	0.4240066056400791	0.5139006489050315	0.535079731488232	0.42529773402529997	0.44286458198832573	0.44431459524372763	0.5484359595865869	0.6112867690561763	0.535079731488232	0.6506737889946052	0.5492455162580323	0.535079731488232	0.9226125026151486	0.4443145952437277	0.4741907984894585	0.44431459524372763	0.5350797314882321	0.4443145952437277	0.38634224995598165	0.46863094411222533	0.5139006489050316	0.5350797314882321	0.5135262479906054	0.44431459524372763	0.5350797314882321	0.5350797314882321	0.5691814801151122	0.41224588519117666	0.9226125026151488	0.5978848848680781	0.4430498999598885	0.4430498999598885	0.5481535012991056	0.5736404218655713	0.6112867690561761	0.9713339630246838	0.3843965254323798	0.592971395298144	0.4443145952437277	0.537766458343869	0.7024434007600063	0.5929713952981441	0.2614069850852802	0.2154689027550269	0.10465330634962862	0.21546890275502698	0.12801339308445217	0.10465330634962776	0.22565271041148954	0.21546890275502678	0.2154689027550269	0.21546890275502684	0.3141795183581185	0.21546890275502664	0.32272851287545273	0.31152223914291277	0.3152079763218804	0.20035466901222804	0.3227285128754528	0.12801339308445236	0.10194782644254309	1.580506819158526e-08	0.3192864005889829	0.315625515784512	0.3562198462551622	0.3192864005889829	0.14703231613374787	0.10194782644254283	0.12801339308445236	0.21546890275502673	0.10194782644254302	0.21546890275502684	0.15295443471623082	1.4901161193847656e-08	0.21546890275502686	1.3421772051438123e-08	0.21546890275502684	0.12801339308445264	0.10194782644254356	0.1280133930844526	0.30122592034432594	0.3438564526151753	0.21546890275502673	0.1508273135355975	0.15481192625443072	0.31562551578451187	0.0	0.10194782644254323	0.12801339308445228	0.5350797314882323	0.5600837754788215	0.5350797314882322	0.5350797314882322	0.7024434007600059	0.44431459524372785	0.31928640058898267	0.3192864005889827	0.31928640058898267	0.4443145952437279	0.5350797314882322	0.12801339308445206	0.672854290937068
C_WI177_18	0.2222509974448332	5.025691376340405e-08	0.4232318699840137	0.4375003931866278	0.545329681865353	0.5338509572994031	0.37430506439193056	0.5720400232451337	0.533850957299403	0.45099786206219017	0.514657415429507	0.5836302113156089	0.533850957299403	0.533850957299403	0.5338509572994028	0.5373816594714741	0.5509016253143875	0.44935967761062323	0.4318676577767844	0.4375003931866274	0.4509978620621902	0.5720400232451337	0.5720400232451337	0.5356903220338364	0.5338509572994029	0.5342808925356862	0.5720400232451337	0.5356903220338363	0.5338509572994031	0.5338509572994029	0.5356903220338364	0.5338509572994031	0.5338509572994029	0.7708619928975998	0.4784325239545885	0.7817817393836086	0.41876363114452747	0.4493596776106231	0.45099786206219017	0.5338509572994029	0.545329681865353	0.5338509572994029	0.5361922893189272	0.5361922893189273	0.5720400232451338	0.43558353437475517	0.44935967761062307	0.533850957299403	0.45099786206219017	0.38130141034129234	0.45099786206219017	0.4355835343747553	0.5154861443480775	0.5338509572994031	0.43451262121367046	0.44935967761062307	0.45099786206219017	0.5449464580187745	0.6112233285597414	0.5338509572994031	0.6443824534966801	0.5453296818653524	0.5338509572994031	0.9202596946382868	0.45099786206219017	0.4842245925437989	0.45099786206219017	0.5338509572994032	0.4509978620621902	0.40851948791557174	0.4793838826558091	0.5154861443480776	0.5338509572994031	0.5100020832170037	0.45099786206219017	0.5338509572994032	0.5338509572994031	0.5636718456438474	0.4366385801254421	0.9202596946382872	0.596103278585556	0.4375003931866276	0.4375003931866276	0.5438868903583672	0.5720400232451341	0.6112233285597412	0.9734279200423765	0.3743050643919305	0.5911881896111482	0.45099786206219017	0.5356903220338373	0.7012092174135734	0.5911881896111482	0.2678847605754841	0.2222509974448298	0.14474535978887088	0.22225099744482965	0.06921403890605184	0.14474535978887051	0.2309678327954716	0.2222509974448296	0.2222509974448296	0.22225099744482965	0.3029712350776337	0.22225099744482935	0.31329966995943564	0.29479666935054144	0.29877317568671247	0.21508503761238054	0.31329966995943576	0.06921403890605163	1.3421772051438123e-08	0.10194782644254419	0.30556365690014653	0.31308384561524205	0.33842323926766743	0.3055636569001464	0.16651280047097453	1.2342593214113514e-08	0.06921403890605153	0.2222509974448295	1.2342593214113514e-08	0.22225099744482957	0.1724115056848869	0.10194782644254384	0.22225099744482946	0.1019478264425437	0.2222509974448296	0.06921403890605163	1.4419960578482488e-08	0.06921403890605163	0.30979526766734106	0.3278550395060898	0.22225099744482954	0.17898831908435278	0.17322793638616663	0.31308384561524194	0.10194782644254323	0.0	0.06921403890605134	0.5338509572994032	0.5592908971717963	0.5338509572994032	0.5338509572994032	0.7012092174135731	0.45099786206219034	0.3055636569001461	0.30556365690014603	0.30556365690014603	0.4509978620621904	0.5338509572994034	0.06921403890605113	0.6656359764634044
C_WI178_18	0.2340182299706693	0.06921403890606095	0.42573301401785224	0.43989864381329186	0.5467752825997458	0.5363005004359687	0.37635821114884777	0.5748579527395346	0.5363005004359686	0.45970266938011667	0.5214669520808192	0.5840902295349494	0.5363005004359686	0.5363005004359686	0.5363005004359684	0.5395950113130177	0.5522382671598017	0.45207299260730016	0.4345400575460597	0.43989864381329175	0.4597026693801167	0.5748579527395346	0.5748579527395346	0.538080343601952	0.5363005004359686	0.5369813830318455	0.5748579527395344	0.5380803436019519	0.5363005004359687	0.5363005004359687	0.538080343601952	0.5363005004359687	0.5363005004359687	0.7736687027877386	0.47985691582631923	0.7826118410461416	0.4352964387982591	0.4520729926073001	0.45970266938011667	0.5363005004359686	0.546775282599746	0.5363005004359686	0.5389726188803351	0.5389726188803352	0.5748579527395346	0.4470588982801312	0.4520729926073001	0.5363005004359687	0.4597026693801167	0.3846125259030941	0.4597026693801167	0.44705889828013123	0.5199287485609336	0.5363005004359687	0.4376323162160852	0.4520729926073001	0.4597026693801167	0.5479013710624446	0.6139047894087517	0.5363005004359688	0.6439681579258361	0.5467752825997453	0.5363005004359687	0.9217704706859283	0.4597026693801167	0.4944455711923348	0.4597026693801167	0.5363005004359688	0.4597026693801167	0.41086637322943864	0.4811148915983732	0.5199287485609337	0.5363005004359687	0.5129846347336026	0.45970266938011667	0.5363005004359687	0.5363005004359687	0.564095367799078	0.4549228072013175	0.9217704706859284	0.5988384622578167	0.43989864381329186	0.43989864381329186	0.5451564369341473	0.5748579527395348	0.6139047894087515	0.9758548589189264	0.37635821114884777	0.5939114929449355	0.4597026693801167	0.5380803436019527	0.7037939966379999	0.5939114929449355	0.2781332680756684	0.23401822997066604	0.16710292761887263	0.23401822997066585	1.5353114692716457e-08	0.1671029276188723	0.23807823917675766	0.2340182299706659	0.23401822997066585	0.2340182299706659	0.30320622560026744	0.2340182299706659	0.3163216096483698	0.30059737256269775	0.304375247935735	0.22715027012625758	0.31632160964836986	1.666000468656264e-08	0.06921403890605184	0.1280133930844527	0.30396415416548167	0.3169793930925457	0.33785967766753067	0.30396415416548156	0.18230614413502294	0.06921403890605103	1.4901161193847656e-08	0.23401822997066568	0.06921403890605103	0.234018229970666	0.18905681460592072	0.12801339308445248	0.23401822997066601	0.1280133930844523	0.2340182299706659	1.3421772051438123e-08	0.06921403890605103	1.580506819158526e-08	0.3215528459940275	0.3313660948131458	0.23401822997066585	0.19549219796929687	0.18985728237022367	0.31697939309254547	0.12801339308445228	0.06921403890605134	0.0	0.5363005004359688	0.5626519058586794	0.5363005004359688	0.5363005004359687	0.7037939966379994	0.4597026693801169	0.30396415416548134	0.3039641541654814	0.3039641541654813	0.45970266938011695	0.5363005004359689	1.2342593214113514e-08	0.6654806200002368
C_WI187_18	0.5587895464274307	0.5338509572994041	0.24623138929749863	0.17822563638993574	0.1191087311848325	1.2904784139758924e-08	0.21500715692053135	0.23027127364895683	1.5582416789116236e-08	0.1701376945069912	0.797191917522632	0.129791505679879	1.1175870895385742e-08	1.4901161193847656e-08	1.1780402288468106e-08	0.013241322027084073	0.32344710302321417	0.16953198141284426	0.17473165569360327	0.17822563638993488	0.17013769450699126	0.2302712736489569	0.23027127364895683	0.07727677542442302	1.235539015514925e-08	0.03965255032563618	0.23027127364895655	0.07727677542442284	1.623816394634796e-08	1.316825466342595e-08	0.07727677542442352	1.1175870895385742e-08	1.1780402288468106e-08	0.38393356223432573	0.28410572360724073	0.3964211596175416	0.21582184529077744	0.1695319814128441	0.17013769450699112	8.33000234328132e-09	0.11910873118483285	8.33000234328132e-09	0.07145978065630627	0.07145978065630676	0.23027127364895655	0.1784882880258257	0.16953198141284395	9.125060374972142e-09	0.1701376945069912	0.28196403889272376	0.17013769450699126	0.17848828802582595	0.14960994969166158	9.125060374972142e-09	0.25283030906608756	0.16953198141284398	0.17013769450699126	0.13023186830483202	0.22155235507158072	8.33000234328132e-09	0.2570589084488543	0.11910873118482944	9.125060374972142e-09	0.49432985600872315	0.17013769450699134	0.2357549073626907	0.17013769450699134	1.0536712127723509e-08	0.1701376945069913	0.2029543912610046	0.23295040712789816	0.14960994969166158	9.125060374972142e-09	0.2989527070721796	0.1701376945069913	9.85619169125181e-09	1.0536712127723509e-08	0.13606239010116503	0.32068002580360255	0.49432985600872337	0.23945022579235942	0.17822563638993522	0.17822563638993522	0.32463910366283777	0.2302712736489568	0.22155235507157978	0.5900669533088058	0.2150071569205316	0.2373945877274758	0.17013769450699134	0.07727677542442715	0.28835973489724354	0.2373945877274758	0.5933299036839798	0.5587895464274295	0.5414246022659575	0.5587895464274295	0.5363005004359688	0.5414246022659573	0.5684901775361529	0.5587895464274295	0.5587895464274295	0.5587895464274296	0.4294455316806349	0.5587895464274295	0.39083675338455104	0.4708735887935322	0.4703627790104894	0.5310399111782291	0.3908367533845511	0.5363005004359688	0.5338509572994034	0.5350797314882324	0.48083253941685167	0.46129748344478194	0.5069820131821863	0.4808325394168516	0.5675656342974348	0.5338509572994032	0.5363005004359688	0.5587895464274294	0.5338509572994032	0.5587895464274295	0.5581077546101442	0.5350797314882323	0.5587895464274294	0.5350797314882323	0.5587895464274295	0.5363005004359687	0.5338509572994032	0.5363005004359687	0.6627988662372838	0.4465329480519692	0.5587895464274294	0.563815960418871	0.5607423279501363	0.4612974834447818	0.5350797314882323	0.5338509572994032	0.5363005004359688	0.0	0.12698962740605854	6.951486333401645e-09	1.019645190948766e-08	0.2883597348972425	0.17013769450699118	0.48083253941685145	0.48083253941685145	0.48083253941685145	0.17013769450699126	7.450580596923828e-09	0.5363005004359688	0.9354065638401284
C_WI194_18	0.5825614571823124	0.5592908971717999	0.25475505687817945	0.20980802747638158	0.1686335649561136	0.12698962740605008	0.25167089142992516	0.19055371393591133	0.12698962740604844	0.21606734225543778	0.8264505103762712	0.18573438538703302	0.12698962740604874	0.1269896274060497	0.12698962740604777	0.12850782320795093	0.30542476814485886	0.21382194839197827	0.2105010453880002	0.20980802747638191	0.21606734225543797	0.19055371393591503	0.1905537139359154	0.11132560261071828	0.12698962740604722	0.12458762083923171	0.19055371393591475	0.1113256026107177	0.1269896274060481	0.12698962740604952	0.111325602610719	0.1269896274060498	0.1269896274060505	0.37783911477813426	0.3307483255587702	0.3907635830351834	0.2482934945631179	0.2138219483919775	0.2160673422554371	0.12698962740605094	0.16863356495611379	0.12698962740605113	0.11560637985155098	0.11560637985155162	0.19055371393591675	0.21645732404868268	0.21382194839197705	0.12698962740605324	0.21606734225543664	0.3306231477965087	0.21606734225543678	0.2164573240486824	0.20835447149150643	0.12698962740605377	0.29726726385682106	0.21382194839197685	0.2160673422554366	0.15242711220684288	0.1901526703226725	0.12698962740605466	0.3100071214198884	0.16863356495611484	0.12698962740605438	0.4643819541986497	0.21606734225543647	0.28803965388626906	0.21606734225543647	0.126989627406055	0.21606734225543667	0.2327562763858177	0.2824762366478409	0.2083544714915073	0.12698962740605557	0.3039346919558112	0.21606734225543656	0.12698962740605624	0.12698962740605624	0.18134858693520634	0.35100191531784114	0.4643819541986513	0.21377003992979893	0.2098080274763811	0.20980802747638114	0.3075601744379231	0.1905537139359206	0.1901526703226728	0.5896390691728657	0.2516708914299243	0.2015600049347261	0.216067342255436	0.11132560261073106	0.261294330631141	0.20156000493472603	0.6165858510788353	0.5825614571823108	0.5621557734023834	0.5825614571823108	0.5626519058586785	0.5621557734023831	0.596762440814208	0.5825614571823109	0.582561457182311	0.582561457182311	0.4590749950874979	0.5825614571823109	0.4207358314200833	0.47326772954842905	0.4727610163452719	0.5529707570613516	0.4207358314200834	0.5626519058586785	0.5592908971717957	0.5600837754788213	0.47765987047830205	0.4736888840151084	0.490917097945253	0.47765987047830216	0.5930885684617356	0.5592908971717959	0.562651905858679	0.5825614571823113	0.559290897171796	0.5825614571823113	0.5697958353948798	0.5600837754788216	0.5825614571823111	0.5600837754788216	0.5825614571823112	0.5626519058586792	0.5592908971717964	0.5626519058586791	0.6740592424461043	0.446595658989428	0.5825614571823114	0.5908814554320828	0.572489941741103	0.4736888840151092	0.5600837754788215	0.5592908971717963	0.5626519058586794	0.12698962740605854	0.0	0.12698962740605854	0.12698962740605962	0.26129433063114604	0.2160673422554379	0.47765987047830244	0.4776598704783025	0.4776598704783025	0.2160673422554382	0.1269896274060585	0.562651905858679	0.9904109423162684
C_WI197_18	0.5587895464274307	0.5338509572994039	0.2462313892974986	0.17822563638993572	0.11910873118483256	1.1175870895385742e-08	0.21500715692053132	0.23027127364895683	1.580506819158526e-08	0.1701376945069913	0.797191917522632	0.12979150567987888	1.1780402288468106e-08	1.5359765386647212e-08	1.1175870895385742e-08	0.013241322027083025	0.32344710302321417	0.1695319814128443	0.17473165569360322	0.17822563638993488	0.17013769450699112	0.230271273648957	0.2302712736489568	0.07727677542442328	1.235539015514925e-08	0.03965255032563618	0.23027127364895655	0.07727677542442284	1.580506819158526e-08	1.3938759963117321e-08	0.07727677542442356	1.2904784139758924e-08	1.235539015514925e-08	0.38393356223432573	0.28410572360724073	0.3964211596175416	0.2158218452907774	0.169531981412844	0.17013769450699118	9.125060374972142e-09	0.11910873118483296	9.85619169125181e-09	0.07145978065630627	0.0714597806563067	0.23027127364895655	0.17848828802582561	0.16953198141284392	8.33000234328132e-09	0.1701376945069912	0.28196403889272376	0.17013769450699126	0.1784882880258259	0.14960994969166158	9.125060374972142e-09	0.25283030906608756	0.16953198141284392	0.1701376945069913	0.13023186830483183	0.22155235507158072	9.125060374972142e-09	0.2570589084488543	0.11910873118482947	9.125060374972142e-09	0.49432985600872315	0.1701376945069913	0.23575490736269067	0.1701376945069913	1.1780402288468106e-08	0.1701376945069913	0.2029543912610046	0.2329504071278981	0.1496099496916617	1.1175870895385742e-08	0.29895270707217947	0.17013769450699132	1.0536712127723509e-08	1.0536712127723509e-08	0.13606239010116505	0.32068002580360255	0.4943298560087234	0.23945022579235942	0.17822563638993522	0.17822563638993516	0.32463910366283777	0.23027127364895678	0.22155235507157983	0.5900669533088059	0.2150071569205316	0.2373945877274758	0.17013769450699143	0.07727677542442715	0.28835973489724365	0.23739458772747576	0.5933299036839798	0.5587895464274295	0.5414246022659575	0.5587895464274295	0.5363005004359687	0.5414246022659572	0.5684901775361528	0.5587895464274295	0.5587895464274295	0.5587895464274295	0.4294455316806349	0.5587895464274295	0.39083675338455104	0.47087358879353214	0.4703627790104894	0.531039911178229	0.39083675338455104	0.5363005004359687	0.5338509572994034	0.5350797314882324	0.48083253941685167	0.46129748344478183	0.5069820131821863	0.48083253941685156	0.5675656342974348	0.5338509572994032	0.5363005004359687	0.5587895464274294	0.5338509572994032	0.5587895464274295	0.5581077546101442	0.5350797314882323	0.5587895464274294	0.5350797314882323	0.5587895464274294	0.5363005004359687	0.5338509572994032	0.5363005004359687	0.6627988662372838	0.4465329480519692	0.5587895464274294	0.563815960418871	0.5607423279501362	0.4612974834447817	0.5350797314882322	0.5338509572994032	0.5363005004359688	6.951486333401645e-09	0.12698962740605854	0.0	8.33000234328132e-09	0.2883597348972425	0.17013769450699118	0.48083253941685145	0.4808325394168514	0.48083253941685145	0.1701376945069912	8.33000234328132e-09	0.5363005004359687	0.9354065638401284
C_WI198_18	0.5587895464274307	0.5338509572994035	0.2462313892974986	0.17822563638993585	0.11910873118483349	1.368524257510515e-08	0.21500715692053152	0.23027127364895694	1.7272292552104722e-08	0.17013769450699143	0.797191917522632	0.12979150567987902	1.2067896221808679e-08	1.5130463290247436e-08	1.3431725187092979e-08	0.013241322027113943	0.323447103023214	0.1695319814128442	0.1747316556936033	0.17822563638993522	0.17013769450699126	0.23027127364895716	0.23027127364895686	0.0772767754244231	1.4664574239789354e-08	0.03965255032564414	0.23027127364895655	0.07727677542442266	1.8438286121126927e-08	1.6865714732474496e-08	0.07727677542442374	1.368524257510515e-08	1.4901161193847656e-08	0.38393356223432595	0.2841057236072408	0.39642115961754176	0.21582184529077716	0.16953198141284398	0.17013769450699132	1.0856291511554625e-08	0.1191087311848339	1.2067896221808679e-08	0.0714597806563056	0.07145978065630573	0.2302712736489566	0.1784882880258259	0.16953198141284395	1.0856291511554625e-08	0.1701376945069914	0.28196403889272403	0.17013769450699134	0.17848828802582617	0.1496099496916617	1.0856291511554625e-08	0.25283030906608756	0.16953198141284398	0.17013769450699143	0.13023186830483202	0.22155235507158122	1.1780402288468106e-08	0.2570589084488545	0.1191087311848304	1.235539015514925e-08	0.49432985600872337	0.17013769450699134	0.2357549073626905	0.1701376945069915	1.2904784139758924e-08	0.17013769450699143	0.20295439126100445	0.23295040712789875	0.14960994969166178	1.2904784139758924e-08	0.2989527070721796	0.17013769450699134	1.1780402288468106e-08	1.2067896221808679e-08	0.13606239010116403	0.3206800258036026	0.49432985600872364	0.2394502257923592	0.1782256363899356	0.1782256363899356	0.3246391036628381	0.23027127364895683	0.2215523550715803	0.590066953308806	0.2150071569205317	0.23739458772747607	0.17013769450699148	0.07727677542442679	0.28835973489724387	0.23739458772747613	0.5933299036839796	0.5587895464274295	0.5414246022659572	0.5587895464274294	0.5363005004359687	0.541424602265957	0.5684901775361527	0.5587895464274294	0.5587895464274294	0.5587895464274295	0.4294455316806349	0.5587895464274295	0.390836753384551	0.47087358879353214	0.4703627790104893	0.531039911178229	0.390836753384551	0.5363005004359687	0.5338509572994034	0.5350797314882324	0.4808325394168516	0.46129748344478194	0.506982013182186	0.4808325394168516	0.5675656342974347	0.5338509572994032	0.5363005004359687	0.5587895464274294	0.5338509572994032	0.5587895464274294	0.5581077546101445	0.5350797314882322	0.5587895464274294	0.5350797314882322	0.5587895464274294	0.5363005004359687	0.5338509572994032	0.5363005004359687	0.6627988662372837	0.4465329480519693	0.5587895464274294	0.563815960418871	0.560742327950136	0.4612974834447817	0.5350797314882322	0.5338509572994032	0.5363005004359687	1.019645190948766e-08	0.12698962740605962	8.33000234328132e-09	0.0	0.28835973489724265	0.1701376945069914	0.4808325394168515	0.48083253941685145	0.48083253941685145	0.1701376945069914	1.019645190948766e-08	0.5363005004359687	0.9354065638401284
C_WI200_18	0.7112069027441215	0.7012092174135731	0.4366468951797706	0.3628603975911805	0.2613322372408322	0.2883597348972417	0.4123519475616597	0.23852111212513968	0.28835973489724154	0.35824725075735714	1.033363449743109	0.30688437119726697	0.2883597348972417	0.2883597348972419	0.28835973489724165	0.2883508850905167	0.3647861867675392	0.35706526917162074	0.3602608796851705	0.36286039759118005	0.3582472507573569	0.23852111212514032	0.23852111212514038	0.2739930942131923	0.2883597348972415	0.28748086859019206	0.23852111212513993	0.2739930942131923	0.28835973489724165	0.28835973489724154	0.2739930942131926	0.2883597348972417	0.28835973489724176	0.40130827060421725	0.3929845869411524	0.39456455004440527	0.3849991857404943	0.35706526917162057	0.35824725075735675	0.2883597348972417	0.26133223724083215	0.28835973489724176	0.27422790003630576	0.2742279000363058	0.2385211121251401	0.36310856763890226	0.3570652691716205	0.2883597348972418	0.3582472507573567	0.4768239075994264	0.35824725075735664	0.3631085676389023	0.35384794876119924	0.28835973489724187	0.4510410774071796	0.3570652691716204	0.35824725075735675	0.26117887331383904	0.2241162354057396	0.28835973489724187	0.41930784248437925	0.26133223724083093	0.2883597348972419	0.5060128335359958	0.35824725075735675	0.3740013594271052	0.3582472507573567	0.28835973489724204	0.35824725075735664	0.3767537210433329	0.3695238156542416	0.35384794876119935	0.28835973489724204	0.4456963913508963	0.35824725075735664	0.2883597348972421	0.2883597348972421	0.2583519045592475	0.5099610800784593	0.506012833535996	0.22232245432359152	0.36286039759118005	0.36286039759118005	0.32671208431041043	0.23852111212514027	0.2241162354057389	0.6416665533031942	0.41235194756165977	0.21009734002214672	0.35824725075735664	0.27399309421319407	1.971238338250362e-08	0.21009734002214664	0.7200588568326558	0.7112069027441208	0.7058726428325847	0.7112069027441208	0.703793996637999	0.7058726428325846	0.7218651607160749	0.7112069027441208	0.7112069027441208	0.7112069027441208	0.5914297591223876	0.7112069027441208	0.5791500833383123	0.6019681354568596	0.6018364760823551	0.6809224117669523	0.5791500833383123	0.703793996637999	0.7012092174135729	0.7024434007600059	0.6062788972197104	0.6021695489971449	0.6261860016018842	0.6062788972197104	0.723787444135722	0.7012092174135729	0.7037939966379992	0.7112069027441209	0.7012092174135729	0.7112069027441208	0.7186868102670894	0.702443400760006	0.7112069027441208	0.7024434007600059	0.7112069027441208	0.7037939966379992	0.701209217413573	0.7037939966379992	0.7794358693420465	0.608325188056682	0.7112069027441209	0.7090087509311989	0.7205011698545838	0.6021695489971449	0.7024434007600059	0.7012092174135731	0.7037939966379994	0.2883597348972425	0.26129433063114604	0.2883597348972425	0.28835973489724265	0.0	0.35824725075735697	0.6062788972197104	0.6062788972197104	0.6062788972197104	0.3582472507573571	0.2883597348972425	0.7037939966379992	1.144777425901676
C_WI208_18	0.42891096637321036	0.4509978620621919	0.24088293309820386	0.08794616702313372	0.21349808495655298	0.1701376945069905	0.20207752989089925	0.2811739380959867	0.1701376945069906	1.4901161193847656e-08	0.728580023069109	0.24281993705966798	0.1701376945069904	0.17013769450699065	0.17013769450699023	0.1761908415941114	0.3626177657660681	0.044595832142046994	0.10188711214107413	0.08794616702313274	1.4427987285731051e-08	0.28117393809598706	0.28117393809598706	0.184784713604516	0.17013769450699032	0.17411729555916372	0.2811739380959869	0.1847847136045159	0.17013769450699073	0.17013769450699043	0.1847847136045163	0.1701376945069905	0.17013769450699065	0.47474054978542546	0.27995099042832616	0.4878246330617656	0.15751197258368047	0.044595832142045634	1.148211584048155e-08	0.17013769450699046	0.21349808495655323	0.1701376945069905	0.1832386219247533	0.1832386219247535	0.2811739380959871	0.09235559928075751	0.04459583214204489	0.17013769450699073	1.1175870895385742e-08	0.24062345927825873	1.0860994262332657e-08	0.0923555992807579	0.19566550507295338	0.17013769450699087	0.1710376730785078	0.044595832142044586	1.148211584048155e-08	0.2169752311134674	0.28859426449167513	0.1701376945069909	0.37866135218575114	0.2134980849565516	0.17013769450699087	0.6120107482849353	1.148211584048155e-08	0.20876079906248174	1.1175870895385742e-08	0.17013769450699107	1.1780402288468106e-08	0.15628398218368156	0.2117167090494776	0.19566550507295358	0.17013769450699107	0.30057393178575076	1.1780402288468106e-08	0.17013769450699107	0.1701376945069911	0.23206188248862855	0.28202707631699514	0.6120107482849356	0.29132755093695983	0.08794616702313297	0.0879461670231329	0.3574107371425795	0.2811739380959877	0.28859426449167463	0.7218155492784514	0.20207752989089947	0.29157937122750993	1.148211584048155e-08	0.18478471360451867	0.3582472507573575	0.29157937122750993	0.46904797528640074	0.4289109663732089	0.43474556339866965	0.42891096637320886	0.4597026693801167	0.43474556339866943	0.47057557723936416	0.4289109663732089	0.42891096637320886	0.4289109663732089	0.4027561968025339	0.4289109663732089	0.36446913497688466	0.44218430284004717	0.4421145897611337	0.44926320665830943	0.3644691349768847	0.4597026693801167	0.45099786206219045	0.44431459524372807	0.45263317682573545	0.4344777551651586	0.481652189591042	0.45263317682573534	0.4813213195315076	0.45099786206219034	0.4597026693801168	0.42891096637320886	0.45099786206219034	0.4289109663732089	0.47278445567738925	0.44431459524372796	0.42891096637320875	0.44431459524372796	0.4289109663732088	0.4597026693801169	0.4509978620621904	0.4597026693801168	0.5367540259354082	0.4187983424979483	0.42891096637320886	0.47695567657791804	0.4755648162726309	0.4344777551651585	0.44431459524372785	0.45099786206219034	0.4597026693801169	0.17013769450699118	0.2160673422554379	0.17013769450699118	0.1701376945069914	0.35824725075735697	0.0	0.4526331768257351	0.4526331768257351	0.4526331768257352	7.90253409579263e-09	0.17013769450699134	0.45970266938011684	0.8773628398644132
S_MN002_18	0.37763013863655565	0.30556365690014897	0.4055236236351661	0.4328928428830059	0.47136587336925145	0.48083253941685083	0.3600192623153432	0.46603167022533937	0.4808325394168508	0.45263317682573506	0.6145090711295341	0.5341780086215709	0.4808325394168507	0.4808325394168508	0.4808325394168506	0.4836429155925592	0.43812141647680586	0.444976422220786	0.4261464953303067	0.4328928428830056	0.452633176825735	0.4660316702253397	0.46603167022533964	0.4670875382660119	0.48083253941685067	0.4754259562465903	0.4660316702253396	0.46708753826601185	0.48083253941685083	0.4808325394168508	0.46708753826601207	0.4808325394168508	0.4808325394168508	0.5865311945369441	0.4927706014404719	0.5975919607472171	0.4236956905891129	0.4449764222207858	0.45263317682573484	0.4808325394168508	0.4713658733692514	0.48083253941685083	0.46591465120519954	0.46591465120519965	0.46603167022533987	0.43872438767689664	0.44497642222078576	0.4808325394168509	0.45263317682573484	0.37360864559020107	0.45263317682573484	0.4387243876768967	0.46424354498495324	0.480832539416851	0.43458580322464596	0.44497642222078576	0.45263317682573484	0.4579687549391354	0.49945230025550097	0.480832539416851	0.590011156654231	0.4713658733692508	0.48083253941685106	0.7208994954556811	0.45263317682573484	0.516472973652803	0.4526331768257348	0.48083253941685117	0.45263317682573484	0.39891242402599053	0.5022966576794387	0.4642435449849534	0.48083253941685117	0.4892578973090275	0.45263317682573484	0.4808325394168512	0.4808325394168512	0.4931941184569414	0.4449952221940406	0.7208994954556815	0.4924345641058732	0.4328928428830057	0.4328928428830057	0.43601427596305214	0.4660316702253403	0.4994523002555007	0.8896732227526821	0.3600192623153431	0.4897546151303973	0.45263317682573484	0.46708753826601324	0.6062788972197105	0.4897546151303973	0.39191361008072306	0.37763013863655337	0.3381436348757649	0.3776301386365533	0.303964154165481	0.33814363487576454	0.3806551623511778	0.37763013863655337	0.37763013863655337	0.3776301386365535	0.186848343734529	0.37763013863655326	0.26057013407776447	0.09166739797096551	0.09137850331005426	0.3827179292826077	0.2605701340777646	0.30396415416548095	0.3055636569001459	0.3192864005889826	1.4901161193847656e-08	0.16739868327798899	0.12920007605472505	1.3938759963117321e-08	0.36524346176594163	0.3055636569001459	0.30396415416548117	0.3776301386365534	0.3055636569001459	0.3776301386365535	0.33455227099268836	0.3192864005889827	0.3776301386365533	0.3192864005889827	0.37763013863655337	0.3039641541654813	0.30556365690014614	0.30396415416548117	0.4948641092986794	0.2274387749293642	0.3776301386365536	0.33896908696745043	0.3377769192901459	0.16739868327798899	0.31928640058898267	0.3055636569001461	0.30396415416548134	0.48083253941685145	0.47765987047830244	0.48083253941685145	0.4808325394168515	0.6062788972197104	0.4526331768257351	0.0	7.450580596923828e-09	7.450580596923828e-09	0.4526331768257353	0.4808325394168515	0.3039641541654811	0.8151825089198983
S_MN003_18	0.3776301386365556	0.30556365690014886	0.40552362363516603	0.43289284288300584	0.47136587336925145	0.48083253941685083	0.3600192623153432	0.4660316702253393	0.4808325394168507	0.452633176825735	0.6145090711295341	0.5341780086215709	0.4808325394168507	0.48083253941685083	0.4808325394168506	0.4836429155925592	0.4381214164768058	0.444976422220786	0.4261464953303067	0.4328928428830057	0.45263317682573495	0.46603167022533964	0.46603167022533964	0.4670875382660119	0.4808325394168506	0.4754259562465903	0.4660316702253396	0.46708753826601185	0.4808325394168508	0.4808325394168508	0.46708753826601207	0.4808325394168508	0.4808325394168508	0.5865311945369441	0.49277060144047186	0.5975919607472171	0.4236956905891129	0.4449764222207858	0.45263317682573484	0.4808325394168508	0.4713658733692514	0.4808325394168508	0.46591465120519954	0.46591465120519965	0.4660316702253398	0.43872438767689664	0.44497642222078576	0.4808325394168509	0.45263317682573484	0.37360864559020107	0.45263317682573484	0.43872438767689664	0.46424354498495324	0.480832539416851	0.43458580322464596	0.4449764222207857	0.45263317682573484	0.4579687549391354	0.4994523002555009	0.480832539416851	0.590011156654231	0.47136587336925084	0.48083253941685106	0.7208994954556811	0.4526331768257348	0.516472973652803	0.4526331768257348	0.48083253941685117	0.45263317682573484	0.39891242402599053	0.5022966576794387	0.4642435449849534	0.48083253941685117	0.48925789730902747	0.45263317682573484	0.4808325394168512	0.4808325394168512	0.49319411845694133	0.4449952221940406	0.7208994954556815	0.4924345641058732	0.4328928428830057	0.4328928428830057	0.43601427596305214	0.46603167022534026	0.4994523002555007	0.8896732227526821	0.36001926231534315	0.48975461513039725	0.4526331768257348	0.4670875382660132	0.6062788972197105	0.4897546151303973	0.391913610080723	0.37763013863655326	0.3381436348757648	0.3776301386365533	0.30396415416548095	0.33814363487576454	0.3806551623511778	0.3776301386365533	0.3776301386365533	0.37763013863655337	0.18684834373452894	0.37763013863655326	0.26057013407776447	0.09166739797096558	0.09137850331005418	0.38271792928260767	0.26057013407776447	0.30396415416548095	0.3055636569001459	0.3192864005889826	1.3421772051438123e-08	0.16739868327798899	0.12920007605472483	1.3938759963117321e-08	0.36524346176594163	0.3055636569001459	0.3039641541654811	0.3776301386365535	0.305563656900146	0.37763013863655337	0.33455227099268836	0.3192864005889827	0.3776301386365533	0.3192864005889826	0.37763013863655337	0.3039641541654812	0.30556365690014603	0.30396415416548117	0.4948641092986794	0.22743877492936418	0.37763013863655354	0.3389690869674504	0.33777691929014586	0.16739868327798907	0.3192864005889827	0.30556365690014603	0.3039641541654814	0.48083253941685145	0.4776598704783025	0.4808325394168514	0.48083253941685145	0.6062788972197104	0.4526331768257351	7.450580596923828e-09	0.0	5.268356063861754e-09	0.45263317682573523	0.4808325394168515	0.3039641541654811	0.8151825089198984
S_MN015_18	0.37763013863655565	0.30556365690014886	0.4055236236351661	0.4328928428830059	0.47136587336925145	0.48083253941685083	0.36001926231534326	0.46603167022533937	0.4808325394168508	0.45263317682573506	0.6145090711295341	0.5341780086215709	0.4808325394168507	0.48083253941685083	0.4808325394168506	0.48364291559255923	0.43812141647680586	0.444976422220786	0.4261464953303067	0.4328928428830057	0.452633176825735	0.46603167022533964	0.46603167022533964	0.46708753826601196	0.48083253941685067	0.4754259562465903	0.4660316702253396	0.46708753826601185	0.48083253941685083	0.4808325394168508	0.46708753826601207	0.4808325394168508	0.48083253941685083	0.5865311945369441	0.49277060144047186	0.5975919607472171	0.42369569058911283	0.44497642222078587	0.45263317682573484	0.4808325394168508	0.4713658733692514	0.48083253941685083	0.46591465120519954	0.46591465120519965	0.4660316702253398	0.43872438767689664	0.44497642222078576	0.4808325394168509	0.45263317682573484	0.3736086455902011	0.4526331768257349	0.4387243876768967	0.46424354498495324	0.480832539416851	0.43458580322464596	0.44497642222078576	0.45263317682573484	0.4579687549391354	0.4994523002555009	0.4808325394168511	0.590011156654231	0.47136587336925084	0.480832539416851	0.7208994954556811	0.45263317682573484	0.516472973652803	0.45263317682573484	0.48083253941685117	0.45263317682573484	0.39891242402599053	0.5022966576794387	0.4642435449849534	0.48083253941685117	0.48925789730902747	0.45263317682573484	0.4808325394168512	0.4808325394168512	0.49319411845694133	0.4449952221940406	0.7208994954556815	0.4924345641058732	0.4328928428830058	0.4328928428830058	0.43601427596305214	0.46603167022534026	0.4994523002555007	0.8896732227526821	0.3600192623153431	0.4897546151303973	0.4526331768257348	0.46708753826601324	0.6062788972197105	0.4897546151303973	0.39191361008072306	0.37763013863655337	0.3381436348757649	0.37763013863655337	0.303964154165481	0.33814363487576454	0.38065516235117774	0.37763013863655337	0.37763013863655337	0.3776301386365535	0.18684834373452894	0.3776301386365533	0.26057013407776447	0.09166739797096543	0.09137850331005418	0.38271792928260767	0.2605701340777646	0.30396415416548095	0.305563656900146	0.3192864005889826	1.3938759963117321e-08	0.16739868327798899	0.12920007605472483	1.3421772051438123e-08	0.3652434617659416	0.30556365690014586	0.30396415416548117	0.3776301386365535	0.3055636569001459	0.3776301386365535	0.33455227099268847	0.3192864005889827	0.37763013863655337	0.31928640058898267	0.37763013863655337	0.3039641541654812	0.30556365690014614	0.3039641541654812	0.49486410929867947	0.22743877492936423	0.37763013863655354	0.3389690869674504	0.33777691929014586	0.16739868327798899	0.31928640058898267	0.30556365690014603	0.3039641541654813	0.48083253941685145	0.4776598704783025	0.48083253941685145	0.48083253941685145	0.6062788972197104	0.4526331768257352	7.450580596923828e-09	5.268356063861754e-09	0.0	0.45263317682573523	0.4808325394168515	0.30396415416548106	0.8151825089198984
S_MN020_18	0.4289109663732103	0.45099786206219183	0.24088293309820372	0.08794616702313349	0.21349808495655323	0.17013769450699054	0.20207752989089933	0.2811739380959867	0.1701376945069905	1.5132200726561175e-08	0.728580023069109	0.24281993705966806	0.17013769450699043	0.17013769450699068	0.1701376945069902	0.17619084159411252	0.362617765766068	0.04459583214204657	0.10188711214107407	0.08794616702313293	1.4062121398199154e-08	0.28117393809598706	0.2811739380959871	0.18478471360451598	0.17013769450699037	0.17411729555916464	0.2811739380959869	0.18478471360451576	0.17013769450699082	0.17013769450699048	0.1847847136045162	0.1701376945069906	0.17013769450699073	0.4747405497854255	0.2799509904283263	0.48782463306176566	0.1575119725836803	0.04459583214204528	1.0860994262332657e-08	0.17013769450699046	0.21349808495655345	0.17013769450699057	0.18323862192475315	0.18323862192475332	0.2811739380959871	0.09235559928075775	0.0445958321420447	0.17013769450699073	1.1175870895385742e-08	0.24062345927825896	1.0860994262332657e-08	0.09235559928075808	0.19566550507295344	0.17013769450699082	0.1710376730785078	0.04459583214204446	1.148211584048155e-08	0.21697523111346742	0.2885942644916753	0.17013769450699096	0.3786613521857512	0.21349808495655184	0.1701376945069909	0.6120107482849353	1.148211584048155e-08	0.20876079906248163	1.1175870895385742e-08	0.17013769450699107	1.0860994262332657e-08	0.1562839821836814	0.2117167090494779	0.19566550507295363	0.17013769450699104	0.3005739317857508	1.148211584048155e-08	0.1701376945069911	0.17013769450699112	0.2320618824886282	0.2820270763169952	0.6120107482849356	0.29132755093695967	0.08794616702313317	0.08794616702313321	0.35741073714257965	0.2811739380959877	0.2885942644916748	0.7218155492784514	0.20207752989089958	0.29157937122751	1.0860994262332657e-08	0.1847847136045185	0.3582472507573577	0.29157937122751004	0.4690479752864008	0.42891096637320886	0.4347455633986696	0.4289109663732088	0.4597026693801167	0.4347455633986693	0.47057557723936405	0.42891096637320886	0.4289109663732088	0.4289109663732089	0.4027561968025339	0.42891096637320886	0.3644691349768847	0.4421843028400473	0.4421145897611337	0.44926320665830943	0.3644691349768847	0.4597026693801167	0.45099786206219045	0.44431459524372807	0.4526331768257355	0.43447775516515863	0.4816521895910419	0.45263317682573545	0.48132131953150753	0.4509978620621904	0.45970266938011684	0.4289109663732088	0.4509978620621904	0.4289109663732089	0.4727844556773895	0.444314595243728	0.4289109663732088	0.44431459524372796	0.4289109663732088	0.45970266938011684	0.45099786206219045	0.45970266938011684	0.5367540259354083	0.41879834249794834	0.4289109663732088	0.47695567657791804	0.47556481627263086	0.4344777551651586	0.4443145952437279	0.4509978620621904	0.45970266938011695	0.17013769450699126	0.2160673422554382	0.1701376945069912	0.1701376945069914	0.3582472507573571	7.90253409579263e-09	0.4526331768257353	0.45263317682573523	0.45263317682573523	0.0	0.17013769450699134	0.4597026693801169	0.8773628398644133
S_MN023_18	0.5587895464274307	0.5338509572994041	0.24623138929749872	0.17822563638993585	0.11910873118483267	1.235539015514925e-08	0.2150071569205314	0.2302712736489569	1.623816394634796e-08	0.17013769450699123	0.797191917522632	0.12979150567987893	1.235539015514925e-08	1.5359765386647212e-08	1.1780402288468106e-08	0.013241322027084858	0.32344710302321417	0.16953198141284428	0.17473165569360335	0.17822563638993483	0.1701376945069912	0.23027127364895705	0.23027127364895683	0.07727677542442356	1.235539015514925e-08	0.039652550325636	0.2302712736489566	0.07727677542442302	1.666000468656264e-08	1.4427987285731051e-08	0.07727677542442368	1.4427987285731051e-08	1.1780402288468106e-08	0.38393356223432584	0.28410572360724073	0.39642115961754165	0.21582184529077744	0.16953198141284406	0.17013769450699118	1.0856291511554625e-08	0.11910873118483291	9.85619169125181e-09	0.07145978065630686	0.07145978065630715	0.2302712736489566	0.17848828802582573	0.169531981412844	9.125060374972142e-09	0.1701376945069912	0.28196403889272376	0.1701376945069912	0.17848828802582595	0.14960994969166178	9.125060374972142e-09	0.2528303090660876	0.16953198141284392	0.17013769450699132	0.13023186830483194	0.2215523550715809	9.125060374972142e-09	0.2570589084488544	0.11910873118482947	1.0536712127723509e-08	0.49432985600872326	0.17013769450699137	0.23575490736269072	0.17013769450699134	1.1175870895385742e-08	0.1701376945069913	0.20295439126100454	0.23295040712789816	0.14960994969166183	1.0536712127723509e-08	0.2989527070721796	0.17013769450699132	1.235539015514925e-08	1.235539015514925e-08	0.1360623901011653	0.32068002580360255	0.4943298560087235	0.23945022579235958	0.17822563638993535	0.17822563638993533	0.3246391036628378	0.23027127364895683	0.22155235507157986	0.5900669533088058	0.21500715692053168	0.2373945877274758	0.17013769450699143	0.07727677542442733	0.28835973489724354	0.23739458772747585	0.5933299036839798	0.5587895464274295	0.5414246022659575	0.5587895464274295	0.5363005004359688	0.5414246022659573	0.568490177536153	0.5587895464274295	0.5587895464274295	0.5587895464274296	0.42944553168063493	0.5587895464274295	0.3908367533845511	0.47087358879353225	0.47036277901048945	0.5310399111782291	0.3908367533845511	0.5363005004359688	0.5338509572994035	0.5350797314882325	0.48083253941685167	0.46129748344478205	0.5069820131821863	0.48083253941685167	0.5675656342974348	0.5338509572994034	0.5363005004359688	0.5587895464274295	0.5338509572994032	0.5587895464274295	0.5581077546101441	0.5350797314882323	0.5587895464274294	0.5350797314882323	0.5587895464274295	0.5363005004359688	0.5338509572994034	0.5363005004359687	0.6627988662372838	0.44653294805196925	0.5587895464274295	0.563815960418871	0.5607423279501363	0.46129748344478183	0.5350797314882322	0.5338509572994034	0.5363005004359689	7.450580596923828e-09	0.1269896274060585	8.33000234328132e-09	1.019645190948766e-08	0.2883597348972425	0.17013769450699134	0.4808325394168515	0.4808325394168515	0.4808325394168515	0.17013769450699134	0.0	0.5363005004359688	0.9354065638401284
S_MN024_18	0.23401822997066918	0.06921403890606156	0.4257330140178523	0.43989864381329186	0.5467752825997454	0.5363005004359686	0.3763582111488475	0.5748579527395346	0.5363005004359687	0.45970266938011656	0.5214669520808193	0.5840902295349495	0.5363005004359686	0.5363005004359686	0.5363005004359684	0.539595011313017	0.5522382671598018	0.4520729926073003	0.4345400575460598	0.4398986438132915	0.45970266938011667	0.5748579527395346	0.5748579527395347	0.538080343601952	0.5363005004359686	0.5369813830318448	0.5748579527395346	0.5380803436019521	0.5363005004359687	0.5363005004359687	0.5380803436019521	0.5363005004359687	0.5363005004359686	0.7736687027877384	0.4798569158263192	0.7826118410461415	0.43529643879825913	0.45207299260730016	0.4597026693801166	0.5363005004359686	0.5467752825997457	0.5363005004359686	0.5389726188803353	0.5389726188803353	0.5748579527395346	0.44705889828013107	0.45207299260730016	0.5363005004359687	0.45970266938011667	0.38461252590309386	0.45970266938011667	0.4470588982801312	0.5199287485609337	0.5363005004359687	0.4376323162160852	0.45207299260730016	0.45970266938011667	0.5479013710624446	0.6139047894087516	0.5363005004359687	0.643968157925836	0.5467752825997451	0.5363005004359687	0.9217704706859281	0.45970266938011667	0.49444557119233495	0.45970266938011667	0.5363005004359687	0.45970266938011667	0.41086637322943864	0.48111489159837284	0.5199287485609337	0.5363005004359687	0.5129846347336026	0.45970266938011667	0.5363005004359687	0.5363005004359687	0.5640953677990783	0.45492280720131734	0.9217704706859284	0.5988384622578169	0.4398986438132917	0.4398986438132917	0.5451564369341471	0.5748579527395347	0.6139047894087514	0.9758548589189263	0.37635821114884754	0.5939114929449354	0.4597026693801167	0.5380803436019528	0.7037939966379998	0.5939114929449354	0.2781332680756685	0.2340182299706659	0.16710292761887313	0.23401822997066576	1.747316032582309e-08	0.16710292761887258	0.23807823917675813	0.2340182299706658	0.23401822997066574	0.234018229970666	0.3032062256002673	0.2340182299706658	0.3163216096483699	0.30059737256269753	0.3043752479357351	0.22715027012625758	0.3163216096483699	1.7066582506192867e-08	0.06921403890605143	0.1280133930844527	0.3039641541654814	0.31697939309254547	0.33785967766753083	0.3039641541654814	0.18230614413502313	0.06921403890605103	1.580506819158526e-08	0.23401822997066568	0.06921403890605124	0.234018229970666	0.18905681460591875	0.12801339308445223	0.2340182299706659	0.12801339308445212	0.23401822997066585	1.580506819158526e-08	0.06921403890605084	1.3421772051438123e-08	0.3215528459940276	0.33136609481314555	0.23401822997066582	0.1954921979692965	0.18985728237022448	0.3169793930925453	0.12801339308445206	0.06921403890605113	1.2342593214113514e-08	0.5363005004359688	0.562651905858679	0.5363005004359687	0.5363005004359687	0.7037939966379992	0.45970266938011684	0.3039641541654811	0.3039641541654811	0.30396415416548106	0.4597026693801169	0.5363005004359688	0.0	0.6654806200002367
S_MN026_18	0.7071608057240856	0.6656359764634052	0.8006742182790741	0.8734549251697341	0.9668034147236181	0.9354065638401282	0.785455113385483	1.094610470685739	0.9354065638401283	0.8773628398644131	0.4733191498414675	0.9567679412557614	0.9354065638401283	0.9354065638401283	0.9354065638401282	0.9381199571684542	1.0988208721541044	0.8759137722152901	0.8713599908978017	0.8734549251697339	0.8773628398644131	1.0946104706857387	1.094610470685739	0.953001337916878	0.9354065638401282	0.9416933446268139	1.0946104706857387	0.953001337916878	0.9354065638401282	0.9354065638401283	0.9530013379168781	0.9354065638401283	0.9354065638401282	1.1763529309093734	0.8269404899061065	1.175565179240338	0.8719104990886286	0.8759137722152901	0.8773628398644131	0.9354065638401283	0.9668034147236183	0.9354065638401283	0.9566521863961645	0.9566521863961645	1.0946104706857387	0.8739192134417566	0.8759137722152901	0.9354065638401283	0.8773628398644131	0.8559027725919951	0.8773628398644131	0.8739192134417567	0.9309312282632773	0.9354065638401283	0.8693298781092796	0.8759137722152901	0.8773628398644131	0.9930572942244135	1.106482679614112	0.9354065638401283	0.9988304796002836	0.966803414723618	0.9354065638401283	1.2544938709102658	0.8773628398644131	0.8923875161800578	0.8773628398644131	0.9354065638401283	0.8773628398644131	0.8661603496790544	0.8900699027362271	0.9309312282632773	0.9354065638401283	0.8285305431456562	0.8773628398644132	0.9354065638401283	0.9354065638401283	0.975085856019069	0.866355371252202	1.2544938709102658	1.102214971812604	0.873454925169734	0.873454925169734	1.0947745039702819	1.094610470685739	1.1064826796141118	1.2362063241768222	0.785455113385483	1.1018888202040475	0.8773628398644132	0.9530013379168786	1.1447774259016763	1.1018888202040473	0.7144892910478668	0.7071608057240846	0.6791395945934089	0.7071608057240846	0.6654806200002366	0.6791395945934088	0.7126690807561337	0.7071608057240846	0.7071608057240846	0.7071608057240846	0.7885335845937083	0.7071608057240846	0.7663034337853608	0.8070696883913908	0.8085989067190088	0.7303772489788551	0.7663034337853608	0.6654806200002367	0.6656359764634043	0.672854290937068	0.8151825089198983	0.804749860277418	0.814423095943403	0.8151825089198983	0.682604625332234	0.6656359764634043	0.6654806200002366	0.7071608057240846	0.6656359764634043	0.7071608057240846	0.6673953234053378	0.672854290937068	0.7071608057240846	0.672854290937068	0.7071608057240846	0.6654806200002368	0.6656359764634046	0.6654806200002368	0.7365105397267759	0.7929099248491175	0.7071608057240846	0.6748865315765531	0.6668101324115087	0.804749860277418	0.672854290937068	0.6656359764634044	0.6654806200002368	0.9354065638401284	0.9904109423162684	0.9354065638401284	0.9354065638401284	1.144777425901676	0.8773628398644132	0.8151825089198983	0.8151825089198984	0.8151825089198984	0.8773628398644133	0.9354065638401284	0.6654806200002367	0.0
